Workbook

Sheet merged_clean
A1: Product | B1: Machine | C1: Level | D1: Time normal (min) | E1: Time mastered (min) | F1: Time in hayday.info (min) | G1: hayday.info time basis | H1: Sell price | I1: Sell price (Fandom, if different) | J1: XP | K1: XP (Fandom, if different) | L1: Profit/hr (site) | M1: XP/hr (site) | N1: Flag | O1: Found in | P1: Status | Q1: Conflict fields | R1: Source | S1: Fandom page
A2: Egg | B2: Animal Products | C2: 1 | F2: 20 | G2: =IF(OR(F2="",AND(D2="",E2="")),"n/a",IF(F2=E2,"mastered",IF(F2=D2,"normal","differs"))) -> n/a | H2: 18 | J2: 2 | L2: 33 | M2: 6 | N2: =IF(L2="","",IF(L2<0,"negative profit",IF(L2>Notes!$B$4,"unusually high - verify",""))) | O2: hayday.info | P2: =IF(O2<>"both",O2&" only",IF(Q2="","agree","conflict")) -> hayday.info only | Q2: =IF(O2="both",TRIM(IF(I2<>"","price ","")&IF(K2<>"","xp ","")&IF(G2="differs","time","")),"") | R2: hayday.info /api/production-data only
A3: Milk | B3: Animal Products | C3: 6 | F3: 60 | G3: =IF(OR(F3="",AND(D3="",E3="")),"n/a",IF(F3=E3,"mastered",IF(F3=D3,"normal","differs"))) -> n/a | H3: 32 | J3: 3 | L3: 18 | M3: 3 | N3: =IF(L3="","",IF(L3<0,"negative profit",IF(L3>Notes!$B$4,"unusually high - verify",""))) | O3: hayday.info | P3: =IF(O3<>"both",O3&" only",IF(Q3="","agree","conflict")) -> hayday.info only | Q3: =IF(O3="both",TRIM(IF(I3<>"","price ","")&IF(K3<>"","xp ","")&IF(G3="differs","time","")),"") | R3: hayday.info /api/production-data only
A4: Bacon | B4: Animal Products | C4: 10 | F4: 240 | G4: =IF(OR(F4="",AND(D4="",E4="")),"n/a",IF(F4=E4,"mastered",IF(F4=D4,"normal","differs"))) -> n/a | H4: 50 | J4: 5 | L4: -2.5 | M4: 1.25 | N4: =IF(L4="","",IF(L4<0,"negative profit",IF(L4>Notes!$B$4,"unusually high - verify",""))) -> negative profit | O4: hayday.info | P4: =IF(O4<>"both",O4&" only",IF(Q4="","agree","conflict")) -> hayday.info only | Q4: =IF(O4="both",TRIM(IF(I4<>"","price ","")&IF(K4<>"","xp ","")&IF(G4="differs","time","")),"") | R4: hayday.info /api/production-data only
A5: Wool | B5: Animal Products | C5: 16 | F5: 360 | G5: =IF(OR(F5="",AND(D5="",E5="")),"n/a",IF(F5=E5,"mastered",IF(F5=D5,"normal","differs"))) -> n/a | H5: 54 | J5: 5 | L5: -0.83333333 | M5: 0.83333333 | N5: =IF(L5="","",IF(L5<0,"negative profit",IF(L5>Notes!$B$4,"unusually high - verify",""))) -> negative profit | O5: hayday.info | P5: =IF(O5<>"both",O5&" only",IF(Q5="","agree","conflict")) -> hayday.info only | Q5: =IF(O5="both",TRIM(IF(I5<>"","price ","")&IF(K5<>"","xp ","")&IF(G5="differs","time","")),"") | R5: hayday.info /api/production-data only
A6: Goat Milk | B6: Animal Products | C6: 32 | F6: 480 | G6: =IF(OR(F6="",AND(D6="",E6="")),"n/a",IF(F6=E6,"mastered",IF(F6=D6,"normal","differs"))) -> n/a | H6: 64 | J6: 6 | L6: -1.25 | M6: 0.75 | N6: =IF(L6="","",IF(L6<0,"negative profit",IF(L6>Notes!$B$4,"unusually high - verify",""))) -> negative profit | O6: hayday.info | P6: =IF(O6<>"both",O6&" only",IF(Q6="","agree","conflict")) -> hayday.info only | Q6: =IF(O6="both",TRIM(IF(I6<>"","price ","")&IF(K6<>"","xp ","")&IF(G6="differs","time","")),"") | R6: hayday.info /api/production-data only
A7: Bread | B7: Bakery | C7: 2 | D7: 5 | E7: 4 | F7: 4 | G7: =IF(OR(F7="",AND(D7="",E7="")),"n/a",IF(F7=E7,"mastered",IF(F7=D7,"normal","differs"))) -> mastered | H7: 21 | J7: 3 | L7: 169.41176 | M7: 42.352941 | N7: =IF(L7="","",IF(L7<0,"negative profit",IF(L7>Notes!$B$4,"unusually high - verify",""))) | O7: both | P7: =IF(O7<>"both",O7&" only",IF(Q7="","agree","conflict")) -> agree | Q7: =IF(O7="both",TRIM(IF(I7<>"","price ","")&IF(K7<>"","xp ","")&IF(G7="differs","time","")),"") | R7: hayday.info (primary values) + Fandom (times, cross-check) | S7: https://hayday.fandom.com/wiki/Bakery
A8: Corn Bread | B8: Bakery | C8: 7 | D8: 30 | E8: 25 | F8: 25 | G8: =IF(OR(F8="",AND(D8="",E8="")),"n/a",IF(F8=E8,"mastered",IF(F8=D8,"normal","differs"))) -> mastered | H8: 72 | J8: 8 | L8: 51.764706 | M8: 18.823529 | N8: =IF(L8="","",IF(L8<0,"negative profit",IF(L8>Notes!$B$4,"unusually high - verify",""))) | O8: both | P8: =IF(O8<>"both",O8&" only",IF(Q8="","agree","conflict")) -> agree | Q8: =IF(O8="both",TRIM(IF(I8<>"","price ","")&IF(K8<>"","xp ","")&IF(G8="differs","time","")),"") | R8: hayday.info (primary values) + Fandom (times, cross-check) | S8: https://hayday.fandom.com/wiki/Bakery
A9: Cookie | B9: Bakery | C9: 10 | D9: 60 | E9: 51 | F9: 51 | G9: =IF(OR(F9="",AND(D9="",E9="")),"n/a",IF(F9=E9,"mastered",IF(F9=D9,"normal","differs"))) -> mastered | H9: 104 | J9: 13 | L9: 35.294118 | M9: 15.294118 | N9: =IF(L9="","",IF(L9<0,"negative profit",IF(L9>Notes!$B$4,"unusually high - verify",""))) | O9: both | P9: =IF(O9<>"both",O9&" only",IF(Q9="","agree","conflict")) -> agree | Q9: =IF(O9="both",TRIM(IF(I9<>"","price ","")&IF(K9<>"","xp ","")&IF(G9="differs","time","")),"") | R9: hayday.info (primary values) + Fandom (times, cross-check) | S9: https://hayday.fandom.com/wiki/Bakery
A10: Raspberry Muffin | B10: Bakery | C10: 19 | D10: 45 | E10: 38 | F10: 38 | G10: =IF(OR(F10="",AND(D10="",E10="")),"n/a",IF(F10=E10,"mastered",IF(F10=D10,"normal","differs"))) -> mastered | H10: 140 | J10: 17 | L10: 37.647059 | M10: 26.666667 | N10: =IF(L10="","",IF(L10<0,"negative profit",IF(L10>Notes!$B$4,"unusually high - verify",""))) | O10: both | P10: =IF(O10<>"both",O10&" only",IF(Q10="","agree","conflict")) -> agree | Q10: =IF(O10="both",TRIM(IF(I10<>"","price ","")&IF(K10<>"","xp ","")&IF(G10="differs","time","")),"") | R10: hayday.info (primary values) + Fandom (times, cross-check) | S10: https://hayday.fandom.com/wiki/Bakery
A11: Blackberry Muffin | B11: Bakery | C11: 26 | D11: 45 | E11: 38 | F11: 38 | G11: =IF(OR(F11="",AND(D11="",E11="")),"n/a",IF(F11=E11,"mastered",IF(F11=D11,"normal","differs"))) -> mastered | H11: 226 | J11: 27 | L11: 36.078431 | M11: 42.352941 | N11: =IF(L11="","",IF(L11<0,"negative profit",IF(L11>Notes!$B$4,"unusually high - verify",""))) | O11: both | P11: =IF(O11<>"both",O11&" only",IF(Q11="","agree","conflict")) -> agree | Q11: =IF(O11="both",TRIM(IF(I11<>"","price ","")&IF(K11<>"","xp ","")&IF(G11="differs","time","")),"") | R11: hayday.info (primary values) + Fandom (times, cross-check) | S11: https://hayday.fandom.com/wiki/Bakery
A12: Pizza | B12: Bakery | C12: 33 | D12: 15 | E12: 12 | F12: 12 | G12: =IF(OR(F12="",AND(D12="",E12="")),"n/a",IF(F12=E12,"mastered",IF(F12=D12,"normal","differs"))) -> mastered | H12: 190 | J12: 23 | L12: 89.411765 | M12: 108.23529 | N12: =IF(L12="","",IF(L12<0,"negative profit",IF(L12>Notes!$B$4,"unusually high - verify",""))) | O12: both | P12: =IF(O12<>"both",O12&" only",IF(Q12="","agree","conflict")) -> agree | Q12: =IF(O12="both",TRIM(IF(I12<>"","price ","")&IF(K12<>"","xp ","")&IF(G12="differs","time","")),"") | R12: hayday.info (primary values) + Fandom (times, cross-check) | S12: https://hayday.fandom.com/wiki/Bakery
A13: Spicy Pizza | B13: Bakery | C13: 37 | D13: 15 | E13: 12 | F13: 12 | G13: =IF(OR(F13="",AND(D13="",E13="")),"n/a",IF(F13=E13,"mastered",IF(F13=D13,"normal","differs"))) -> mastered | H13: 226 | J13: 27 | L13: 89.411765 | M13: 127.05882 | N13: =IF(L13="","",IF(L13<0,"negative profit",IF(L13>Notes!$B$4,"unusually high - verify",""))) | O13: both | P13: =IF(O13<>"both",O13&" only",IF(Q13="","agree","conflict")) -> agree | Q13: =IF(O13="both",TRIM(IF(I13<>"","price ","")&IF(K13<>"","xp ","")&IF(G13="differs","time","")),"") | R13: hayday.info (primary values) + Fandom (times, cross-check) | S13: https://hayday.fandom.com/wiki/Bakery
A14: Potato Bread | B14: Bakery | C14: 39 | D14: 45 | E14: 38 | F14: 38 | G14: =IF(OR(F14="",AND(D14="",E14="")),"n/a",IF(F14=E14,"mastered",IF(F14=D14,"normal","differs"))) -> mastered | H14: 284 | J14: 34 | L14: 40.784314 | M14: 53.333333 | N14: =IF(L14="","",IF(L14<0,"negative profit",IF(L14>Notes!$B$4,"unusually high - verify",""))) | O14: both | P14: =IF(O14<>"both",O14&" only",IF(Q14="","agree","conflict")) -> agree | Q14: =IF(O14="both",TRIM(IF(I14<>"","price ","")&IF(K14<>"","xp ","")&IF(G14="differs","time","")),"") | R14: hayday.info (primary values) + Fandom (times, cross-check) | S14: https://hayday.fandom.com/wiki/Bakery
A15: Frutti di Mare Pizza | B15: Bakery | C15: 45 | F15: 12 | G15: =IF(OR(F15="",AND(D15="",E15="")),"n/a",IF(F15=E15,"mastered",IF(F15=D15,"normal","differs"))) -> n/a | H15: 403 | J15: 48 | L15: 94.117647 | M15: 225.88235 | N15: =IF(L15="","",IF(L15<0,"negative profit",IF(L15>Notes!$B$4,"unusually high - verify",""))) | O15: hayday.info | P15: =IF(O15<>"both",O15&" only",IF(Q15="","agree","conflict")) -> hayday.info only | Q15: =IF(O15="both",TRIM(IF(I15<>"","price ","")&IF(K15<>"","xp ","")&IF(G15="differs","time","")),"") | R15: hayday.info /api/production-data only
A16: Gingerbread Cookie | B16: Bakery | C16: 86 | F16: 25 | G16: =IF(OR(F16="",AND(D16="",E16="")),"n/a",IF(F16=E16,"mastered",IF(F16=D16,"normal","differs"))) -> n/a | H16: 273 | J16: 33 | L16: 70.588235 | M16: 77.647059 | N16: =IF(L16="","",IF(L16<0,"negative profit",IF(L16>Notes!$B$4,"unusually high - verify",""))) | O16: hayday.info | P16: =IF(O16<>"both",O16&" only",IF(Q16="","agree","conflict")) -> hayday.info only | Q16: =IF(O16="both",TRIM(IF(I16<>"","price ","")&IF(K16<>"","xp ","")&IF(G16="differs","time","")),"") | R16: hayday.info /api/production-data only
A17: Banana Bread | B17: Bakery | C17: 91 | F17: 25 | G17: =IF(OR(F17="",AND(D17="",E17="")),"n/a",IF(F17=E17,"mastered",IF(F17=D17,"normal","differs"))) -> n/a | H17: 424 | J17: 50 | L17: 49.411765 | M17: 117.64706 | N17: =IF(L17="","",IF(L17<0,"negative profit",IF(L17>Notes!$B$4,"unusually high - verify",""))) | O17: hayday.info | P17: =IF(O17<>"both",O17&" only",IF(Q17="","agree","conflict")) -> hayday.info only | Q17: =IF(O17="both",TRIM(IF(I17<>"","price ","")&IF(K17<>"","xp ","")&IF(G17="differs","time","")),"") | R17: hayday.info /api/production-data only
A18: Macaroon | B18: Bakery | C18: 101 | F18: 30 | G18: =IF(OR(F18="",AND(D18="",E18="")),"n/a",IF(F18=E18,"mastered",IF(F18=D18,"normal","differs"))) -> n/a | H18: 421 | J18: 50 | L18: 38 | M18: 100 | N18: =IF(L18="","",IF(L18<0,"negative profit",IF(L18>Notes!$B$4,"unusually high - verify",""))) | O18: hayday.info | P18: =IF(O18<>"both",O18&" only",IF(Q18="","agree","conflict")) -> hayday.info only | Q18: =IF(O18="both",TRIM(IF(I18<>"","price ","")&IF(K18<>"","xp ","")&IF(G18="differs","time","")),"") | R18: hayday.info /api/production-data only
A19: Honey Soap | B19: Bath Kiosk | C19: 84 | F19: 51 | G19: =IF(OR(F19="",AND(D19="",E19="")),"n/a",IF(F19=E19,"mastered",IF(F19=D19,"normal","differs"))) -> n/a | H19: 327 | J19: 39 | L19: 27.058824 | M19: 45.882353 | N19: =IF(L19="","",IF(L19<0,"negative profit",IF(L19>Notes!$B$4,"unusually high - verify",""))) | O19: hayday.info | P19: =IF(O19<>"both",O19&" only",IF(Q19="","agree","conflict")) -> hayday.info only | Q19: =IF(O19="both",TRIM(IF(I19<>"","price ","")&IF(K19<>"","xp ","")&IF(G19="differs","time","")),"") | R19: hayday.info /api/production-data only
A20: Lemon Lotion | B20: Bath Kiosk | C20: 84 | F20: 63 | G20: =IF(OR(F20="",AND(D20="",E20="")),"n/a",IF(F20=E20,"mastered",IF(F20=D20,"normal","differs"))) -> n/a | H20: 403 | J20: 48 | L20: 31.058824 | M20: 45.176471 | N20: =IF(L20="","",IF(L20<0,"negative profit",IF(L20>Notes!$B$4,"unusually high - verify",""))) | O20: hayday.info | P20: =IF(O20<>"both",O20&" only",IF(Q20="","agree","conflict")) -> hayday.info only | Q20: =IF(O20="both",TRIM(IF(I20<>"","price ","")&IF(K20<>"","xp ","")&IF(G20="differs","time","")),"") | R20: hayday.info /api/production-data only
A21: Exfoliating Soap | B21: Bath Kiosk | C21: 93 | F21: 51 | G21: =IF(OR(F21="",AND(D21="",E21="")),"n/a",IF(F21=E21,"mastered",IF(F21=D21,"normal","differs"))) -> n/a | H21: 363 | J21: 43 | L21: 20 | M21: 50.588235 | N21: =IF(L21="","",IF(L21<0,"negative profit",IF(L21>Notes!$B$4,"unusually high - verify",""))) | O21: hayday.info | P21: =IF(O21<>"both",O21&" only",IF(Q21="","agree","conflict")) -> hayday.info only | Q21: =IF(O21="both",TRIM(IF(I21<>"","price ","")&IF(K21<>"","xp ","")&IF(G21="differs","time","")),"") | R21: hayday.info /api/production-data only
A22: Honey Face Mask | B22: Bath Kiosk | C22: 99 | F22: 76 | G22: =IF(OR(F22="",AND(D22="",E22="")),"n/a",IF(F22=E22,"mastered",IF(F22=D22,"normal","differs"))) -> n/a | H22: 320 | J22: 38 | L22: 29.019608 | M22: 29.803922 | N22: =IF(L22="","",IF(L22<0,"negative profit",IF(L22>Notes!$B$4,"unusually high - verify",""))) | O22: hayday.info | P22: =IF(O22<>"both",O22&" only",IF(Q22="","agree","conflict")) -> hayday.info only | Q22: =IF(O22="both",TRIM(IF(I22<>"","price ","")&IF(K22<>"","xp ","")&IF(G22="differs","time","")),"") | R22: hayday.info /api/production-data only
A23: Pancake | B23: BBQ Grill | C23: 9 | F23: 25 | G23: =IF(OR(F23="",AND(D23="",E23="")),"n/a",IF(F23=E23,"mastered",IF(F23=D23,"normal","differs"))) -> n/a | H23: 108 | J23: 13 | L23: 51.764706 | M23: 30.588235 | N23: =IF(L23="","",IF(L23<0,"negative profit",IF(L23>Notes!$B$4,"unusually high - verify",""))) | O23: hayday.info | P23: =IF(O23<>"both",O23&" only",IF(Q23="","agree","conflict")) -> hayday.info only | Q23: =IF(O23="both",TRIM(IF(I23<>"","price ","")&IF(K23<>"","xp ","")&IF(G23="differs","time","")),"") | R23: hayday.info /api/production-data only
A24: Bacon and Eggs | B24: BBQ Grill | C24: 11 | F24: 51 | G24: =IF(OR(F24="",AND(D24="",E24="")),"n/a",IF(F24=E24,"mastered",IF(F24=D24,"normal","differs"))) -> n/a | H24: 201 | J24: 24 | L24: 34.117647 | M24: 28.235294 | N24: =IF(L24="","",IF(L24<0,"negative profit",IF(L24>Notes!$B$4,"unusually high - verify",""))) | O24: hayday.info | P24: =IF(O24<>"both",O24&" only",IF(Q24="","agree","conflict")) -> hayday.info only | Q24: =IF(O24="both",TRIM(IF(I24<>"","price ","")&IF(K24<>"","xp ","")&IF(G24="differs","time","")),"") | R24: hayday.info /api/production-data only
A25: Hamburger | B25: BBQ Grill | C25: 18 | F25: 102 | G25: =IF(OR(F25="",AND(D25="",E25="")),"n/a",IF(F25=E25,"mastered",IF(F25=D25,"normal","differs"))) -> n/a | H25: 180 | J25: 22 | L25: 22.352941 | M25: 12.941176 | N25: =IF(L25="","",IF(L25<0,"negative profit",IF(L25>Notes!$B$4,"unusually high - verify",""))) | O25: hayday.info | P25: =IF(O25<>"both",O25&" only",IF(Q25="","agree","conflict")) -> hayday.info only | Q25: =IF(O25="both",TRIM(IF(I25<>"","price ","")&IF(K25<>"","xp ","")&IF(G25="differs","time","")),"") | R25: hayday.info /api/production-data only
A26: Fish Burger | B26: BBQ Grill | C26: 27 | F26: 102 | G26: =IF(OR(F26="",AND(D26="",E26="")),"n/a",IF(F26=E26,"mastered",IF(F26=D26,"normal","differs"))) -> n/a | H26: 226 | J26: 27 | L26: 23.529412 | M26: 15.882353 | N26: =IF(L26="","",IF(L26<0,"negative profit",IF(L26>Notes!$B$4,"unusually high - verify",""))) | O26: hayday.info | P26: =IF(O26<>"both",O26&" only",IF(Q26="","agree","conflict")) -> hayday.info only | Q26: =IF(O26="both",TRIM(IF(I26<>"","price ","")&IF(K26<>"","xp ","")&IF(G26="differs","time","")),"") | R26: hayday.info /api/production-data only
... A37: Fish Skewer | B37: BBQ Grill | C37: 96 | F37: 25 | G37: =IF(OR(F37="",AND(D37="",E37="")),"n/a",IF(F37=E37,"mastered",IF(F37=D37,"normal","differs"))) -> n/a | H37: 176 | J37: 21 | L37: 65.882353 | M37: 49.411765 | N37: =IF(L37="","",IF(L37<0,"negative profit",IF(L37>Notes!$B$4,"unusually high - verify",""))) | O37: hayday.info | P37: =IF(O37<>"both",O37&" only",IF(Q37="","agree","conflict")) -> hayday.info only | Q37: =IF(O37="both",TRIM(IF(I37<>"","price ","")&IF(K37<>"","xp ","")&IF(G37="differs","time","")),"") | R37: hayday.info /api/production-data only
A38: Carrot Cake | B38: Cake Oven | C38: 21 | D38: 90 | E38: 76 | F38: 76 | G38: =IF(OR(F38="",AND(D38="",E38="")),"n/a",IF(F38=E38,"mastered",IF(F38=D38,"normal","differs"))) -> mastered | H38: 165 | J38: 20 | L38: 29.019608 | M38: 15.686275 | N38: =IF(L38="","",IF(L38<0,"negative profit",IF(L38>Notes!$B$4,"unusually high - verify",""))) | O38: both | P38: =IF(O38<>"both",O38&" only",IF(Q38="","agree","conflict")) -> agree | Q38: =IF(O38="both",TRIM(IF(I38<>"","price ","")&IF(K38<>"","xp ","")&IF(G38="differs","time","")),"") | R38: hayday.info (primary values) + Fandom (times, cross-check) | S38: https://hayday.fandom.com/wiki/Cake_Oven
A39: Cream Cake | B39: Cake Oven | C39: 23 | D39: 180 | E39: 153 | F39: 153 | G39: =IF(OR(F39="",AND(D39="",E39="")),"n/a",IF(F39=E39,"mastered",IF(F39=D39,"normal","differs"))) -> mastered | H39: 219 | J39: 26 | L39: 40.784314 | M39: 10.196078 | N39: =IF(L39="","",IF(L39<0,"negative profit",IF(L39>Notes!$B$4,"unusually high - verify",""))) | O39: both | P39: =IF(O39<>"both",O39&" only",IF(Q39="","agree","conflict")) -> agree | Q39: =IF(O39="both",TRIM(IF(I39<>"","price ","")&IF(K39<>"","xp ","")&IF(G39="differs","time","")),"") | R39: hayday.info (primary values) + Fandom (times, cross-check) | S39: https://hayday.fandom.com/wiki/Cake_Oven
A40: Red Berry Cake | B40: Cake Oven | C40: 23 | D40: 60 | E40: 51 | F40: 51 | G40: =IF(OR(F40="",AND(D40="",E40="")),"n/a",IF(F40=E40,"mastered",IF(F40=D40,"normal","differs"))) -> mastered | H40: 255 | J40: 31 | L40: 27.058824 | M40: 36.470588 | N40: =IF(L40="","",IF(L40<0,"negative profit",IF(L40>Notes!$B$4,"unusually high - verify",""))) | O40: both | P40: =IF(O40<>"both",O40&" only",IF(Q40="","agree","conflict")) -> agree | Q40: =IF(O40="both",TRIM(IF(I40<>"","price ","")&IF(K40<>"","xp ","")&IF(G40="differs","time","")),"") | R40: hayday.info (primary values) + Fandom (times, cross-check) | S40: https://hayday.fandom.com/wiki/Cake_Oven
A41: Cheesecake | B41: Cake Oven | C41: 24 | D41: 240 | E41: 204 | F41: 204 | G41: =IF(OR(F41="",AND(D41="",E41="")),"n/a",IF(F41=E41,"mastered",IF(F41=D41,"normal","differs"))) -> mastered | H41: 284 | J41: 34 | L41: 17.058824 | M41: 10 | N41: =IF(L41="","",IF(L41<0,"negative profit",IF(L41>Notes!$B$4,"unusually high - verify",""))) | O41: both | P41: =IF(O41<>"both",O41&" only",IF(Q41="","agree","conflict")) -> agree | Q41: =IF(O41="both",TRIM(IF(I41<>"","price ","")&IF(K41<>"","xp ","")&IF(G41="differs","time","")),"") | R41: hayday.info (primary values) + Fandom (times, cross-check) | S41: https://hayday.fandom.com/wiki/Cake_Oven
A42: Strawberry Cake | B42: Cake Oven | C42: 35 | D42: 180 | E42: 153 | F42: 153 | G42: =IF(OR(F42="",AND(D42="",E42="")),"n/a",IF(F42=E42,"mastered",IF(F42=D42,"normal","differs"))) -> mastered | H42: 316 | J42: 38 | L42: 41.960784 | M42: 14.901961 | N42: =IF(L42="","",IF(L42<0,"negative profit",IF(L42>Notes!$B$4,"unusually high - verify",""))) | O42: both | P42: =IF(O42<>"both",O42&" only",IF(Q42="","agree","conflict")) -> agree | Q42: =IF(O42="both",TRIM(IF(I42<>"","price ","")&IF(K42<>"","xp ","")&IF(G42="differs","time","")),"") | R42: hayday.info (primary values) + Fandom (times, cross-check) | S42: https://hayday.fandom.com/wiki/Cake_Oven
A43: Chocolate Cake | B43: Cake Oven | C43: 36 | D43: 120 | E43: 102 | F43: 102 | G43: =IF(OR(F43="",AND(D43="",E43="")),"n/a",IF(F43=E43,"mastered",IF(F43=D43,"normal","differs"))) -> mastered | H43: 320 | J43: 38 | L43: 20 | M43: 22.352941 | N43: =IF(L43="","",IF(L43<0,"negative profit",IF(L43>Notes!$B$4,"unusually high - verify",""))) | O43: both | P43: =IF(O43<>"both",O43&" only",IF(Q43="","agree","conflict")) -> agree | Q43: =IF(O43="both",TRIM(IF(I43<>"","price ","")&IF(K43<>"","xp ","")&IF(G43="differs","time","")),"") | R43: hayday.info (primary values) + Fandom (times, cross-check) | S43: https://hayday.fandom.com/wiki/Cake_Oven
A44: Potato Feta Cake | B44: Cake Oven | C44: 38 | D44: 120 | E44: 102 | F44: 102 | G44: =IF(OR(F44="",AND(D44="",E44="")),"n/a",IF(F44=E44,"mastered",IF(F44=D44,"normal","differs"))) -> mastered | H44: 309 | J44: 37 | L44: 22.941176 | M44: 21.764706 | N44: =IF(L44="","",IF(L44<0,"negative profit",IF(L44>Notes!$B$4,"unusually high - verify",""))) | O44: both | P44: =IF(O44<>"both",O44&" only",IF(Q44="","agree","conflict")) -> agree | Q44: =IF(O44="both",TRIM(IF(I44<>"","price ","")&IF(K44<>"","xp ","")&IF(G44="differs","time","")),"") | R44: hayday.info (primary values) + Fandom (times, cross-check) | S44: https://hayday.fandom.com/wiki/Cake_Oven
A45: Honey Apple Cake | B45: Cake Oven | C45: 42 | D45: 200 | E45: 170 | F45: 170 | G45: =IF(OR(F45="",AND(D45="",E45="")),"n/a",IF(F45=E45,"mastered",IF(F45=D45,"normal","differs"))) -> mastered | H45: 482 | J45: 57 | L45: 19.058824 | M45: 20.117647 | N45: =IF(L45="","",IF(L45<0,"negative profit",IF(L45>Notes!$B$4,"unusually high - verify",""))) | O45: both | P45: =IF(O45<>"both",O45&" only",IF(Q45="","agree","conflict")) -> agree | Q45: =IF(O45="both",TRIM(IF(I45<>"","price ","")&IF(K45<>"","xp ","")&IF(G45="differs","time","")),"") | R45: hayday.info (primary values) + Fandom (times, cross-check) | S45: https://hayday.fandom.com/wiki/Cake_Oven
A46: Fancy Cake | B46: Cake Oven | C46: 54 | D46: 15 | E46: 12 | F46: 12 | G46: =IF(OR(F46="",AND(D46="",E46="")),"n/a",IF(F46=E46,"mastered",IF(F46=D46,"normal","differs"))) -> mastered | H46: 450 | J46: 49 | L46: 42.352941 | M46: 230.58824 | N46: =IF(L46="","",IF(L46<0,"negative profit",IF(L46>Notes!$B$4,"unusually high - verify",""))) | O46: both | P46: =IF(O46<>"both",O46&" only",IF(Q46="","agree","conflict")) -> agree | Q46: =IF(O46="both",TRIM(IF(I46<>"","price ","")&IF(K46<>"","xp ","")&IF(G46="differs","time","")),"") | R46: hayday.info (primary values) + Fandom (times, cross-check) | S46: https://hayday.fandom.com/wiki/Cake_Oven
A47: Pineapple Cake | B47: Cake Oven | C47: 65 | D47: 75 | E47: 63 | F47: 63 | G47: =IF(OR(F47="",AND(D47="",E47="")),"n/a",IF(F47=E47,"mastered",IF(F47=D47,"normal","differs"))) -> mastered | H47: 259 | J47: 31 | L47: 31.058824 | M47: 29.176471 | N47: =IF(L47="","",IF(L47<0,"negative profit",IF(L47>Notes!$B$4,"unusually high - verify",""))) | O47: both | P47: =IF(O47<>"both",O47&" only",IF(Q47="","agree","conflict")) -> agree | Q47: =IF(O47="both",TRIM(IF(I47<>"","price ","")&IF(K47<>"","xp ","")&IF(G47="differs","time","")),"") | R47: hayday.info (primary values) + Fandom (times, cross-check) | S47: https://hayday.fandom.com/wiki/Cake_Oven
A48: Lemon Cake | B48: Cake Oven | C48: 68 | D48: 150 | E48: 127 | F48: 127 | G48: =IF(OR(F48="",AND(D48="",E48="")),"n/a",IF(F48=E48,"mastered",IF(F48=D48,"normal","differs"))) -> mastered | H48: 896 | J48: 107 | L48: 21.176471 | M48: 50.352941 | N48: =IF(L48="","",IF(L48<0,"negative profit",IF(L48>Notes!$B$4,"unusually high - verify",""))) | O48: both | P48: =IF(O48<>"both",O48&" only",IF(Q48="","agree","conflict")) -> agree | Q48: =IF(O48="both",TRIM(IF(I48<>"","price ","")&IF(K48<>"","xp ","")&IF(G48="differs","time","")),"") | R48: hayday.info (primary values) + Fandom (times, cross-check) | S48: https://hayday.fandom.com/wiki/Cake_Oven
A49: Fruit Cake | B49: Cake Oven | C49: 89 | D49: 180 | E49: 153 | F49: 153 | G49: =IF(OR(F49="",AND(D49="",E49="")),"n/a",IF(F49=E49,"mastered",IF(F49=D49,"normal","differs"))) -> mastered | H49: 450 | J49: 54 | L49: 18.431373 | M49: 21.176471 | N49: =IF(L49="","",IF(L49<0,"negative profit",IF(L49>Notes!$B$4,"unusually high - verify",""))) | O49: both | P49: =IF(O49<>"both",O49&" only",IF(Q49="","agree","conflict")) -> agree | Q49: =IF(O49="both",TRIM(IF(I49<>"","price ","")&IF(K49<>"","xp ","")&IF(G49="differs","time","")),"") | R49: hayday.info (primary values) + Fandom (times, cross-check) | S49: https://hayday.fandom.com/wiki/Cake_Oven
A50: Chocolate Roll | B50: Cake Oven | C50: 95 | F50: 76 | G50: =IF(OR(F50="",AND(D50="",E50="")),"n/a",IF(F50=E50,"mastered",IF(F50=D50,"normal","differs"))) -> n/a | H50: 604 | J50: 72 | L50: 14.901961 | M50: 56.470588 | N50: =IF(L50="","",IF(L50<0,"negative profit",IF(L50>Notes!$B$4,"unusually high - verify",""))) | O50: hayday.info | P50: =IF(O50<>"both",O50&" only",IF(Q50="","agree","conflict")) -> hayday.info only | Q50: =IF(O50="both",TRIM(IF(I50<>"","price ","")&IF(K50<>"","xp ","")&IF(G50="differs","time","")),"") | R50: hayday.info /api/production-data only
A51: Strawberry Candle | B51: Candle Maker | C51: 48 | D51: 120 | E51: 102 | F51: 102 | G51: =IF(OR(F51="",AND(D51="",E51="")),"n/a",IF(F51=E51,"mastered",IF(F51=D51,"normal","differs"))) -> mastered | H51: 370 | J51: 44 | L51: 21.176471 | M51: 25.882353 | N51: =IF(L51="","",IF(L51<0,"negative profit",IF(L51>Notes!$B$4,"unusually high - verify",""))) | O51: both | P51: =IF(O51<>"both",O51&" only",IF(Q51="","agree","conflict")) -> agree | Q51: =IF(O51="both",TRIM(IF(I51<>"","price ","")&IF(K51<>"","xp ","")&IF(G51="differs","time","")),"") | R51: hayday.info (primary values) + Fandom (times, cross-check) | S51: https://hayday.fandom.com/wiki/Candle_Maker
A52: Raspberry Candle | B52: Candle Maker | C52: 52 | D52: 105 | E52: 89 | F52: 89 | G52: =IF(OR(F52="",AND(D52="",E52="")),"n/a",IF(F52=E52,"mastered",IF(F52=D52,"normal","differs"))) -> mastered | H52: 360 | J52: 43 | L52: 22.857143 | M52: 28.907563 | N52: =IF(L52="","",IF(L52<0,"negative profit",IF(L52>Notes!$B$4,"unusually high - verify",""))) | O52: both | P52: =IF(O52<>"both",O52&" only",IF(Q52="","agree","conflict")) -> agree | Q52: =IF(O52="both",TRIM(IF(I52<>"","price ","")&IF(K52<>"","xp ","")&IF(G52="differs","time","")),"") | R52: hayday.info (primary values) + Fandom (times, cross-check) | S52: https://hayday.fandom.com/wiki/Candle_Maker
A53: Lemon Candle | B53: Candle Maker | C53: 72 | D53: 135 | E53: 114 | F53: 114 | G53: =IF(OR(F53="",AND(D53="",E53="")),"n/a",IF(F53=E53,"mastered",IF(F53=D53,"normal","differs"))) -> mastered | H53: 457 | J53: 55 | L53: 19.346405 | M53: 28.75817 | N53: =IF(L53="","",IF(L53<0,"negative profit",IF(L53>Notes!$B$4,"unusually high - verify",""))) | O53: both | P53: =IF(O53<>"both",O53&" only",IF(Q53="","agree","conflict")) -> agree | Q53: =IF(O53="both",TRIM(IF(I53<>"","price ","")&IF(K53<>"","xp ","")&IF(G53="differs","time","")),"") | R53: hayday.info (primary values) + Fandom (times, cross-check) | S53: https://hayday.fandom.com/wiki/Candle_Maker
A54: Colorful Candles | B54: Candle Maker | C54: 84 | D54: 110 | E54: 93 | F54: 93 | G54: =IF(OR(F54="",AND(D54="",E54="")),"n/a",IF(F54=E54,"mastered",IF(F54=D54,"normal","differs"))) -> mastered | H54: 324 | J54: 39 | L54: 23.743316 | M54: 25.026738 | N54: =IF(L54="","",IF(L54<0,"negative profit",IF(L54>Notes!$B$4,"unusually high - verify",""))) | O54: both | P54: =IF(O54<>"both",O54&" only",IF(Q54="","agree","conflict")) -> agree | Q54: =IF(O54="both",TRIM(IF(I54<>"","price ","")&IF(K54<>"","xp ","")&IF(G54="differs","time","")),"") | R54: hayday.info (primary values) + Fandom (times, cross-check) | S54: https://hayday.fandom.com/wiki/Candle_Maker
A55: Floral Candle | B55: Candle Maker | C55: 95 | D55: 120 | E55: 102 | F55: 102 | G55: =IF(OR(F55="",AND(D55="",E55="")),"n/a",IF(F55=E55,"mastered",IF(F55=D55,"normal","differs"))) -> mastered | H55: 442 | J55: 53 | L55: 11.176471 | M55: 31.176471 | N55: =IF(L55="","",IF(L55<0,"negative profit",IF(L55>Notes!$B$4,"unusually high - verify",""))) | O55: both | P55: =IF(O55<>"both",O55&" only",IF(Q55="","agree","conflict")) -> agree | Q55: =IF(O55="both",TRIM(IF(I55<>"","price ","")&IF(K55<>"","xp ","")&IF(G55="differs","time","")),"") | R55: hayday.info (primary values) + Fandom (times, cross-check) | S55: https://hayday.fandom.com/wiki/Candle_Maker
A56: Caramel Apple | B56: Candy Machine | C56: 51 | D56: 120 | E56: 102 | F56: 102 | G56: =IF(OR(F56="",AND(D56="",E56="")),"n/a",IF(F56=E56,"mastered",IF(F56=D56,"normal","differs"))) -> mastered | H56: 255 | J56: 31 | L56: 21.176471 | M56: 18.235294 | N56: =IF(L56="","",IF(L56<0,"negative profit",IF(L56>Notes!$B$4,"unusually high - verify",""))) | O56: both | P56: =IF(O56<>"both",O56&" only",IF(Q56="","agree","conflict")) -> agree | Q56: =IF(O56="both",TRIM(IF(I56<>"","price ","")&IF(K56<>"","xp ","")&IF(G56="differs","time","")),"") | R56: hayday.info (primary values) + Fandom (times, cross-check) | S56: https://hayday.fandom.com/wiki/Candy_Machine
A57: Toffee | B57: Candy Machine | C57: 52 | D57: 90 | E57: 76 | F57: 76 | G57: =IF(OR(F57="",AND(D57="",E57="")),"n/a",IF(F57=E57,"mastered",IF(F57=D57,"normal","differs"))) -> mastered | H57: 176 | J57: 21 | L57: 32.156863 | M57: 16.470588 | N57: =IF(L57="","",IF(L57<0,"negative profit",IF(L57>Notes!$B$4,"unusually high - verify",""))) | O57: both | P57: =IF(O57<>"both",O57&" only",IF(Q57="","agree","conflict")) -> agree | Q57: =IF(O57="both",TRIM(IF(I57<>"","price ","")&IF(K57<>"","xp ","")&IF(G57="differs","time","")),"") | R57: hayday.info (primary values) + Fandom (times, cross-check) | S57: https://hayday.fandom.com/wiki/Candy_Machine
A58: Chocolate | B58: Candy Machine | C58: 54 | D58: 1200 | E58: 1020 | F58: 1020 | G58: =IF(OR(F58="",AND(D58="",E58="")),"n/a",IF(F58=E58,"mastered",IF(F58=D58,"normal","differs"))) -> mastered | H58: 460 | J58: 55 | L58: 6 | M58: 3.2352941 | N58: =IF(L58="","",IF(L58<0,"negative profit",IF(L58>Notes!$B$4,"unusually high - verify",""))) | O58: both | P58: =IF(O58<>"both",O58&" only",IF(Q58="","agree","conflict")) -> agree | Q58: =IF(O58="both",TRIM(IF(I58<>"","price ","")&IF(K58<>"","xp ","")&IF(G58="differs","time","")),"") | R58: hayday.info (primary values) + Fandom (times, cross-check) | S58: https://hayday.fandom.com/wiki/Candy_Machine
A59: Lollipop | B59: Candy Machine | C59: 57 | D59: 720 | E59: 612 | F59: 612 | G59: =IF(OR(F59="",AND(D59="",E59="")),"n/a",IF(F59=E59,"mastered",IF(F59=D59,"normal","differs"))) -> mastered | H59: 342 | J59: 41 | L59: 8.2352941 | M59: 4.0196078 | N59: =IF(L59="","",IF(L59<0,"negative profit",IF(L59>Notes!$B$4,"unusually high - verify",""))) | O59: both | P59: =IF(O59<>"both",O59&" only",IF(Q59="","agree","conflict")) -> agree | Q59: =IF(O59="both",TRIM(IF(I59<>"","price ","")&IF(K59<>"","xp ","")&IF(G59="differs","time","")),"") | R59: hayday.info (primary values) + Fandom (times, cross-check) | S59: https://hayday.fandom.com/wiki/Candy_Machine
A60: Jelly Beans | B60: Candy Machine | C60: 60 | D60: 1440 | E60: 1224 | F60: 1224 | G60: =IF(OR(F60="",AND(D60="",E60="")),"n/a",IF(F60=E60,"mastered",IF(F60=D60,"normal","differs"))) -> mastered | H60: 684 | J60: 81 | L60: -0.29411765 | M60: 3.9705882 | N60: =IF(L60="","",IF(L60<0,"negative profit",IF(L60>Notes!$B$4,"unusually high - verify",""))) -> negative profit | O60: both | P60: =IF(O60<>"both",O60&" only",IF(Q60="","agree","conflict")) -> agree | Q60: =IF(O60="both",TRIM(IF(I60<>"","price ","")&IF(K60<>"","xp ","")&IF(G60="differs","time","")),"") | R60: hayday.info (primary values) + Fandom (times, cross-check) | S60: https://hayday.fandom.com/wiki/Candy_Machine
A61: Honey Peanuts | B61: Candy Machine | C61: 63 | D61: 40 | E61: 34 | F61: 34 | G61: =IF(OR(F61="",AND(D61="",E61="")),"n/a",IF(F61=E61,"mastered",IF(F61=D61,"normal","differs"))) -> mastered | H61: 540 | J61: 64 | L61: 268.23529 | M61: 112.94118 | N61: =IF(L61="","",IF(L61<0,"negative profit",IF(L61>Notes!$B$4,"unusually high - verify",""))) -> unusually high - verify | O61: both | P61: =IF(O61<>"both",O61&" only",IF(Q61="","agree","conflict")) -> agree | Q61: =IF(O61="both",TRIM(IF(I61<>"","price ","")&IF(K61<>"","xp ","")&IF(G61="differs","time","")),"") | R61: hayday.info (primary values) + Fandom (times, cross-check) | S61: https://hayday.fandom.com/wiki/Candy_Machine
A62: Cotton Candy | B62: Candy Machine | C62: 75 | F62: 25 | G62: =IF(OR(F62="",AND(D62="",E62="")),"n/a",IF(F62=E62,"mastered",IF(F62=D62,"normal","differs"))) -> n/a | H62: 226 | J62: 27 | L62: 61.176471 | M62: 63.529412 | N62: =IF(L62="","",IF(L62<0,"negative profit",IF(L62>Notes!$B$4,"unusually high - verify",""))) | O62: hayday.info | P62: =IF(O62<>"both",O62&" only",IF(Q62="","agree","conflict")) -> hayday.info only | Q62: =IF(O62="both",TRIM(IF(I62<>"","price ","")&IF(K62<>"","xp ","")&IF(G62="differs","time","")),"") | R62: hayday.info /api/production-data only
A63: Sesame Brittle | B63: Candy Machine | C63: 78 | D63: 60 | E63: 51 | F63: 51 | G63: =IF(OR(F63="",AND(D63="",E63="")),"n/a",IF(F63=E63,"mastered",IF(F63=D63,"normal","differs"))) -> mastered | H63: 270 | J63: 32 | L63: 40 | M63: 37.647059 | N63: =IF(L63="","",IF(L63<0,"negative profit",IF(L63>Notes!$B$4,"unusually high - verify",""))) | O63: both | P63: =IF(O63<>"both",O63&" only",IF(Q63="","agree","conflict")) -> agree | Q63: =IF(O63="both",TRIM(IF(I63<>"","price ","")&IF(K63<>"","xp ","")&IF(G63="differs","time","")),"") | R63: hayday.info (primary values) + Fandom (times, cross-check) | S63: https://hayday.fandom.com/wiki/Candy_Machine
A64: Espresso | B64: Coffee Kiosk | C64: 42 | D64: 5 | E64: 4 | F64: 4 | G64: =IF(OR(F64="",AND(D64="",E64="")),"n/a",IF(F64=E64,"mastered",IF(F64=D64,"normal","differs"))) -> mastered | H64: 248 | J64: 29 | L64: 84.705882 | M64: 409.41176 | N64: =IF(L64="","",IF(L64<0,"negative profit",IF(L64>Notes!$B$4,"unusually high - verify",""))) | O64: both | P64: =IF(O64<>"both",O64&" only",IF(Q64="","agree","conflict")) -> agree | Q64: =IF(O64="both",TRIM(IF(I64<>"","price ","")&IF(K64<>"","xp ","")&IF(G64="differs","time","")),"") | R64: hayday.info (primary values) + Fandom (times, cross-check) | S64: https://hayday.fandom.com/wiki/Coffee_Kiosk
A65: Caffè Latte | B65: Coffee Kiosk | C65: 43 | D65: 10 | E65: 8 | F65: 8 | G65: =IF(OR(F65="",AND(D65="",E65="")),"n/a",IF(F65=E65,"mastered",IF(F65=D65,"normal","differs"))) -> mastered | H65: 219 | J65: 26 | L65: 63.529412 | M65: 183.52941 | N65: =IF(L65="","",IF(L65<0,"negative profit",IF(L65>Notes!$B$4,"unusually high - verify",""))) | O65: both | P65: =IF(O65<>"both",O65&" only",IF(Q65="","agree","conflict")) -> agree | Q65: =IF(O65="both",TRIM(IF(I65<>"","price ","")&IF(K65<>"","xp ","")&IF(G65="differs","time","")),"") | R65: hayday.info (primary values) + Fandom (times, cross-check) | S65: https://hayday.fandom.com/wiki/Coffee_Kiosk
A66: Caffè Mocha | B66: Coffee Kiosk | C66: 45 | D66: 15 | E66: 12 | F66: 12 | G66: =IF(OR(F66="",AND(D66="",E66="")),"n/a",IF(F66=E66,"mastered",IF(F66=D66,"normal","differs"))) -> mastered | H66: 291 | J66: 35 | L66: 23.529412 | M66: 164.70588 | N66: =IF(L66="","",IF(L66<0,"negative profit",IF(L66>Notes!$B$4,"unusually high - verify",""))) | O66: both | P66: =IF(O66<>"both",O66&" only",IF(Q66="","agree","conflict")) -> agree | Q66: =IF(O66="both",TRIM(IF(I66<>"","price ","")&IF(K66<>"","xp ","")&IF(G66="differs","time","")),"") | R66: hayday.info (primary values) + Fandom (times, cross-check) | S66: https://hayday.fandom.com/wiki/Coffee_Kiosk
A67: Raspberry Mocha | B67: Coffee Kiosk | C67: 46 | D67: 30 | E67: 25 | F67: 25 | G67: =IF(OR(F67="",AND(D67="",E67="")),"n/a",IF(F67=E67,"mastered",IF(F67=D67,"normal","differs"))) -> mastered | H67: 259 | J67: 31 | L67: 30.588235 | M67: 72.941176 | N67: =IF(L67="","",IF(L67<0,"negative profit",IF(L67>Notes!$B$4,"unusually high - verify",""))) | O67: both | P67: =IF(O67<>"both",O67&" only",IF(Q67="","agree","conflict")) -> agree | Q67: =IF(O67="both",TRIM(IF(I67<>"","price ","")&IF(K67<>"","xp ","")&IF(G67="differs","time","")),"") | R67: hayday.info (primary values) + Fandom (times, cross-check) | S67: https://hayday.fandom.com/wiki/Coffee_Kiosk
A68: Hot Chocolate | B68: Coffee Kiosk | C68: 47 | D68: 25 | E68: 21 | F68: 21 | G68: =IF(OR(F68="",AND(D68="",E68="")),"n/a",IF(F68=E68,"mastered",IF(F68=D68,"normal","differs"))) -> mastered | H68: 316 | J68: 38 | K68: 32 | L68: 33.882353 | M68: 107.29412 | N68: =IF(L68="","",IF(L68<0,"negative profit",IF(L68>Notes!$B$4,"unusually high - verify",""))) | O68: both | P68: =IF(O68<>"both",O68&" only",IF(Q68="","agree","conflict")) -> conflict | Q68: =IF(O68="both",TRIM(IF(I68<>"","price ","")&IF(K68<>"","xp ","")&IF(G68="differs","time","")),"") -> xp | R68: hayday.info (primary values) + Fandom (times, cross-check) | S68: https://hayday.fandom.com/wiki/Coffee_Kiosk
A69: Caramel Latte | B69: Coffee Kiosk | C69: 62 | D69: 15 | E69: 12 | F69: 12 | G69: =IF(OR(F69="",AND(D69="",E69="")),"n/a",IF(F69=E69,"mastered",IF(F69=D69,"normal","differs"))) -> mastered | H69: 345 | J69: 41 | L69: 42.352941 | M69: 192.94118 | N69: =IF(L69="","",IF(L69<0,"negative profit",IF(L69>Notes!$B$4,"unusually high - verify",""))) | O69: both | P69: =IF(O69<>"both",O69&" only",IF(Q69="","agree","conflict")) -> agree | Q69: =IF(O69="both",TRIM(IF(I69<>"","price ","")&IF(K69<>"","xp ","")&IF(G69="differs","time","")),"") | R69: hayday.info (primary values) + Fandom (times, cross-check) | S69: https://hayday.fandom.com/wiki/Coffee_Kiosk
A70: Iced Banana Latte | B70: Coffee Kiosk | C70: 88 | D70: 20 | E70: 17 | F70: 17 | G70: =IF(OR(F70="",AND(D70="",E70="")),"n/a",IF(F70=E70,"mastered",IF(F70=D70,"normal","differs"))) -> mastered | H70: 277 | J70: 33 | L70: 45.882353 | M70: 116.47059 | N70: =IF(L70="","",IF(L70<0,"negative profit",IF(L70>Notes!$B$4,"unusually high - verify",""))) | O70: both | P70: =IF(O70<>"both",O70&" only",IF(Q70="","agree","conflict")) -> agree | Q70: =IF(O70="both",TRIM(IF(I70<>"","price ","")&IF(K70<>"","xp ","")&IF(G70="differs","time","")),"") | R70: hayday.info (primary values) + Fandom (times, cross-check) | S70: https://hayday.fandom.com/wiki/Coffee_Kiosk
A71: Wheat | B71: Crops | C71: 1 | F71: 2 | G71: =IF(OR(F71="",AND(D71="",E71="")),"n/a",IF(F71=E71,"mastered",IF(F71=D71,"normal","differs"))) -> n/a | H71: 3 | J71: 1 | L71: 90 | M71: 30 | N71: =IF(L71="","",IF(L71<0,"negative profit",IF(L71>Notes!$B$4,"unusually high - verify",""))) | O71: hayday.info | P71: =IF(O71<>"both",O71&" only",IF(Q71="","agree","conflict")) -> hayday.info only | Q71: =IF(O71="both",TRIM(IF(I71<>"","price ","")&IF(K71<>"","xp ","")&IF(G71="differs","time","")),"") | R71: hayday.info /api/production-data only
A72: Corn | B72: Crops | C72: 2 | F72: 5 | G72: =IF(OR(F72="",AND(D72="",E72="")),"n/a",IF(F72=E72,"mastered",IF(F72=D72,"normal","differs"))) -> n/a | H72: 7 | J72: 1 | L72: 84 | M72: 12 | N72: =IF(L72="","",IF(L72<0,"negative profit",IF(L72>Notes!$B$4,"unusually high - verify",""))) | O72: hayday.info | P72: =IF(O72<>"both",O72&" only",IF(Q72="","agree","conflict")) -> hayday.info only | Q72: =IF(O72="both",TRIM(IF(I72<>"","price ","")&IF(K72<>"","xp ","")&IF(G72="differs","time","")),"") | R72: hayday.info /api/production-data only
A73: Soybean | B73: Crops | C73: 5 | F73: 20 | G73: =IF(OR(F73="",AND(D73="",E73="")),"n/a",IF(F73=E73,"mastered",IF(F73=D73,"normal","differs"))) -> n/a | H73: 10 | J73: 2 | L73: 30 | M73: 6 | N73: =IF(L73="","",IF(L73<0,"negative profit",IF(L73>Notes!$B$4,"unusually high - verify",""))) | O73: hayday.info | P73: =IF(O73<>"both",O73&" only",IF(Q73="","agree","conflict")) -> hayday.info only | Q73: =IF(O73="both",TRIM(IF(I73<>"","price ","")&IF(K73<>"","xp ","")&IF(G73="differs","time","")),"") | R73: hayday.info /api/production-data only
A74: Sugarcane | B74: Crops | C74: 7 | F74: 30 | G74: =IF(OR(F74="",AND(D74="",E74="")),"n/a",IF(F74=E74,"mastered",IF(F74=D74,"normal","differs"))) -> n/a | H74: 14 | J74: 3 | L74: 28 | M74: 6 | N74: =IF(L74="","",IF(L74<0,"negative profit",IF(L74>Notes!$B$4,"unusually high - verify",""))) | O74: hayday.info | P74: =IF(O74<>"both",O74&" only",IF(Q74="","agree","conflict")) -> hayday.info only | Q74: =IF(O74="both",TRIM(IF(I74<>"","price ","")&IF(K74<>"","xp ","")&IF(G74="differs","time","")),"") | R74: hayday.info /api/production-data only
A75: Carrot | B75: Crops | C75: 9 | F75: 10 | G75: =IF(OR(F75="",AND(D75="",E75="")),"n/a",IF(F75=E75,"mastered",IF(F75=D75,"normal","differs"))) -> n/a | H75: 7 | J75: 2 | L75: 42 | M75: 12 | N75: =IF(L75="","",IF(L75<0,"negative profit",IF(L75>Notes!$B$4,"unusually high - verify",""))) | O75: hayday.info | P75: =IF(O75<>"both",O75&" only",IF(Q75="","agree","conflict")) -> hayday.info only | Q75: =IF(O75="both",TRIM(IF(I75<>"","price ","")&IF(K75<>"","xp ","")&IF(G75="differs","time","")),"") | R75: hayday.info /api/production-data only
A76: Indigo | B76: Crops | C76: 13 | F76: 120 | G76: =IF(OR(F76="",AND(D76="",E76="")),"n/a",IF(F76=E76,"mastered",IF(F76=D76,"normal","differs"))) -> n/a | H76: 25 | J76: 5 | L76: 12.5 | M76: 2.5 | N76: =IF(L76="","",IF(L76<0,"negative profit",IF(L76>Notes!$B$4,"unusually high - verify",""))) | O76: hayday.info | P76: =IF(O76<>"both",O76&" only",IF(Q76="","agree","conflict")) -> hayday.info only | Q76: =IF(O76="both",TRIM(IF(I76<>"","price ","")&IF(K76<>"","xp ","")&IF(G76="differs","time","")),"") | R76: hayday.info /api/production-data only
A77: Pumpkin | B77: Crops | C77: 15 | F77: 180 | G77: =IF(OR(F77="",AND(D77="",E77="")),"n/a",IF(F77=E77,"mastered",IF(F77=D77,"normal","differs"))) -> n/a | H77: 32 | J77: 6 | L77: 10.666667 | M77: 2 | N77: =IF(L77="","",IF(L77<0,"negative profit",IF(L77>Notes!$B$4,"unusually high - verify",""))) | O77: hayday.info | P77: =IF(O77<>"both",O77&" only",IF(Q77="","agree","conflict")) -> hayday.info only | Q77: =IF(O77="both",TRIM(IF(I77<>"","price ","")&IF(K77<>"","xp ","")&IF(G77="differs","time","")),"") | R77: hayday.info /api/production-data only
A78: Cotton | B78: Crops | C78: 18 | F78: 150 | G78: =IF(OR(F78="",AND(D78="",E78="")),"n/a",IF(F78=E78,"mastered",IF(F78=D78,"normal","differs"))) -> n/a | H78: 28 | J78: 6 | L78: 11.2 | M78: 2.4 | N78: =IF(L78="","",IF(L78<0,"negative profit",IF(L78>Notes!$B$4,"unusually high - verify",""))) | O78: hayday.info | P78: =IF(O78<>"both",O78&" only",IF(Q78="","agree","conflict")) -> hayday.info only | Q78: =IF(O78="both",TRIM(IF(I78<>"","price ","")&IF(K78<>"","xp ","")&IF(G78="differs","time","")),"") | R78: hayday.info /api/production-data only
A79: Chili Pepper | B79: Crops | C79: 25 | F79: 240 | G79: =IF(OR(F79="",AND(D79="",E79="")),"n/a",IF(F79=E79,"mastered",IF(F79=D79,"normal","differs"))) -> n/a | H79: 36 | J79: 4 | L79: 9 | M79: 1 | N79: =IF(L79="","",IF(L79<0,"negative profit",IF(L79>Notes!$B$4,"unusually high - verify",""))) | O79: hayday.info | P79: =IF(O79<>"both",O79&" only",IF(Q79="","agree","conflict")) -> hayday.info only | Q79: =IF(O79="both",TRIM(IF(I79<>"","price ","")&IF(K79<>"","xp ","")&IF(G79="differs","time","")),"") | R79: hayday.info /api/production-data only
A80: Tomato | B80: Crops | C80: 30 | F80: 360 | G80: =IF(OR(F80="",AND(D80="",E80="")),"n/a",IF(F80=E80,"mastered",IF(F80=D80,"normal","differs"))) -> n/a | H80: 43 | J80: 8 | L80: 7.1666667 | M80: 1.3333333 | N80: =IF(L80="","",IF(L80<0,"negative profit",IF(L80>Notes!$B$4,"unusually high - verify",""))) | O80: hayday.info | P80: =IF(O80<>"both",O80&" only",IF(Q80="","agree","conflict")) -> hayday.info only | Q80: =IF(O80="both",TRIM(IF(I80<>"","price ","")&IF(K80<>"","xp ","")&IF(G80="differs","time","")),"") | R80: hayday.info /api/production-data only
A81: Strawberry | B81: Crops | C81: 34 | F81: 480 | G81: =IF(OR(F81="",AND(D81="",E81="")),"n/a",IF(F81=E81,"mastered",IF(F81=D81,"normal","differs"))) -> n/a | H81: 50 | J81: 10 | L81: 6.25 | M81: 1.25 | N81: =IF(L81="","",IF(L81<0,"negative profit",IF(L81>Notes!$B$4,"unusually high - verify",""))) | O81: hayday.info | P81: =IF(O81<>"both",O81&" only",IF(Q81="","agree","conflict")) -> hayday.info only | Q81: =IF(O81="both",TRIM(IF(I81<>"","price ","")&IF(K81<>"","xp ","")&IF(G81="differs","time","")),"") | R81: hayday.info /api/production-data only
A82: Potato | B82: Crops | C82: 35 | F82: 220 | G82: =IF(OR(F82="",AND(D82="",E82="")),"n/a",IF(F82=E82,"mastered",IF(F82=D82,"normal","differs"))) -> n/a | H82: 36 | J82: 7 | L82: 9.8181818 | M82: 1.9090909 | N82: =IF(L82="","",IF(L82<0,"negative profit",IF(L82>Notes!$B$4,"unusually high - verify",""))) | O82: hayday.info | P82: =IF(O82<>"both",O82&" only",IF(Q82="","agree","conflict")) -> hayday.info only | Q82: =IF(O82="both",TRIM(IF(I82<>"","price ","")&IF(K82<>"","xp ","")&IF(G82="differs","time","")),"") | R82: hayday.info /api/production-data only
... A110: Cookie Cupcake | B110: Cupcake Maker | C110: 114 | F110: 120 | G110: =IF(OR(F110="",AND(D110="",E110="")),"n/a",IF(F110=E110,"mastered",IF(F110=D110,"normal","differs"))) -> n/a | H110: 712 | J110: 85 | L110: 69 | M110: 42.5 | N110: =IF(L110="","",IF(L110<0,"negative profit",IF(L110>Notes!$B$4,"unusually high - verify",""))) | O110: hayday.info | P110: =IF(O110<>"both",O110&" only",IF(Q110="","agree","conflict")) -> hayday.info only | Q110: =IF(O110="both",TRIM(IF(I110<>"","price ","")&IF(K110<>"","xp ","")&IF(G110="differs","time","")),"") | R110: hayday.info /api/production-data only
A111: Cream | B111: Dairy | C111: 6 | D111: 20 | E111: 17 | F111: 17 | G111: =IF(OR(F111="",AND(D111="",E111="")),"n/a",IF(F111=E111,"mastered",IF(F111=D111,"normal","differs"))) -> mastered | H111: 50 | J111: 6 | L111: 63.529412 | M111: 21.176471 | N111: =IF(L111="","",IF(L111<0,"negative profit",IF(L111>Notes!$B$4,"unusually high - verify",""))) | O111: both | P111: =IF(O111<>"both",O111&" only",IF(Q111="","agree","conflict")) -> agree | Q111: =IF(O111="both",TRIM(IF(I111<>"","price ","")&IF(K111<>"","xp ","")&IF(G111="differs","time","")),"") | R111: hayday.info (primary values) + Fandom (times, cross-check) | S111: https://hayday.fandom.com/wiki/Dairy
A112: Butter | B112: Dairy | C112: 9 | D112: 30 | E112: 25 | F112: 25 | G112: =IF(OR(F112="",AND(D112="",E112="")),"n/a",IF(F112=E112,"mastered",IF(F112=D112,"normal","differs"))) -> mastered | H112: 82 | J112: 10 | L112: 42.352941 | M112: 23.529412 | N112: =IF(L112="","",IF(L112<0,"negative profit",IF(L112>Notes!$B$4,"unusually high - verify",""))) | O112: both | P112: =IF(O112<>"both",O112&" only",IF(Q112="","agree","conflict")) -> agree | Q112: =IF(O112="both",TRIM(IF(I112<>"","price ","")&IF(K112<>"","xp ","")&IF(G112="differs","time","")),"") | R112: hayday.info (primary values) + Fandom (times, cross-check) | S112: https://hayday.fandom.com/wiki/Dairy
A113: Cheese | B113: Dairy | C113: 12 | D113: 60 | E113: 51 | F113: 51 | G113: =IF(OR(F113="",AND(D113="",E113="")),"n/a",IF(F113=E113,"mastered",IF(F113=D113,"normal","differs"))) -> mastered | H113: 122 | J113: 15 | L113: 30.588235 | M113: 17.647059 | N113: =IF(L113="","",IF(L113<0,"negative profit",IF(L113>Notes!$B$4,"unusually high - verify",""))) | O113: both | P113: =IF(O113<>"both",O113&" only",IF(Q113="","agree","conflict")) -> agree | Q113: =IF(O113="both",TRIM(IF(I113<>"","price ","")&IF(K113<>"","xp ","")&IF(G113="differs","time","")),"") | R113: hayday.info (primary values) + Fandom (times, cross-check) | S113: https://hayday.fandom.com/wiki/Dairy
A114: Goat Cheese | B114: Dairy | C114: 33 | D114: 90 | E114: 76 | F114: 76 | G114: =IF(OR(F114="",AND(D114="",E114="")),"n/a",IF(F114=E114,"mastered",IF(F114=D114,"normal","differs"))) -> mastered | H114: 162 | J114: 19 | L114: 26.666667 | M114: 14.901961 | N114: =IF(L114="","",IF(L114<0,"negative profit",IF(L114>Notes!$B$4,"unusually high - verify",""))) | O114: both | P114: =IF(O114<>"both",O114&" only",IF(Q114="","agree","conflict")) -> agree | Q114: =IF(O114="both",TRIM(IF(I114<>"","price ","")&IF(K114<>"","xp ","")&IF(G114="differs","time","")),"") | R114: hayday.info (primary values) + Fandom (times, cross-check) | S114: https://hayday.fandom.com/wiki/Dairy
A115: Bacon Fries | B115: Deep Fryer | C115: 87 | F115: 21 | G115: =IF(OR(F115="",AND(D115="",E115="")),"n/a",IF(F115=E115,"mastered",IF(F115=D115,"normal","differs"))) -> n/a | H115: 302 | J115: 36 | L115: 22.588235 | M115: 101.64706 | N115: =IF(L115="","",IF(L115<0,"negative profit",IF(L115>Notes!$B$4,"unusually high - verify",""))) | O115: hayday.info | P115: =IF(O115<>"both",O115&" only",IF(Q115="","agree","conflict")) -> hayday.info only | Q115: =IF(O115="both",TRIM(IF(I115<>"","price ","")&IF(K115<>"","xp ","")&IF(G115="differs","time","")),"") | R115: hayday.info /api/production-data only
A116: Hand Pies | B116: Deep Fryer | C116: 91 | F116: 17 | G116: =IF(OR(F116="",AND(D116="",E116="")),"n/a",IF(F116=E116,"mastered",IF(F116=D116,"normal","differs"))) -> n/a | H116: 295 | J116: 35 | L116: 88.235294 | M116: 123.52941 | N116: =IF(L116="","",IF(L116<0,"negative profit",IF(L116>Notes!$B$4,"unusually high - verify",""))) | O116: hayday.info | P116: =IF(O116<>"both",O116&" only",IF(Q116="","agree","conflict")) -> hayday.info only | Q116: =IF(O116="both",TRIM(IF(I116<>"","price ","")&IF(K116<>"","xp ","")&IF(G116="differs","time","")),"") | R116: hayday.info /api/production-data only
A117: Chili Poppers | B117: Deep Fryer | C117: 98 | F117: 34 | G117: =IF(OR(F117="",AND(D117="",E117="")),"n/a",IF(F117=E117,"mastered",IF(F117=D117,"normal","differs"))) -> n/a | H117: 406 | J117: 48 | L117: 40.588235 | M117: 84.705882 | N117: =IF(L117="","",IF(L117<0,"negative profit",IF(L117>Notes!$B$4,"unusually high - verify",""))) | O117: hayday.info | P117: =IF(O117<>"both",O117&" only",IF(Q117="","agree","conflict")) -> hayday.info only | Q117: =IF(O117="both",TRIM(IF(I117<>"","price ","")&IF(K117<>"","xp ","")&IF(G117="differs","time","")),"") | R117: hayday.info /api/production-data only
A118: Falafel | B118: Deep Fryer | C118: 98 | F118: 46 | G118: =IF(OR(F118="",AND(D118="",E118="")),"n/a",IF(F118=E118,"mastered",IF(F118=D118,"normal","differs"))) -> n/a | H118: 226 | J118: 27 | L118: 38.502674 | M118: 34.652406 | N118: =IF(L118="","",IF(L118<0,"negative profit",IF(L118>Notes!$B$4,"unusually high - verify",""))) | O118: hayday.info | P118: =IF(O118<>"both",O118&" only",IF(Q118="","agree","conflict")) -> hayday.info only | Q118: =IF(O118="both",TRIM(IF(I118<>"","price ","")&IF(K118<>"","xp ","")&IF(G118="differs","time","")),"") | R118: hayday.info /api/production-data only
A119: Fried Candy Bar | B119: Deep Fryer | C119: 100 | F119: 12 | G119: =IF(OR(F119="",AND(D119="",E119="")),"n/a",IF(F119=E119,"mastered",IF(F119=D119,"normal","differs"))) -> n/a | H119: 658 | J119: 87 | L119: 291.76471 | M119: 409.41176 | N119: =IF(L119="","",IF(L119<0,"negative profit",IF(L119>Notes!$B$4,"unusually high - verify",""))) -> unusually high - verify | O119: hayday.info | P119: =IF(O119<>"both",O119&" only",IF(Q119="","agree","conflict")) -> hayday.info only | Q119: =IF(O119="both",TRIM(IF(I119<>"","price ","")&IF(K119<>"","xp ","")&IF(G119="differs","time","")),"") | R119: hayday.info /api/production-data only
A120: Samosa | B120: Deep Fryer | C120: 103 | F120: 63 | G120: =IF(OR(F120="",AND(D120="",E120="")),"n/a",IF(F120=E120,"mastered",IF(F120=D120,"normal","differs"))) -> n/a | H120: 223 | J120: 27 | L120: 29.176471 | M120: 25.411765 | N120: =IF(L120="","",IF(L120<0,"negative profit",IF(L120>Notes!$B$4,"unusually high - verify",""))) | O120: hayday.info | P120: =IF(O120<>"both",O120&" only",IF(Q120="","agree","conflict")) -> hayday.info only | Q120: =IF(O120="both",TRIM(IF(I120<>"","price ","")&IF(K120<>"","xp ","")&IF(G120="differs","time","")),"") | R120: hayday.info /api/production-data only
A121: Plain Donut | B121: Donut Maker | C121: 76 | D121: 15 | E121: 12 | F121: 12 | G121: =IF(OR(F121="",AND(D121="",E121="")),"n/a",IF(F121=E121,"mastered",IF(F121=D121,"normal","differs"))) -> mastered | H121: 129 | J121: 15 | L121: 94.117647 | M121: 70.588235 | N121: =IF(L121="","",IF(L121<0,"negative profit",IF(L121>Notes!$B$4,"unusually high - verify",""))) | O121: both | P121: =IF(O121<>"both",O121&" only",IF(Q121="","agree","conflict")) -> agree | Q121: =IF(O121="both",TRIM(IF(I121<>"","price ","")&IF(K121<>"","xp ","")&IF(G121="differs","time","")),"") | R121: hayday.info (primary values) + Fandom (times, cross-check) | S121: https://hayday.fandom.com/wiki/Donut_Maker
A122: Sprinkled Donut | B122: Donut Maker | C122: 79 | D122: 20 | E122: 17 | F122: 17 | G122: =IF(OR(F122="",AND(D122="",E122="")),"n/a",IF(F122=E122,"mastered",IF(F122=D122,"normal","differs"))) -> mastered | H122: 313 | J122: 37 | L122: 42.352941 | M122: 130.58824 | N122: =IF(L122="","",IF(L122<0,"negative profit",IF(L122>Notes!$B$4,"unusually high - verify",""))) | O122: both | P122: =IF(O122<>"both",O122&" only",IF(Q122="","agree","conflict")) -> agree | Q122: =IF(O122="both",TRIM(IF(I122<>"","price ","")&IF(K122<>"","xp ","")&IF(G122="differs","time","")),"") | R122: hayday.info (primary values) + Fandom (times, cross-check) | S122: https://hayday.fandom.com/wiki/Donut_Maker
A123: Crunchy Donut | B123: Donut Maker | C123: 82 | D123: 30 | E123: 25 | F123: 25 | G123: =IF(OR(F123="",AND(D123="",E123="")),"n/a",IF(F123=E123,"mastered",IF(F123=D123,"normal","differs"))) -> mastered | H123: 594 | J123: 71 | L123: 341.17647 | M123: 167.05882 | N123: =IF(L123="","",IF(L123<0,"negative profit",IF(L123>Notes!$B$4,"unusually high - verify",""))) -> unusually high - verify | O123: both | P123: =IF(O123<>"both",O123&" only",IF(Q123="","agree","conflict")) -> agree | Q123: =IF(O123="both",TRIM(IF(I123<>"","price ","")&IF(K123<>"","xp ","")&IF(G123="differs","time","")),"") | R123: hayday.info (primary values) + Fandom (times, cross-check) | S123: https://hayday.fandom.com/wiki/Donut_Maker
A124: Cream Donut | B124: Donut Maker | C124: 86 | D124: 25 | E124: 21 | F124: 21 | G124: =IF(OR(F124="",AND(D124="",E124="")),"n/a",IF(F124=E124,"mastered",IF(F124=D124,"normal","differs"))) -> mastered | H124: 230 | J124: 27 | L124: 53.647059 | M124: 76.235294 | N124: =IF(L124="","",IF(L124<0,"negative profit",IF(L124>Notes!$B$4,"unusually high - verify",""))) | O124: both | P124: =IF(O124<>"both",O124&" only",IF(Q124="","agree","conflict")) -> agree | Q124: =IF(O124="both",TRIM(IF(I124<>"","price ","")&IF(K124<>"","xp ","")&IF(G124="differs","time","")),"") | R124: hayday.info (primary values) + Fandom (times, cross-check) | S124: https://hayday.fandom.com/wiki/Donut_Maker
A125: Bacon Donut | B125: Donut Maker | C125: 88 | D125: 30 | E125: 25 | F125: 25 | G125: =IF(OR(F125="",AND(D125="",E125="")),"n/a",IF(F125=E125,"mastered",IF(F125=D125,"normal","differs"))) -> mastered | H125: 388 | J125: 46 | L125: 44.705882 | M125: 108.23529 | N125: =IF(L125="","",IF(L125<0,"negative profit",IF(L125>Notes!$B$4,"unusually high - verify",""))) | O125: both | P125: =IF(O125<>"both",O125&" only",IF(Q125="","agree","conflict")) -> agree | Q125: =IF(O125="both",TRIM(IF(I125<>"","price ","")&IF(K125<>"","xp ","")&IF(G125="differs","time","")),"") | R125: hayday.info (primary values) + Fandom (times, cross-check) | S125: https://hayday.fandom.com/wiki/Donut_Maker
A126: Filled Donut | B126: Donut Maker | C126: 93 | D126: 35 | E126: 29 | F126: 29 | G126: =IF(OR(F126="",AND(D126="",E126="")),"n/a",IF(F126=E126,"mastered",IF(F126=D126,"normal","differs"))) -> mastered | H126: 403 | J126: 48 | L126: 44.369748 | M126: 96.806723 | N126: =IF(L126="","",IF(L126<0,"negative profit",IF(L126>Notes!$B$4,"unusually high - verify",""))) | O126: both | P126: =IF(O126<>"both",O126&" only",IF(Q126="","agree","conflict")) -> agree | Q126: =IF(O126="both",TRIM(IF(I126<>"","price ","")&IF(K126<>"","xp ","")&IF(G126="differs","time","")),"") | R126: hayday.info (primary values) + Fandom (times, cross-check) | S126: https://hayday.fandom.com/wiki/Donut_Maker
A127: Duck Feather | B127: Duck Salon | C127: 50 | D127: 180 | F127: 180 | G127: =IF(OR(F127="",AND(D127="",E127="")),"n/a",IF(F127=E127,"mastered",IF(F127=D127,"normal","differs"))) -> normal | H127: 140 | J127: 17 | L127: 46.666667 | M127: 5.6666667 | N127: =IF(L127="","",IF(L127<0,"negative profit",IF(L127>Notes!$B$4,"unusually high - verify",""))) | O127: both | P127: =IF(O127<>"both",O127&" only",IF(Q127="","agree","conflict")) -> agree | Q127: =IF(O127="both",TRIM(IF(I127<>"","price ","")&IF(K127<>"","xp ","")&IF(G127="differs","time","")),"") | R127: hayday.info (primary values) + Fandom (times, cross-check) | S127: https://hayday.fandom.com/wiki/Duck_Salon
A128: Chicken Feed | B128: Feed Mill | C128: 3 | D128: 5 | E128: 4 | F128: 4 | G128: =IF(OR(F128="",AND(D128="",E128="")),"n/a",IF(F128=E128,"mastered",IF(F128=D128,"normal","differs"))) -> mastered | H128: 7 | J128: 1 | L128: 112.94118 | M128: 14.117647 | N128: =IF(L128="","",IF(L128<0,"negative profit",IF(L128>Notes!$B$4,"unusually high - verify",""))) | O128: both | P128: =IF(O128<>"both",O128&" only",IF(Q128="","agree","conflict")) -> agree | Q128: =IF(O128="both",TRIM(IF(I128<>"","price ","")&IF(K128<>"","xp ","")&IF(G128="differs","time","")),"") | R128: hayday.info (primary values) + Fandom (times, cross-check) | S128: https://hayday.fandom.com/wiki/Feed_Mill
A129: Cow Feed | B129: Feed Mill | C129: 6 | D129: 10 | E129: 8 | F129: 8 | G129: =IF(OR(F129="",AND(D129="",E129="")),"n/a",IF(F129=E129,"mastered",IF(F129=D129,"normal","differs"))) -> mastered | H129: 14 | J129: 2 | L129: 105.88235 | M129: 14.117647 | N129: =IF(L129="","",IF(L129<0,"negative profit",IF(L129>Notes!$B$4,"unusually high - verify",""))) | O129: both | P129: =IF(O129<>"both",O129&" only",IF(Q129="","agree","conflict")) -> agree | Q129: =IF(O129="both",TRIM(IF(I129<>"","price ","")&IF(K129<>"","xp ","")&IF(G129="differs","time","")),"") | R129: hayday.info (primary values) + Fandom (times, cross-check) | S129: https://hayday.fandom.com/wiki/Feed_Mill
A130: Pig Feed | B130: Feed Mill | C130: 10 | D130: 20 | E130: 17 | F130: 17 | G130: =IF(OR(F130="",AND(D130="",E130="")),"n/a",IF(F130=E130,"mastered",IF(F130=D130,"normal","differs"))) -> mastered | H130: 14 | J130: 2 | L130: 63.529412 | M130: 7.0588235 | N130: =IF(L130="","",IF(L130<0,"negative profit",IF(L130>Notes!$B$4,"unusually high - verify",""))) | O130: both | P130: =IF(O130<>"both",O130&" only",IF(Q130="","agree","conflict")) -> agree | Q130: =IF(O130="both",TRIM(IF(I130<>"","price ","")&IF(K130<>"","xp ","")&IF(G130="differs","time","")),"") | R130: hayday.info (primary values) + Fandom (times, cross-check) | S130: https://hayday.fandom.com/wiki/Feed_Mill
A131: Sheep Feed | B131: Feed Mill | C131: 16 | D131: 30 | E131: 25 | F131: 25 | G131: =IF(OR(F131="",AND(D131="",E131="")),"n/a",IF(F131=E131,"mastered",IF(F131=D131,"normal","differs"))) -> mastered | H131: 14 | J131: 3 | L131: 54.117647 | M131: 7.0588235 | N131: =IF(L131="","",IF(L131<0,"negative profit",IF(L131>Notes!$B$4,"unusually high - verify",""))) | O131: both | P131: =IF(O131<>"both",O131&" only",IF(Q131="","agree","conflict")) -> agree | Q131: =IF(O131="both",TRIM(IF(I131<>"","price ","")&IF(K131<>"","xp ","")&IF(G131="differs","time","")),"") | R131: hayday.info (primary values) + Fandom (times, cross-check) | S131: https://hayday.fandom.com/wiki/Feed_Mill
A132: Goat Feed | B132: Feed Mill | C132: 32 | D132: 40 | E132: 34 | F132: 34 | G132: =IF(OR(F132="",AND(D132="",E132="")),"n/a",IF(F132=E132,"mastered",IF(F132=D132,"normal","differs"))) -> mastered | H132: 14 | J132: 3 | L132: 31.764706 | M132: 5.2941176 | N132: =IF(L132="","",IF(L132<0,"negative profit",IF(L132>Notes!$B$4,"unusually high - verify",""))) | O132: both | P132: =IF(O132<>"both",O132&" only",IF(Q132="","agree","conflict")) -> agree | Q132: =IF(O132="both",TRIM(IF(I132<>"","price ","")&IF(K132<>"","xp ","")&IF(G132="differs","time","")),"") | R132: hayday.info (primary values) + Fandom (times, cross-check) | S132: https://hayday.fandom.com/wiki/Feed_Mill
A133: Meat Bucket | B133: Feed Mill | C133: 34 | F133: 38 | G133: =IF(OR(F133="",AND(D133="",E133="")),"n/a",IF(F133=E133,"mastered",IF(F133=D133,"normal","differs"))) -> n/a | H133: 72 | J133: 15 | L133: 29.803922 | M133: 23.529412 | N133: =IF(L133="","",IF(L133<0,"negative profit",IF(L133>Notes!$B$4,"unusually high - verify",""))) | O133: hayday.info | P133: =IF(O133<>"both",O133&" only",IF(Q133="","agree","conflict")) -> hayday.info only | Q133: =IF(O133="both",TRIM(IF(I133<>"","price ","")&IF(K133<>"","xp ","")&IF(G133="differs","time","")),"") | R133: hayday.info /api/production-data only
A134: Wheat Bundle | B134: Feed Mill | C134: 34 | D134: 85 | E134: 76 | F134: 76 | G134: =IF(OR(F134="",AND(D134="",E134="")),"n/a",IF(F134=E134,"mastered",IF(F134=D134,"normal","differs"))) -> mastered | H134: 50 | J134: 10 | L134: -58.823529 | M134: 7.8431373 | N134: =IF(L134="","",IF(L134<0,"negative profit",IF(L134>Notes!$B$4,"unusually high - verify",""))) -> negative profit | O134: both | P134: =IF(O134<>"both",O134&" only",IF(Q134="","agree","conflict")) -> agree | Q134: =IF(O134="both",TRIM(IF(I134<>"","price ","")&IF(K134<>"","xp ","")&IF(G134="differs","time","")),"") | R134: hayday.info (primary values) + Fandom (times, cross-check) | S134: https://hayday.fandom.com/wiki/Feed_Mill
A135: Rustic Bouquet | B135: Flower Shop | C135: 49 | D135: 45 | E135: 38 | F135: 38 | G135: =IF(OR(F135="",AND(D135="",E135="")),"n/a",IF(F135=E135,"mastered",IF(F135=D135,"normal","differs"))) -> mastered | H135: 208 | J135: 25 | L135: 53.333333 | M135: 39.215686 | N135: =IF(L135="","",IF(L135<0,"negative profit",IF(L135>Notes!$B$4,"unusually high - verify",""))) | O135: both | P135: =IF(O135<>"both",O135&" only",IF(Q135="","agree","conflict")) -> agree | Q135: =IF(O135="both",TRIM(IF(I135<>"","price ","")&IF(K135<>"","xp ","")&IF(G135="differs","time","")),"") | R135: hayday.info (primary values) + Fandom (times, cross-check) | S135: https://hayday.fandom.com/wiki/Flower_Shop
A136: Bright Bouquet | B136: Flower Shop | C136: 65 | D136: 20 | E136: 17 | F136: 17 | G136: =IF(OR(F136="",AND(D136="",E136="")),"n/a",IF(F136=E136,"mastered",IF(F136=D136,"normal","differs"))) -> mastered | H136: 338 | J136: 40 | L136: 458.82353 | M136: 141.17647 | N136: =IF(L136="","",IF(L136<0,"negative profit",IF(L136>Notes!$B$4,"unusually high - verify",""))) -> unusually high - verify | O136: both | P136: =IF(O136<>"both",O136&" only",IF(Q136="","agree","conflict")) -> agree | Q136: =IF(O136="both",TRIM(IF(I136<>"","price ","")&IF(K136<>"","xp ","")&IF(G136="differs","time","")),"") | R136: hayday.info (primary values) + Fandom (times, cross-check) | S136: https://hayday.fandom.com/wiki/Flower_Shop
A137: Gracious Bouquet | B137: Flower Shop | C137: 73 | D137: 40 | E137: 34 | F137: 34 | G137: =IF(OR(F137="",AND(D137="",E137="")),"n/a",IF(F137=E137,"mastered",IF(F137=D137,"normal","differs"))) -> mastered | H137: 500 | J137: 60 | L137: 469.41176 | M137: 105.88235 | N137: =IF(L137="","",IF(L137<0,"negative profit",IF(L137>Notes!$B$4,"unusually high - verify",""))) -> unusually high - verify | O137: both | P137: =IF(O137<>"both",O137&" only",IF(Q137="","agree","conflict")) -> agree | Q137: =IF(O137="both",TRIM(IF(I137<>"","price ","")&IF(K137<>"","xp ","")&IF(G137="differs","time","")),"") | R137: hayday.info (primary values) + Fandom (times, cross-check) | S137: https://hayday.fandom.com/wiki/Flower_Shop
...

Sheet hayday_info
A1: Product | B1: Machine | C1: Level | D1: Time (min) | E1: Sell price | F1: XP | G1: Profit/hr (site) | H1: XP/hr (site) | I1: Flag | J1: Source
A2: Egg | B2: Animal Products | C2: 1 | D2: 20 | E2: 18 | F2: 2 | G2: 33 | H2: 6 | I2: =IF(G2<0,"negative profit",IF(G2>Notes!$B$4,"unusually high - verify","")) | J2: hayday.info /api/production-data (https://hayday.info/api/production-data)
A3: Milk | B3: Animal Products | C3: 6 | D3: 60 | E3: 32 | F3: 3 | G3: 18 | H3: 3 | I3: =IF(G3<0,"negative profit",IF(G3>Notes!$B$4,"unusually high - verify","")) | J3: hayday.info /api/production-data (https://hayday.info/api/production-data)
A4: Bacon | B4: Animal Products | C4: 10 | D4: 240 | E4: 50 | F4: 5 | G4: -2.5 | H4: 1.25 | I4: =IF(G4<0,"negative profit",IF(G4>Notes!$B$4,"unusually high - verify","")) -> negative profit | J4: hayday.info /api/production-data (https://hayday.info/api/production-data)
A5: Wool | B5: Animal Products | C5: 16 | D5: 360 | E5: 54 | F5: 5 | G5: -0.83333333 | H5: 0.83333333 | I5: =IF(G5<0,"negative profit",IF(G5>Notes!$B$4,"unusually high - verify","")) -> negative profit | J5: hayday.info /api/production-data (https://hayday.info/api/production-data)
A6: Goat milk | B6: Animal Products | C6: 32 | D6: 480 | E6: 64 | F6: 6 | G6: -1.25 | H6: 0.75 | I6: =IF(G6<0,"negative profit",IF(G6>Notes!$B$4,"unusually high - verify","")) -> negative profit | J6: hayday.info /api/production-data (https://hayday.info/api/production-data)
A7: Bread | B7: Bakery | C7: 2 | D7: 4 | E7: 21 | F7: 3 | G7: 169.41176 | H7: 42.352941 | I7: =IF(G7<0,"negative profit",IF(G7>Notes!$B$4,"unusually high - verify","")) | J7: hayday.info /api/production-data (https://hayday.info/api/production-data)
A8: Corn bread | B8: Bakery | C8: 7 | D8: 25 | E8: 72 | F8: 8 | G8: 51.764706 | H8: 18.823529 | I8: =IF(G8<0,"negative profit",IF(G8>Notes!$B$4,"unusually high - verify","")) | J8: hayday.info /api/production-data (https://hayday.info/api/production-data)
A9: Cookie | B9: Bakery | C9: 10 | D9: 51 | E9: 104 | F9: 13 | G9: 35.294118 | H9: 15.294118 | I9: =IF(G9<0,"negative profit",IF(G9>Notes!$B$4,"unusually high - verify","")) | J9: hayday.info /api/production-data (https://hayday.info/api/production-data)
A10: Raspberry muffin | B10: Bakery | C10: 19 | D10: 38 | E10: 140 | F10: 17 | G10: 37.647059 | H10: 26.666667 | I10: =IF(G10<0,"negative profit",IF(G10>Notes!$B$4,"unusually high - verify","")) | J10: hayday.info /api/production-data (https://hayday.info/api/production-data)
A11: Blackberry muffin | B11: Bakery | C11: 26 | D11: 38 | E11: 226 | F11: 27 | G11: 36.078431 | H11: 42.352941 | I11: =IF(G11<0,"negative profit",IF(G11>Notes!$B$4,"unusually high - verify","")) | J11: hayday.info /api/production-data (https://hayday.info/api/production-data)
A12: Pizza | B12: Bakery | C12: 33 | D12: 12 | E12: 190 | F12: 23 | G12: 89.411765 | H12: 108.23529 | I12: =IF(G12<0,"negative profit",IF(G12>Notes!$B$4,"unusually high - verify","")) | J12: hayday.info /api/production-data (https://hayday.info/api/production-data)
A13: Spicy pizza | B13: Bakery | C13: 37 | D13: 12 | E13: 226 | F13: 27 | G13: 89.411765 | H13: 127.05882 | I13: =IF(G13<0,"negative profit",IF(G13>Notes!$B$4,"unusually high - verify","")) | J13: hayday.info /api/production-data (https://hayday.info/api/production-data)
... A349: Tropical Yogurt | B349: Yogurt Maker | C349: 109 | D349: 51 | E349: 457 | F349: 54 | G349: -210.58824 | H349: 63.529412 | I349: =IF(G349<0,"negative profit",IF(G349>Notes!$B$4,"unusually high - verify","")) -> negative profit | J349: hayday.info /api/production-data (https://hayday.info/api/production-data)

Sheet fandom_all
A1: Product | B1: Machine | C1: Level | D1: Time normal (min) | E1: Time mastered (min) | F1: Sell price | G1: XP | H1: Note | I1: Source | J1: hayday.info time | K1: Time check | L1: hayday.info price | M1: Price check | N1: hayday.info XP | O1: XP check | P1: Level check
A2: Bread | B2: Bakery | C2: 2 | D2: 5 | E2: 4 | F2: 21 | G2: 3 | I2: Hay Day Wiki (Fandom) https://hayday.fandom.com/wiki/Bakery | J2: =IFERROR(INDEX(hayday_info!$D$2:$D$349,MATCH($A2,hayday_info!$A$2:$A$349,0)),"not found") -> 4 | K2: =IF(J2="not found","not in hayday.info",IF(J2=E2,"matches mastered",IF(J2=D2,"matches normal","differs"))) -> matches mastered | L2: =IFERROR(INDEX(hayday_info!$E$2:$E$349,MATCH($A2,hayday_info!$A$2:$A$349,0)),"not found") -> 21 | M2: =IF(L2="not found","not in hayday.info",IF(F2="","no Fandom value",IF(L2=F2,"match","differs"))) -> match | N2: =IFERROR(INDEX(hayday_info!$F$2:$F$349,MATCH($A2,hayday_info!$A$2:$A$349,0)),"not found") -> 3 | O2: =IF(N2="not found","not in hayday.info",IF(G2="","no Fandom value",IF(N2=G2,"match","differs"))) -> match | P2: =IF(J2="not found","not in hayday.info",IF(C2="","no Fandom value",IF(IFERROR(INDEX(hayday_info!$C$2:$C$349,MATCH($A2,hayday_info!$A$2:$A$349,0)),"not found")=C2,"match","differs"))) -> match
A3: Corn Bread | B3: Bakery | C3: 7 | D3: 30 | E3: 25 | F3: 72 | G3: 8 | I3: Hay Day Wiki (Fandom) https://hayday.fandom.com/wiki/Bakery | J3: =IFERROR(INDEX(hayday_info!$D$2:$D$349,MATCH($A3,hayday_info!$A$2:$A$349,0)),"not found") -> 25 | K3: =IF(J3="not found","not in hayday.info",IF(J3=E3,"matches mastered",IF(J3=D3,"matches normal","differs"))) -> matches mastered | L3: =IFERROR(INDEX(hayday_info!$E$2:$E$349,MATCH($A3,hayday_info!$A$2:$A$349,0)),"not found") -> 72 | M3: =IF(L3="not found","not in hayday.info",IF(F3="","no Fandom value",IF(L3=F3,"match","differs"))) -> match | N3: =IFERROR(INDEX(hayday_info!$F$2:$F$349,MATCH($A3,hayday_info!$A$2:$A$349,0)),"not found") -> 8 | O3: =IF(N3="not found","not in hayday.info",IF(G3="","no Fandom value",IF(N3=G3,"match","differs"))) -> match | P3: =IF(J3="not found","not in hayday.info",IF(C3="","no Fandom value",IF(IFERROR(INDEX(hayday_info!$C$2:$C$349,MATCH($A3,hayday_info!$A$2:$A$349,0)),"not found")=C3,"match","differs"))) -> match
A4: Cookie | B4: Bakery | C4: 10 | D4: 60 | E4: 51 | F4: 104 | G4: 13 | I4: Hay Day Wiki (Fandom) https://hayday.fandom.com/wiki/Bakery | J4: =IFERROR(INDEX(hayday_info!$D$2:$D$349,MATCH($A4,hayday_info!$A$2:$A$349,0)),"not found") -> 51 | K4: =IF(J4="not found","not in hayday.info",IF(J4=E4,"matches mastered",IF(J4=D4,"matches normal","differs"))) -> matches mastered | L4: =IFERROR(INDEX(hayday_info!$E$2:$E$349,MATCH($A4,hayday_info!$A$2:$A$349,0)),"not found") -> 104 | M4: =IF(L4="not found","not in hayday.info",IF(F4="","no Fandom value",IF(L4=F4,"match","differs"))) -> match | N4: =IFERROR(INDEX(hayday_info!$F$2:$F$349,MATCH($A4,hayday_info!$A$2:$A$349,0)),"not found") -> 13 | O4: =IF(N4="not found","not in hayday.info",IF(G4="","no Fandom value",IF(N4=G4,"match","differs"))) -> match | P4: =IF(J4="not found","not in hayday.info",IF(C4="","no Fandom value",IF(IFERROR(INDEX(hayday_info!$C$2:$C$349,MATCH($A4,hayday_info!$A$2:$A$349,0)),"not found")=C4,"match","differs"))) -> match
A5: Raspberry Muffin | B5: Bakery | C5: 19 | D5: 45 | E5: 38 | F5: 140 | G5: 17 | I5: Hay Day Wiki (Fandom) https://hayday.fandom.com/wiki/Bakery | J5: =IFERROR(INDEX(hayday_info!$D$2:$D$349,MATCH($A5,hayday_info!$A$2:$A$349,0)),"not found") -> 38 | K5: =IF(J5="not found","not in hayday.info",IF(J5=E5,"matches mastered",IF(J5=D5,"matches normal","differs"))) -> matches mastered | L5: =IFERROR(INDEX(hayday_info!$E$2:$E$349,MATCH($A5,hayday_info!$A$2:$A$349,0)),"not found") -> 140 | M5: =IF(L5="not found","not in hayday.info",IF(F5="","no Fandom value",IF(L5=F5,"match","differs"))) -> match | N5: =IFERROR(INDEX(hayday_info!$F$2:$F$349,MATCH($A5,hayday_info!$A$2:$A$349,0)),"not found") -> 17 | O5: =IF(N5="not found","not in hayday.info",IF(G5="","no Fandom value",IF(N5=G5,"match","differs"))) -> match | P5: =IF(J5="not found","not in hayday.info",IF(C5="","no Fandom value",IF(IFERROR(INDEX(hayday_info!$C$2:$C$349,MATCH($A5,hayday_info!$A$2:$A$349,0)),"not found")=C5,"match","differs"))) -> match
A6: Blackberry Muffin | B6: Bakery | C6: 26 | D6: 45 | E6: 38 | F6: 226 | G6: 27 | I6: Hay Day Wiki (Fandom) https://hayday.fandom.com/wiki/Bakery | J6: =IFERROR(INDEX(hayday_info!$D$2:$D$349,MATCH($A6,hayday_info!$A$2:$A$349,0)),"not found") -> 38 | K6: =IF(J6="not found","not in hayday.info",IF(J6=E6,"matches mastered",IF(J6=D6,"matches normal","differs"))) -> matches mastered | L6: =IFERROR(INDEX(hayday_info!$E$2:$E$349,MATCH($A6,hayday_info!$A$2:$A$349,0)),"not found") -> 226 | M6: =IF(L6="not found","not in hayday.info",IF(F6="","no Fandom value",IF(L6=F6,"match","differs"))) -> match | N6: =IFERROR(INDEX(hayday_info!$F$2:$F$349,MATCH($A6,hayday_info!$A$2:$A$349,0)),"not found") -> 27 | O6: =IF(N6="not found","not in hayday.info",IF(G6="","no Fandom value",IF(N6=G6,"match","differs"))) -> match | P6: =IF(J6="not found","not in hayday.info",IF(C6="","no Fandom value",IF(IFERROR(INDEX(hayday_info!$C$2:$C$349,MATCH($A6,hayday_info!$A$2:$A$349,0)),"not found")=C6,"match","differs"))) -> match
A7: Pizza | B7: Bakery | C7: 33 | D7: 15 | E7: 12 | F7: 190 | G7: 23 | I7: Hay Day Wiki (Fandom) https://hayday.fandom.com/wiki/Bakery | J7: =IFERROR(INDEX(hayday_info!$D$2:$D$349,MATCH($A7,hayday_info!$A$2:$A$349,0)),"not found") -> 12 | K7: =IF(J7="not found","not in hayday.info",IF(J7=E7,"matches mastered",IF(J7=D7,"matches normal","differs"))) -> matches mastered | L7: =IFERROR(INDEX(hayday_info!$E$2:$E$349,MATCH($A7,hayday_info!$A$2:$A$349,0)),"not found") -> 190 | M7: =IF(L7="not found","not in hayday.info",IF(F7="","no Fandom value",IF(L7=F7,"match","differs"))) -> match | N7: =IFERROR(INDEX(hayday_info!$F$2:$F$349,MATCH($A7,hayday_info!$A$2:$A$349,0)),"not found") -> 23 | O7: =IF(N7="not found","not in hayday.info",IF(G7="","no Fandom value",IF(N7=G7,"match","differs"))) -> match | P7: =IF(J7="not found","not in hayday.info",IF(C7="","no Fandom value",IF(IFERROR(INDEX(hayday_info!$C$2:$C$349,MATCH($A7,hayday_info!$A$2:$A$349,0)),"not found")=C7,"match","differs"))) -> match
A8: Spicy Pizza | B8: Bakery | C8: 37 | D8: 15 | E8: 12 | F8: 226 | G8: 27 | I8: Hay Day Wiki (Fandom) https://hayday.fandom.com/wiki/Bakery | J8: =IFERROR(INDEX(hayday_info!$D$2:$D$349,MATCH($A8,hayday_info!$A$2:$A$349,0)),"not found") -> 12 | K8: =IF(J8="not found","not in hayday.info",IF(J8=E8,"matches mastered",IF(J8=D8,"matches normal","differs"))) -> matches mastered | L8: =IFERROR(INDEX(hayday_info!$E$2:$E$349,MATCH($A8,hayday_info!$A$2:$A$349,0)),"not found") -> 226 | M8: =IF(L8="not found","not in hayday.info",IF(F8="","no Fandom value",IF(L8=F8,"match","differs"))) -> match | N8: =IFERROR(INDEX(hayday_info!$F$2:$F$349,MATCH($A8,hayday_info!$A$2:$A$349,0)),"not found") -> 27 | O8: =IF(N8="not found","not in hayday.info",IF(G8="","no Fandom value",IF(N8=G8,"match","differs"))) -> match | P8: =IF(J8="not found","not in hayday.info",IF(C8="","no Fandom value",IF(IFERROR(INDEX(hayday_info!$C$2:$C$349,MATCH($A8,hayday_info!$A$2:$A$349,0)),"not found")=C8,"match","differs"))) -> match
A9: Potato Bread | B9: Bakery | C9: 39 | D9: 45 | E9: 38 | F9: 284 | G9: 34 | I9: Hay Day Wiki (Fandom) https://hayday.fandom.com/wiki/Bakery | J9: =IFERROR(INDEX(hayday_info!$D$2:$D$349,MATCH($A9,hayday_info!$A$2:$A$349,0)),"not found") -> 38 | K9: =IF(J9="not found","not in hayday.info",IF(J9=E9,"matches mastered",IF(J9=D9,"matches normal","differs"))) -> matches mastered | L9: =IFERROR(INDEX(hayday_info!$E$2:$E$349,MATCH($A9,hayday_info!$A$2:$A$349,0)),"not found") -> 284 | M9: =IF(L9="not found","not in hayday.info",IF(F9="","no Fandom value",IF(L9=F9,"match","differs"))) -> match | N9: =IFERROR(INDEX(hayday_info!$F$2:$F$349,MATCH($A9,hayday_info!$A$2:$A$349,0)),"not found") -> 34 | O9: =IF(N9="not found","not in hayday.info",IF(G9="","no Fandom value",IF(N9=G9,"match","differs"))) -> match | P9: =IF(J9="not found","not in hayday.info",IF(C9="","no Fandom value",IF(IFERROR(INDEX(hayday_info!$C$2:$C$349,MATCH($A9,hayday_info!$A$2:$A$349,0)),"not found")=C9,"match","differs"))) -> match
A10: Cream | B10: Dairy | C10: 6 | D10: 20 | E10: 17 | F10: 50 | G10: 6 | I10: Hay Day Wiki (Fandom) https://hayday.fandom.com/wiki/Dairy | J10: =IFERROR(INDEX(hayday_info!$D$2:$D$349,MATCH($A10,hayday_info!$A$2:$A$349,0)),"not found") -> 17 | K10: =IF(J10="not found","not in hayday.info",IF(J10=E10,"matches mastered",IF(J10=D10,"matches normal","differs"))) -> matches mastered | L10: =IFERROR(INDEX(hayday_info!$E$2:$E$349,MATCH($A10,hayday_info!$A$2:$A$349,0)),"not found") -> 50 | M10: =IF(L10="not found","not in hayday.info",IF(F10="","no Fandom value",IF(L10=F10,"match","differs"))) -> match | N10: =IFERROR(INDEX(hayday_info!$F$2:$F$349,MATCH($A10,hayday_info!$A$2:$A$349,0)),"not found") -> 6 | O10: =IF(N10="not found","not in hayday.info",IF(G10="","no Fandom value",IF(N10=G10,"match","differs"))) -> match | P10: =IF(J10="not found","not in hayday.info",IF(C10="","no Fandom value",IF(IFERROR(INDEX(hayday_info!$C$2:$C$349,MATCH($A10,hayday_info!$A$2:$A$349,0)),"not found")=C10,"match","differs"))) -> match
A11: Butter | B11: Dairy | C11: 9 | D11: 30 | E11: 25 | F11: 82 | G11: 10 | I11: Hay Day Wiki (Fandom) https://hayday.fandom.com/wiki/Dairy | J11: =IFERROR(INDEX(hayday_info!$D$2:$D$349,MATCH($A11,hayday_info!$A$2:$A$349,0)),"not found") -> 25 | K11: =IF(J11="not found","not in hayday.info",IF(J11=E11,"matches mastered",IF(J11=D11,"matches normal","differs"))) -> matches mastered | L11: =IFERROR(INDEX(hayday_info!$E$2:$E$349,MATCH($A11,hayday_info!$A$2:$A$349,0)),"not found") -> 82 | M11: =IF(L11="not found","not in hayday.info",IF(F11="","no Fandom value",IF(L11=F11,"match","differs"))) -> match | N11: =IFERROR(INDEX(hayday_info!$F$2:$F$349,MATCH($A11,hayday_info!$A$2:$A$349,0)),"not found") -> 10 | O11: =IF(N11="not found","not in hayday.info",IF(G11="","no Fandom value",IF(N11=G11,"match","differs"))) -> match | P11: =IF(J11="not found","not in hayday.info",IF(C11="","no Fandom value",IF(IFERROR(INDEX(hayday_info!$C$2:$C$349,MATCH($A11,hayday_info!$A$2:$A$349,0)),"not found")=C11,"match","differs"))) -> match
A12: Cheese | B12: Dairy | C12: 12 | D12: 60 | E12: 51 | F12: 122 | G12: 15 | I12: Hay Day Wiki (Fandom) https://hayday.fandom.com/wiki/Dairy | J12: =IFERROR(INDEX(hayday_info!$D$2:$D$349,MATCH($A12,hayday_info!$A$2:$A$349,0)),"not found") -> 51 | K12: =IF(J12="not found","not in hayday.info",IF(J12=E12,"matches mastered",IF(J12=D12,"matches normal","differs"))) -> matches mastered | L12: =IFERROR(INDEX(hayday_info!$E$2:$E$349,MATCH($A12,hayday_info!$A$2:$A$349,0)),"not found") -> 122 | M12: =IF(L12="not found","not in hayday.info",IF(F12="","no Fandom value",IF(L12=F12,"match","differs"))) -> match | N12: =IFERROR(INDEX(hayday_info!$F$2:$F$349,MATCH($A12,hayday_info!$A$2:$A$349,0)),"not found") -> 15 | O12: =IF(N12="not found","not in hayday.info",IF(G12="","no Fandom value",IF(N12=G12,"match","differs"))) -> match | P12: =IF(J12="not found","not in hayday.info",IF(C12="","no Fandom value",IF(IFERROR(INDEX(hayday_info!$C$2:$C$349,MATCH($A12,hayday_info!$A$2:$A$349,0)),"not found")=C12,"match","differs"))) -> match
A13: Goat Cheese | B13: Dairy | C13: 33 | D13: 90 | E13: 76 | F13: 162 | G13: 19 | I13: Hay Day Wiki (Fandom) https://hayday.fandom.com/wiki/Dairy | J13: =IFERROR(INDEX(hayday_info!$D$2:$D$349,MATCH($A13,hayday_info!$A$2:$A$349,0)),"not found") -> 76 | K13: =IF(J13="not found","not in hayday.info",IF(J13=E13,"matches mastered",IF(J13=D13,"matches normal","differs"))) -> matches mastered | L13: =IFERROR(INDEX(hayday_info!$E$2:$E$349,MATCH($A13,hayday_info!$A$2:$A$349,0)),"not found") -> 162 | M13: =IF(L13="not found","not in hayday.info",IF(F13="","no Fandom value",IF(L13=F13,"match","differs"))) -> match | N13: =IFERROR(INDEX(hayday_info!$F$2:$F$349,MATCH($A13,hayday_info!$A$2:$A$349,0)),"not found") -> 19 | O13: =IF(N13="not found","not in hayday.info",IF(G13="","no Fandom value",IF(N13=G13,"match","differs"))) -> match | P13: =IF(J13="not found","not in hayday.info",IF(C13="","no Fandom value",IF(IFERROR(INDEX(hayday_info!$C$2:$C$349,MATCH($A13,hayday_info!$A$2:$A$349,0)),"not found")=C13,"match","differs"))) -> match
... A49: Goat feed | B49: Feed Mill | C49: 32 | D49: 40 | E49: 34 | F49: 14 | G49: 3 | I49: Hay Day Wiki (Fandom) https://hayday.fandom.com/wiki/Feed_Mill | J49: =IFERROR(INDEX(hayday_info!$D$2:$D$349,MATCH($A49,hayday_info!$A$2:$A$349,0)),"not found") -> 34 | K49: =IF(J49="not found","not in hayday.info",IF(J49=E49,"matches mastered",IF(J49=D49,"matches normal","differs"))) -> matches mastered | L49: =IFERROR(INDEX(hayday_info!$E$2:$E$349,MATCH($A49,hayday_info!$A$2:$A$349,0)),"not found") -> 14 | M49: =IF(L49="not found","not in hayday.info",IF(F49="","no Fandom value",IF(L49=F49,"match","differs"))) -> match | N49: =IFERROR(INDEX(hayday_info!$F$2:$F$349,MATCH($A49,hayday_info!$A$2:$A$349,0)),"not found") -> 3 | O49: =IF(N49="not found","not in hayday.info",IF(G49="","no Fandom value",IF(N49=G49,"match","differs"))) -> match | P49: =IF(J49="not found","not in hayday.info",IF(C49="","no Fandom value",IF(IFERROR(INDEX(hayday_info!$C$2:$C$349,MATCH($A49,hayday_info!$A$2:$A$349,0)),"not found")=C49,"match","differs"))) -> match
A50: Wheat Bundle | B50: Feed Mill | D50: 85 | E50: 76 | F50: 50 | G50: 10 | H50: Level shown on page as 'Rep 3' (reputation requirement), left blank | I50: Hay Day Wiki (Fandom) https://hayday.fandom.com/wiki/Feed_Mill | J50: =IFERROR(INDEX(hayday_info!$D$2:$D$349,MATCH($A50,hayday_info!$A$2:$A$349,0)),"not found") -> 76 | K50: =IF(J50="not found","not in hayday.info",IF(J50=E50,"matches mastered",IF(J50=D50,"matches normal","differs"))) -> matches mastered | L50: =IFERROR(INDEX(hayday_info!$E$2:$E$349,MATCH($A50,hayday_info!$A$2:$A$349,0)),"not found") -> 50 | M50: =IF(L50="not found","not in hayday.info",IF(F50="","no Fandom value",IF(L50=F50,"match","differs"))) -> match | N50: =IFERROR(INDEX(hayday_info!$F$2:$F$349,MATCH($A50,hayday_info!$A$2:$A$349,0)),"not found") -> 10 | O50: =IF(N50="not found","not in hayday.info",IF(G50="","no Fandom value",IF(N50=G50,"match","differs"))) -> match | P50: =IF(J50="not found","not in hayday.info",IF(C50="","no Fandom value",IF(IFERROR(INDEX(hayday_info!$C$2:$C$349,MATCH($A50,hayday_info!$A$2:$A$349,0)),"not found")=C50,"match","differs"))) -> no Fandom value
A51: Sweater | B51: Loom | C51: 17 | D51: 120 | E51: 102 | F51: 151 | G51: 18 | I51: Hay Day Wiki (Fandom) https://hayday.fandom.com/wiki/Loom | J51: =IFERROR(INDEX(hayday_info!$D$2:$D$349,MATCH($A51,hayday_info!$A$2:$A$349,0)),"not found") -> 102 | K51: =IF(J51="not found","not in hayday.info",IF(J51=E51,"matches mastered",IF(J51=D51,"matches normal","differs"))) -> matches mastered | L51: =IFERROR(INDEX(hayday_info!$E$2:$E$349,MATCH($A51,hayday_info!$A$2:$A$349,0)),"not found") -> 151 | M51: =IF(L51="not found","not in hayday.info",IF(F51="","no Fandom value",IF(L51=F51,"match","differs"))) -> match | N51: =IFERROR(INDEX(hayday_info!$F$2:$F$349,MATCH($A51,hayday_info!$A$2:$A$349,0)),"not found") -> 18 | O51: =IF(N51="not found","not in hayday.info",IF(G51="","no Fandom value",IF(N51=G51,"match","differs"))) -> match | P51: =IF(J51="not found","not in hayday.info",IF(C51="","no Fandom value",IF(IFERROR(INDEX(hayday_info!$C$2:$C$349,MATCH($A51,hayday_info!$A$2:$A$349,0)),"not found")=C51,"match","differs"))) -> match
A52: Cotton fabric | B52: Loom | C52: 18 | D52: 30 | E52: 25 | F52: 108 | G52: 13 | I52: Hay Day Wiki (Fandom) https://hayday.fandom.com/wiki/Loom | J52: =IFERROR(INDEX(hayday_info!$D$2:$D$349,MATCH($A52,hayday_info!$A$2:$A$349,0)),"not found") -> 25 | K52: =IF(J52="not found","not in hayday.info",IF(J52=E52,"matches mastered",IF(J52=D52,"matches normal","differs"))) -> matches mastered | L52: =IFERROR(INDEX(hayday_info!$E$2:$E$349,MATCH($A52,hayday_info!$A$2:$A$349,0)),"not found") -> 108 | M52: =IF(L52="not found","not in hayday.info",IF(F52="","no Fandom value",IF(L52=F52,"match","differs"))) -> match | N52: =IFERROR(INDEX(hayday_info!$F$2:$F$349,MATCH($A52,hayday_info!$A$2:$A$349,0)),"not found") -> 13 | O52: =IF(N52="not found","not in hayday.info",IF(G52="","no Fandom value",IF(N52=G52,"match","differs"))) -> match | P52: =IF(J52="not found","not in hayday.info",IF(C52="","no Fandom value",IF(IFERROR(INDEX(hayday_info!$C$2:$C$349,MATCH($A52,hayday_info!$A$2:$A$349,0)),"not found")=C52,"match","differs"))) -> match
A53: Blue woolly hat | B53: Loom | C53: 19 | D53: 60 | E53: 51 | F53: 111 | G53: 13 | I53: Hay Day Wiki (Fandom) https://hayday.fandom.com/wiki/Loom | J53: =IFERROR(INDEX(hayday_info!$D$2:$D$349,MATCH($A53,hayday_info!$A$2:$A$349,0)),"not found") -> 51 | K53: =IF(J53="not found","not in hayday.info",IF(J53=E53,"matches mastered",IF(J53=D53,"matches normal","differs"))) -> matches mastered | L53: =IFERROR(INDEX(hayday_info!$E$2:$E$349,MATCH($A53,hayday_info!$A$2:$A$349,0)),"not found") -> 111 | M53: =IF(L53="not found","not in hayday.info",IF(F53="","no Fandom value",IF(L53=F53,"match","differs"))) -> match | N53: =IFERROR(INDEX(hayday_info!$F$2:$F$349,MATCH($A53,hayday_info!$A$2:$A$349,0)),"not found") -> 13 | O53: =IF(N53="not found","not in hayday.info",IF(G53="","no Fandom value",IF(N53=G53,"match","differs"))) -> match | P53: =IF(J53="not found","not in hayday.info",IF(C53="","no Fandom value",IF(IFERROR(INDEX(hayday_info!$C$2:$C$349,MATCH($A53,hayday_info!$A$2:$A$349,0)),"not found")=C53,"match","differs"))) -> match
A54: Blue sweater | B54: Loom | C54: 20 | D54: 180 | E54: 153 | F54: 208 | G54: 25 | I54: Hay Day Wiki (Fandom) https://hayday.fandom.com/wiki/Loom | J54: =IFERROR(INDEX(hayday_info!$D$2:$D$349,MATCH($A54,hayday_info!$A$2:$A$349,0)),"not found") -> 153 | K54: =IF(J54="not found","not in hayday.info",IF(J54=E54,"matches mastered",IF(J54=D54,"matches normal","differs"))) -> matches mastered | L54: =IFERROR(INDEX(hayday_info!$E$2:$E$349,MATCH($A54,hayday_info!$A$2:$A$349,0)),"not found") -> 208 | M54: =IF(L54="not found","not in hayday.info",IF(F54="","no Fandom value",IF(L54=F54,"match","differs"))) -> match | N54: =IFERROR(INDEX(hayday_info!$F$2:$F$349,MATCH($A54,hayday_info!$A$2:$A$349,0)),"not found") -> 25 | O54: =IF(N54="not found","not in hayday.info",IF(G54="","no Fandom value",IF(N54=G54,"match","differs"))) -> match | P54: =IF(J54="not found","not in hayday.info",IF(C54="","no Fandom value",IF(IFERROR(INDEX(hayday_info!$C$2:$C$349,MATCH($A54,hayday_info!$A$2:$A$349,0)),"not found")=C54,"match","differs"))) -> match
A55: Red scarf | B55: Loom | C55: 48 | D55: 150 | E55: 127 | F55: 288 | G55: 34 | I55: Hay Day Wiki (Fandom) https://hayday.fandom.com/wiki/Loom | J55: =IFERROR(INDEX(hayday_info!$D$2:$D$349,MATCH($A55,hayday_info!$A$2:$A$349,0)),"not found") -> 127 | K55: =IF(J55="not found","not in hayday.info",IF(J55=E55,"matches mastered",IF(J55=D55,"matches normal","differs"))) -> matches mastered | L55: =IFERROR(INDEX(hayday_info!$E$2:$E$349,MATCH($A55,hayday_info!$A$2:$A$349,0)),"not found") -> 288 | M55: =IF(L55="not found","not in hayday.info",IF(F55="","no Fandom value",IF(L55=F55,"match","differs"))) -> match | N55: =IFERROR(INDEX(hayday_info!$F$2:$F$349,MATCH($A55,hayday_info!$A$2:$A$349,0)),"not found") -> 34 | O55: =IF(N55="not found","not in hayday.info",IF(G55="","no Fandom value",IF(N55=G55,"match","differs"))) -> match | P55: =IF(J55="not found","not in hayday.info",IF(C55="","no Fandom value",IF(IFERROR(INDEX(hayday_info!$C$2:$C$349,MATCH($A55,hayday_info!$A$2:$A$349,0)),"not found")=C55,"match","differs"))) -> match
A56: Flower shawl | B56: Loom | C56: 71 | D56: 90 | E56: 76 | F56: 295 | G56: 35 | I56: Hay Day Wiki (Fandom) https://hayday.fandom.com/wiki/Loom | J56: =IFERROR(INDEX(hayday_info!$D$2:$D$349,MATCH($A56,hayday_info!$A$2:$A$349,0)),"not found") -> 76 | K56: =IF(J56="not found","not in hayday.info",IF(J56=E56,"matches mastered",IF(J56=D56,"matches normal","differs"))) -> matches mastered | L56: =IFERROR(INDEX(hayday_info!$E$2:$E$349,MATCH($A56,hayday_info!$A$2:$A$349,0)),"not found") -> 295 | M56: =IF(L56="not found","not in hayday.info",IF(F56="","no Fandom value",IF(L56=F56,"match","differs"))) -> match | N56: =IFERROR(INDEX(hayday_info!$F$2:$F$349,MATCH($A56,hayday_info!$A$2:$A$349,0)),"not found") -> 35 | O56: =IF(N56="not found","not in hayday.info",IF(G56="","no Fandom value",IF(N56=G56,"match","differs"))) -> match | P56: =IF(J56="not found","not in hayday.info",IF(C56="","no Fandom value",IF(IFERROR(INDEX(hayday_info!$C$2:$C$349,MATCH($A56,hayday_info!$A$2:$A$349,0)),"not found")=C56,"match","differs"))) -> match
A57: Cotton Shirt | B57: Sewing Machine | C57: 19 | D57: 45 | E57: 38 | F57: 241 | G57: 29 | I57: Hay Day Wiki (Fandom) https://hayday.fandom.com/wiki/Sewing_Machine | J57: =IFERROR(INDEX(hayday_info!$D$2:$D$349,MATCH($A57,hayday_info!$A$2:$A$349,0)),"not found") -> 38 | K57: =IF(J57="not found","not in hayday.info",IF(J57=E57,"matches mastered",IF(J57=D57,"matches normal","differs"))) -> matches mastered | L57: =IFERROR(INDEX(hayday_info!$E$2:$E$349,MATCH($A57,hayday_info!$A$2:$A$349,0)),"not found") -> 241 | M57: =IF(L57="not found","not in hayday.info",IF(F57="","no Fandom value",IF(L57=F57,"match","differs"))) -> match | N57: =IFERROR(INDEX(hayday_info!$F$2:$F$349,MATCH($A57,hayday_info!$A$2:$A$349,0)),"not found") -> 29 | O57: =IF(N57="not found","not in hayday.info",IF(G57="","no Fandom value",IF(N57=G57,"match","differs"))) -> match | P57: =IF(J57="not found","not in hayday.info",IF(C57="","no Fandom value",IF(IFERROR(INDEX(hayday_info!$C$2:$C$349,MATCH($A57,hayday_info!$A$2:$A$349,0)),"not found")=C57,"match","differs"))) -> match
A58: Wooly Chaps | B58: Sewing Machine | C58: 21 | D58: 90 | E58: 76 | F58: 309 | G58: 37 | I58: Hay Day Wiki (Fandom) https://hayday.fandom.com/wiki/Sewing_Machine | J58: =IFERROR(INDEX(hayday_info!$D$2:$D$349,MATCH($A58,hayday_info!$A$2:$A$349,0)),"not found") -> 76 | K58: =IF(J58="not found","not in hayday.info",IF(J58=E58,"matches mastered",IF(J58=D58,"matches normal","differs"))) -> matches mastered | L58: =IFERROR(INDEX(hayday_info!$E$2:$E$349,MATCH($A58,hayday_info!$A$2:$A$349,0)),"not found") -> 309 | M58: =IF(L58="not found","not in hayday.info",IF(F58="","no Fandom value",IF(L58=F58,"match","differs"))) -> match | N58: =IFERROR(INDEX(hayday_info!$F$2:$F$349,MATCH($A58,hayday_info!$A$2:$A$349,0)),"not found") -> 37 | O58: =IF(N58="not found","not in hayday.info",IF(G58="","no Fandom value",IF(N58=G58,"match","differs"))) -> match | P58: =IF(J58="not found","not in hayday.info",IF(C58="","no Fandom value",IF(IFERROR(INDEX(hayday_info!$C$2:$C$349,MATCH($A58,hayday_info!$A$2:$A$349,0)),"not found")=C58,"match","differs"))) -> match
A59: Violet Dress | B59: Sewing Machine | C59: 25 | D59: 135 | E59: 114 | F59: 327 | G59: 39 | I59: Hay Day Wiki (Fandom) https://hayday.fandom.com/wiki/Sewing_Machine | J59: =IFERROR(INDEX(hayday_info!$D$2:$D$349,MATCH($A59,hayday_info!$A$2:$A$349,0)),"not found") -> 114 | K59: =IF(J59="not found","not in hayday.info",IF(J59=E59,"matches mastered",IF(J59=D59,"matches normal","differs"))) -> matches mastered | L59: =IFERROR(INDEX(hayday_info!$E$2:$E$349,MATCH($A59,hayday_info!$A$2:$A$349,0)),"not found") -> 327 | M59: =IF(L59="not found","not in hayday.info",IF(F59="","no Fandom value",IF(L59=F59,"match","differs"))) -> match | N59: =IFERROR(INDEX(hayday_info!$F$2:$F$349,MATCH($A59,hayday_info!$A$2:$A$349,0)),"not found") -> 39 | O59: =IF(N59="not found","not in hayday.info",IF(G59="","no Fandom value",IF(N59=G59,"match","differs"))) -> match | P59: =IF(J59="not found","not in hayday.info",IF(C59="","no Fandom value",IF(IFERROR(INDEX(hayday_info!$C$2:$C$349,MATCH($A59,hayday_info!$A$2:$A$349,0)),"not found")=C59,"match","differs"))) -> match
A60: Pillow | B60: Sewing Machine | C60: 51 | D60: 180 | E60: 153 | F60: 676 | G60: 81 | I60: Hay Day Wiki (Fandom) https://hayday.fandom.com/wiki/Sewing_Machine | J60: =IFERROR(INDEX(hayday_info!$D$2:$D$349,MATCH($A60,hayday_info!$A$2:$A$349,0)),"not found") -> 153 | K60: =IF(J60="not found","not in hayday.info",IF(J60=E60,"matches mastered",IF(J60=D60,"matches normal","differs"))) -> matches mastered | L60: =IFERROR(INDEX(hayday_info!$E$2:$E$349,MATCH($A60,hayday_info!$A$2:$A$349,0)),"not found") -> 676 | M60: =IF(L60="not found","not in hayday.info",IF(F60="","no Fandom value",IF(L60=F60,"match","differs"))) -> match | N60: =IFERROR(INDEX(hayday_info!$F$2:$F$349,MATCH($A60,hayday_info!$A$2:$A$349,0)),"not found") -> 81 | O60: =IF(N60="not found","not in hayday.info",IF(G60="","no Fandom value",IF(N60=G60,"match","differs"))) -> match | P60: =IF(J60="not found","not in hayday.info",IF(C60="","no Fandom value",IF(IFERROR(INDEX(hayday_info!$C$2:$C$349,MATCH($A60,hayday_info!$A$2:$A$349,0)),"not found")=C60,"match","differs"))) -> match
A61: Blanket | B61: Sewing Machine | C61: 59 | D61: 210 | E61: 178 | F61: 1098 | G61: 131 | I61: Hay Day Wiki (Fandom) https://hayday.fandom.com/wiki/Sewing_Machine | J61: =IFERROR(INDEX(hayday_info!$D$2:$D$349,MATCH($A61,hayday_info!$A$2:$A$349,0)),"not found") -> 178 | K61: =IF(J61="not found","not in hayday.info",IF(J61=E61,"matches mastered",IF(J61=D61,"matches normal","differs"))) -> matches mastered | L61: =IFERROR(INDEX(hayday_info!$E$2:$E$349,MATCH($A61,hayday_info!$A$2:$A$349,0)),"not found") -> 1098 | M61: =IF(L61="not found","not in hayday.info",IF(F61="","no Fandom value",IF(L61=F61,"match","differs"))) -> match | N61: =IFERROR(INDEX(hayday_info!$F$2:$F$349,MATCH($A61,hayday_info!$A$2:$A$349,0)),"not found") -> 131 | O61: =IF(N61="not found","not in hayday.info",IF(G61="","no Fandom value",IF(N61=G61,"match","differs"))) -> match | P61: =IF(J61="not found","not in hayday.info",IF(C61="","no Fandom value",IF(IFERROR(INDEX(hayday_info!$C$2:$C$349,MATCH($A61,hayday_info!$A$2:$A$349,0)),"not found")=C61,"match","differs"))) -> match
A62: Carrot juice | B62: Juice Press | C62: 26 | D62: 30 | E62: 25 | F62: 46 | G62: 6 | I62: Hay Day Wiki (Fandom) https://hayday.fandom.com/wiki/Juice_Press | J62: =IFERROR(INDEX(hayday_info!$D$2:$D$349,MATCH($A62,hayday_info!$A$2:$A$349,0)),"not found") -> 25 | K62: =IF(J62="not found","not in hayday.info",IF(J62=E62,"matches mastered",IF(J62=D62,"matches normal","differs"))) -> matches mastered | L62: =IFERROR(INDEX(hayday_info!$E$2:$E$349,MATCH($A62,hayday_info!$A$2:$A$349,0)),"not found") -> 46 | M62: =IF(L62="not found","not in hayday.info",IF(F62="","no Fandom value",IF(L62=F62,"match","differs"))) -> match | N62: =IFERROR(INDEX(hayday_info!$F$2:$F$349,MATCH($A62,hayday_info!$A$2:$A$349,0)),"not found") -> 6 | O62: =IF(N62="not found","not in hayday.info",IF(G62="","no Fandom value",IF(N62=G62,"match","differs"))) -> match | P62: =IF(J62="not found","not in hayday.info",IF(C62="","no Fandom value",IF(IFERROR(INDEX(hayday_info!$C$2:$C$349,MATCH($A62,hayday_info!$A$2:$A$349,0)),"not found")=C62,"match","differs"))) -> match
... A89: Grape jam | B89: Jam Maker | C89: 85 | D89: 390 | E89: 330 | F89: 162 | G89: 19 | I89: Hay Day Wiki (Fandom) https://hayday.fandom.com/wiki/Jam_Maker | J89: =IFERROR(INDEX(hayday_info!$D$2:$D$349,MATCH($A89,hayday_info!$A$2:$A$349,0)),"not found") -> 331 | K89: =IF(J89="not found","not in hayday.info",IF(J89=E89,"matches mastered",IF(J89=D89,"matches normal","differs"))) -> differs | L89: =IFERROR(INDEX(hayday_info!$E$2:$E$349,MATCH($A89,hayday_info!$A$2:$A$349,0)),"not found") -> 162 | M89: =IF(L89="not found","not in hayday.info",IF(F89="","no Fandom value",IF(L89=F89,"match","differs"))) -> match | N89: =IFERROR(INDEX(hayday_info!$F$2:$F$349,MATCH($A89,hayday_info!$A$2:$A$349,0)),"not found") -> 19 | O89: =IF(N89="not found","not in hayday.info",IF(G89="","no Fandom value",IF(N89=G89,"match","differs"))) -> match | P89: =IF(J89="not found","not in hayday.info",IF(C89="","no Fandom value",IF(IFERROR(INDEX(hayday_info!$C$2:$C$349,MATCH($A89,hayday_info!$A$2:$A$349,0)),"not found")=C89,"match","differs"))) -> match
A90: Plum jam | B90: Jam Maker | C90: 94 | D90: 300 | E90: 255 | H90: Sell price and XP not listed on the page | I90: Hay Day Wiki (Fandom) https://hayday.fandom.com/wiki/Jam_Maker | J90: =IFERROR(INDEX(hayday_info!$D$2:$D$349,MATCH($A90,hayday_info!$A$2:$A$349,0)),"not found") -> 255 | K90: =IF(J90="not found","not in hayday.info",IF(J90=E90,"matches mastered",IF(J90=D90,"matches normal","differs"))) -> matches mastered | L90: =IFERROR(INDEX(hayday_info!$E$2:$E$349,MATCH($A90,hayday_info!$A$2:$A$349,0)),"not found") -> 385 | M90: =IF(L90="not found","not in hayday.info",IF(F90="","no Fandom value",IF(L90=F90,"match","differs"))) -> no Fandom value | N90: =IFERROR(INDEX(hayday_info!$F$2:$F$349,MATCH($A90,hayday_info!$A$2:$A$349,0)),"not found") -> 46 | O90: =IF(N90="not found","not in hayday.info",IF(G90="","no Fandom value",IF(N90=G90,"match","differs"))) -> no Fandom value | P90: =IF(J90="not found","not in hayday.info",IF(C90="","no Fandom value",IF(IFERROR(INDEX(hayday_info!$C$2:$C$349,MATCH($A90,hayday_info!$A$2:$A$349,0)),"not found")=C90,"match","differs"))) -> match
A91: Bracelet | B91: Jeweler | C91: 38 | D91: 120 | E91: 102 | F91: 514 | G91: 61 | I91: Hay Day Wiki (Fandom) https://hayday.fandom.com/wiki/Jeweler | J91: =IFERROR(INDEX(hayday_info!$D$2:$D$349,MATCH($A91,hayday_info!$A$2:$A$349,0)),"not found") -> 102 | K91: =IF(J91="not found","not in hayday.info",IF(J91=E91,"matches mastered",IF(J91=D91,"matches normal","differs"))) -> matches mastered | L91: =IFERROR(INDEX(hayday_info!$E$2:$E$349,MATCH($A91,hayday_info!$A$2:$A$349,0)),"not found") -> 514 | M91: =IF(L91="not found","not in hayday.info",IF(F91="","no Fandom value",IF(L91=F91,"match","differs"))) -> match | N91: =IFERROR(INDEX(hayday_info!$F$2:$F$349,MATCH($A91,hayday_info!$A$2:$A$349,0)),"not found") -> 61 | O91: =IF(N91="not found","not in hayday.info",IF(G91="","no Fandom value",IF(N91=G91,"match","differs"))) -> match | P91: =IF(J91="not found","not in hayday.info",IF(C91="","no Fandom value",IF(IFERROR(INDEX(hayday_info!$C$2:$C$349,MATCH($A91,hayday_info!$A$2:$A$349,0)),"not found")=C91,"match","differs"))) -> match
A92: Necklace | B92: Jeweler | C92: 39 | D92: 180 | E92: 153 | F92: 727 | G92: 87 | I92: Hay Day Wiki (Fandom) https://hayday.fandom.com/wiki/Jeweler | J92: =IFERROR(INDEX(hayday_info!$D$2:$D$349,MATCH($A92,hayday_info!$A$2:$A$349,0)),"not found") -> 153 | K92: =IF(J92="not found","not in hayday.info",IF(J92=E92,"matches mastered",IF(J92=D92,"matches normal","differs"))) -> matches mastered | L92: =IFERROR(INDEX(hayday_info!$E$2:$E$349,MATCH($A92,hayday_info!$A$2:$A$349,0)),"not found") -> 727 | M92: =IF(L92="not found","not in hayday.info",IF(F92="","no Fandom value",IF(L92=F92,"match","differs"))) -> match | N92: =IFERROR(INDEX(hayday_info!$F$2:$F$349,MATCH($A92,hayday_info!$A$2:$A$349,0)),"not found") -> 87 | O92: =IF(N92="not found","not in hayday.info",IF(G92="","no Fandom value",IF(N92=G92,"match","differs"))) -> match | P92: =IF(J92="not found","not in hayday.info",IF(C92="","no Fandom value",IF(IFERROR(INDEX(hayday_info!$C$2:$C$349,MATCH($A92,hayday_info!$A$2:$A$349,0)),"not found")=C92,"match","differs"))) -> match
A93: Diamond Ring | B93: Jeweler | C93: 40 | D93: 240 | E93: 204 | F93: 824 | G93: 98 | I93: Hay Day Wiki (Fandom) https://hayday.fandom.com/wiki/Jeweler | J93: =IFERROR(INDEX(hayday_info!$D$2:$D$349,MATCH($A93,hayday_info!$A$2:$A$349,0)),"not found") -> 204 | K93: =IF(J93="not found","not in hayday.info",IF(J93=E93,"matches mastered",IF(J93=D93,"matches normal","differs"))) -> matches mastered | L93: =IFERROR(INDEX(hayday_info!$E$2:$E$349,MATCH($A93,hayday_info!$A$2:$A$349,0)),"not found") -> 824 | M93: =IF(L93="not found","not in hayday.info",IF(F93="","no Fandom value",IF(L93=F93,"match","differs"))) -> match | N93: =IFERROR(INDEX(hayday_info!$F$2:$F$349,MATCH($A93,hayday_info!$A$2:$A$349,0)),"not found") -> 98 | O93: =IF(N93="not found","not in hayday.info",IF(G93="","no Fandom value",IF(N93=G93,"match","differs"))) -> match | P93: =IF(J93="not found","not in hayday.info",IF(C93="","no Fandom value",IF(IFERROR(INDEX(hayday_info!$C$2:$C$349,MATCH($A93,hayday_info!$A$2:$A$349,0)),"not found")=C93,"match","differs"))) -> match
A94: Iron Bracelet | B94: Jeweler | C94: 41 | D94: 90 | E94: 76 | F94: 658 | G94: 78 | I94: Hay Day Wiki (Fandom) https://hayday.fandom.com/wiki/Jeweler | J94: =IFERROR(INDEX(hayday_info!$D$2:$D$349,MATCH($A94,hayday_info!$A$2:$A$349,0)),"not found") -> 76 | K94: =IF(J94="not found","not in hayday.info",IF(J94=E94,"matches mastered",IF(J94=D94,"matches normal","differs"))) -> matches mastered | L94: =IFERROR(INDEX(hayday_info!$E$2:$E$349,MATCH($A94,hayday_info!$A$2:$A$349,0)),"not found") -> 658 | M94: =IF(L94="not found","not in hayday.info",IF(F94="","no Fandom value",IF(L94=F94,"match","differs"))) -> match | N94: =IFERROR(INDEX(hayday_info!$F$2:$F$349,MATCH($A94,hayday_info!$A$2:$A$349,0)),"not found") -> 79 | O94: =IF(N94="not found","not in hayday.info",IF(G94="","no Fandom value",IF(N94=G94,"match","differs"))) -> differs | P94: =IF(J94="not found","not in hayday.info",IF(C94="","no Fandom value",IF(IFERROR(INDEX(hayday_info!$C$2:$C$349,MATCH($A94,hayday_info!$A$2:$A$349,0)),"not found")=C94,"match","differs"))) -> match
A95: Flower Pendant | B95: Jeweler | C95: 98 | D95: 60 | E95: 51 | F95: 698 | G95: 83 | I95: Hay Day Wiki (Fandom) https://hayday.fandom.com/wiki/Jeweler | J95: =IFERROR(INDEX(hayday_info!$D$2:$D$349,MATCH($A95,hayday_info!$A$2:$A$349,0)),"not found") -> 51 | K95: =IF(J95="not found","not in hayday.info",IF(J95=E95,"matches mastered",IF(J95=D95,"matches normal","differs"))) -> matches mastered | L95: =IFERROR(INDEX(hayday_info!$E$2:$E$349,MATCH($A95,hayday_info!$A$2:$A$349,0)),"not found") -> 698 | M95: =IF(L95="not found","not in hayday.info",IF(F95="","no Fandom value",IF(L95=F95,"match","differs"))) -> match | N95: =IFERROR(INDEX(hayday_info!$F$2:$F$349,MATCH($A95,hayday_info!$A$2:$A$349,0)),"not found") -> 83 | O95: =IF(N95="not found","not in hayday.info",IF(G95="","no Fandom value",IF(N95=G95,"match","differs"))) -> match | P95: =IF(J95="not found","not in hayday.info",IF(C95="","no Fandom value",IF(IFERROR(INDEX(hayday_info!$C$2:$C$349,MATCH($A95,hayday_info!$A$2:$A$349,0)),"not found")=C95,"match","differs"))) -> match
A96: Silver bar | B96: Smelter | C96: 24 | D96: 480 | E96: 408 | F96: 147 | G96: 18 | I96: Hay Day Wiki (Fandom) https://hayday.fandom.com/wiki/Smelter | J96: =IFERROR(INDEX(hayday_info!$D$2:$D$349,MATCH($A96,hayday_info!$A$2:$A$349,0)),"not found") -> 408 | K96: =IF(J96="not found","not in hayday.info",IF(J96=E96,"matches mastered",IF(J96=D96,"matches normal","differs"))) -> matches mastered | L96: =IFERROR(INDEX(hayday_info!$E$2:$E$349,MATCH($A96,hayday_info!$A$2:$A$349,0)),"not found") -> 147 | M96: =IF(L96="not found","not in hayday.info",IF(F96="","no Fandom value",IF(L96=F96,"match","differs"))) -> match | N96: =IFERROR(INDEX(hayday_info!$F$2:$F$349,MATCH($A96,hayday_info!$A$2:$A$349,0)),"not found") -> 14 | O96: =IF(N96="not found","not in hayday.info",IF(G96="","no Fandom value",IF(N96=G96,"match","differs"))) -> differs | P96: =IF(J96="not found","not in hayday.info",IF(C96="","no Fandom value",IF(IFERROR(INDEX(hayday_info!$C$2:$C$349,MATCH($A96,hayday_info!$A$2:$A$349,0)),"not found")=C96,"match","differs"))) -> match
A97: Gold bar | B97: Smelter | C97: 25 | D97: 720 | E97: 612 | F97: 180 | G97: 21 | I97: Hay Day Wiki (Fandom) https://hayday.fandom.com/wiki/Smelter | J97: =IFERROR(INDEX(hayday_info!$D$2:$D$349,MATCH($A97,hayday_info!$A$2:$A$349,0)),"not found") -> 612 | K97: =IF(J97="not found","not in hayday.info",IF(J97=E97,"matches mastered",IF(J97=D97,"matches normal","differs"))) -> matches mastered | L97: =IFERROR(INDEX(hayday_info!$E$2:$E$349,MATCH($A97,hayday_info!$A$2:$A$349,0)),"not found") -> 180 | M97: =IF(L97="not found","not in hayday.info",IF(F97="","no Fandom value",IF(L97=F97,"match","differs"))) -> match | N97: =IFERROR(INDEX(hayday_info!$F$2:$F$349,MATCH($A97,hayday_info!$A$2:$A$349,0)),"not found") -> 18 | O97: =IF(N97="not found","not in hayday.info",IF(G97="","no Fandom value",IF(N97=G97,"match","differs"))) -> differs | P97: =IF(J97="not found","not in hayday.info",IF(C97="","no Fandom value",IF(IFERROR(INDEX(hayday_info!$C$2:$C$349,MATCH($A97,hayday_info!$A$2:$A$349,0)),"not found")=C97,"match","differs"))) -> match
A98: Platinum bar | B98: Smelter | C98: 25 | D98: 960 | E98: 816 | F98: 205 | G98: 24 | I98: Hay Day Wiki (Fandom) https://hayday.fandom.com/wiki/Smelter | J98: =IFERROR(INDEX(hayday_info!$D$2:$D$349,MATCH($A98,hayday_info!$A$2:$A$349,0)),"not found") -> 816 | K98: =IF(J98="not found","not in hayday.info",IF(J98=E98,"matches mastered",IF(J98=D98,"matches normal","differs"))) -> matches mastered | L98: =IFERROR(INDEX(hayday_info!$E$2:$E$349,MATCH($A98,hayday_info!$A$2:$A$349,0)),"not found") -> 205 | M98: =IF(L98="not found","not in hayday.info",IF(F98="","no Fandom value",IF(L98=F98,"match","differs"))) -> match | N98: =IFERROR(INDEX(hayday_info!$F$2:$F$349,MATCH($A98,hayday_info!$A$2:$A$349,0)),"not found") -> 21 | O98: =IF(N98="not found","not in hayday.info",IF(G98="","no Fandom value",IF(N98=G98,"match","differs"))) -> differs | P98: =IF(J98="not found","not in hayday.info",IF(C98="","no Fandom value",IF(IFERROR(INDEX(hayday_info!$C$2:$C$349,MATCH($A98,hayday_info!$A$2:$A$349,0)),"not found")=C98,"match","differs"))) -> match
A99: Refined coal | B99: Smelter | C99: 33 | D99: 360 | E99: 306 | F99: 108 | G99: 13 | I99: Hay Day Wiki (Fandom) https://hayday.fandom.com/wiki/Smelter | J99: =IFERROR(INDEX(hayday_info!$D$2:$D$349,MATCH($A99,hayday_info!$A$2:$A$349,0)),"not found") -> 306 | K99: =IF(J99="not found","not in hayday.info",IF(J99=E99,"matches mastered",IF(J99=D99,"matches normal","differs"))) -> matches mastered | L99: =IFERROR(INDEX(hayday_info!$E$2:$E$349,MATCH($A99,hayday_info!$A$2:$A$349,0)),"not found") -> 108 | M99: =IF(L99="not found","not in hayday.info",IF(F99="","no Fandom value",IF(L99=F99,"match","differs"))) -> match | N99: =IFERROR(INDEX(hayday_info!$F$2:$F$349,MATCH($A99,hayday_info!$A$2:$A$349,0)),"not found") -> 13 | O99: =IF(N99="not found","not in hayday.info",IF(G99="","no Fandom value",IF(N99=G99,"match","differs"))) -> match | P99: =IF(J99="not found","not in hayday.info",IF(C99="","no Fandom value",IF(IFERROR(INDEX(hayday_info!$C$2:$C$349,MATCH($A99,hayday_info!$A$2:$A$349,0)),"not found")=C99,"match","differs"))) -> match
A100: Iron bar | B100: Smelter | C100: 34 | D100: 420 | E100: 357 | F100: 129 | G100: 15 | I100: Hay Day Wiki (Fandom) https://hayday.fandom.com/wiki/Smelter | J100: =IFERROR(INDEX(hayday_info!$D$2:$D$349,MATCH($A100,hayday_info!$A$2:$A$349,0)),"not found") -> 357 | K100: =IF(J100="not found","not in hayday.info",IF(J100=E100,"matches mastered",IF(J100=D100,"matches normal","differs"))) -> matches mastered | L100: =IFERROR(INDEX(hayday_info!$E$2:$E$349,MATCH($A100,hayday_info!$A$2:$A$349,0)),"not found") -> 129 | M100: =IF(L100="not found","not in hayday.info",IF(F100="","no Fandom value",IF(L100=F100,"match","differs"))) -> match | N100: =IFERROR(INDEX(hayday_info!$F$2:$F$349,MATCH($A100,hayday_info!$A$2:$A$349,0)),"not found") -> 15 | O100: =IF(N100="not found","not in hayday.info",IF(G100="","no Fandom value",IF(N100=G100,"match","differs"))) -> match | P100: =IF(J100="not found","not in hayday.info",IF(C100="","no Fandom value",IF(IFERROR(INDEX(hayday_info!$C$2:$C$349,MATCH($A100,hayday_info!$A$2:$A$349,0)),"not found")=C100,"match","differs"))) -> match
A101: Caramel apple | B101: Candy Machine | C101: 51 | D101: 120 | E101: 102 | F101: 255 | G101: 31 | I101: Hay Day Wiki (Fandom) https://hayday.fandom.com/wiki/Candy_Machine | J101: =IFERROR(INDEX(hayday_info!$D$2:$D$349,MATCH($A101,hayday_info!$A$2:$A$349,0)),"not found") -> 102 | K101: =IF(J101="not found","not in hayday.info",IF(J101=E101,"matches mastered",IF(J101=D101,"matches normal","differs"))) -> matches mastered | L101: =IFERROR(INDEX(hayday_info!$E$2:$E$349,MATCH($A101,hayday_info!$A$2:$A$349,0)),"not found") -> 255 | M101: =IF(L101="not found","not in hayday.info",IF(F101="","no Fandom value",IF(L101=F101,"match","differs"))) -> match | N101: =IFERROR(INDEX(hayday_info!$F$2:$F$349,MATCH($A101,hayday_info!$A$2:$A$349,0)),"not found") -> 31 | O101: =IF(N101="not found","not in hayday.info",IF(G101="","no Fandom value",IF(N101=G101,"match","differs"))) -> match | P101: =IF(J101="not found","not in hayday.info",IF(C101="","no Fandom value",IF(IFERROR(INDEX(hayday_info!$C$2:$C$349,MATCH($A101,hayday_info!$A$2:$A$349,0)),"not found")=C101,"match","differs"))) -> match
A102: Toffee | B102: Candy Machine | C102: 52 | D102: 90 | E102: 76 | F102: 176 | G102: 21 | I102: Hay Day Wiki (Fandom) https://hayday.fandom.com/wiki/Candy_Machine | J102: =IFERROR(INDEX(hayday_info!$D$2:$D$349,MATCH($A102,hayday_info!$A$2:$A$349,0)),"not found") -> 76 | K102: =IF(J102="not found","not in hayday.info",IF(J102=E102,"matches mastered",IF(J102=D102,"matches normal","differs"))) -> matches mastered | L102: =IFERROR(INDEX(hayday_info!$E$2:$E$349,MATCH($A102,hayday_info!$A$2:$A$349,0)),"not found") -> 176 | M102: =IF(L102="not found","not in hayday.info",IF(F102="","no Fandom value",IF(L102=F102,"match","differs"))) -> match | N102: =IFERROR(INDEX(hayday_info!$F$2:$F$349,MATCH($A102,hayday_info!$A$2:$A$349,0)),"not found") -> 21 | O102: =IF(N102="not found","not in hayday.info",IF(G102="","no Fandom value",IF(N102=G102,"match","differs"))) -> match | P102: =IF(J102="not found","not in hayday.info",IF(C102="","no Fandom value",IF(IFERROR(INDEX(hayday_info!$C$2:$C$349,MATCH($A102,hayday_info!$A$2:$A$349,0)),"not found")=C102,"match","differs"))) -> match
... A106: Honey peanuts | B106: Candy Machine | C106: 63 | D106: 40 | E106: 34 | F106: 540 | G106: 64 | I106: Hay Day Wiki (Fandom) https://hayday.fandom.com/wiki/Candy_Machine | J106: =IFERROR(INDEX(hayday_info!$D$2:$D$349,MATCH($A106,hayday_info!$A$2:$A$349,0)),"not found") -> 34 | K106: =IF(J106="not found","not in hayday.info",IF(J106=E106,"matches mastered",IF(J106=D106,"matches normal","differs"))) -> matches mastered | L106: =IFERROR(INDEX(hayday_info!$E$2:$E$349,MATCH($A106,hayday_info!$A$2:$A$349,0)),"not found") -> 540 | M106: =IF(L106="not found","not in hayday.info",IF(F106="","no Fandom value",IF(L106=F106,"match","differs"))) -> match | N106: =IFERROR(INDEX(hayday_info!$F$2:$F$349,MATCH($A106,hayday_info!$A$2:$A$349,0)),"not found") -> 64 | O106: =IF(N106="not found","not in hayday.info",IF(G106="","no Fandom value",IF(N106=G106,"match","differs"))) -> match | P106: =IF(J106="not found","not in hayday.info",IF(C106="","no Fandom value",IF(IFERROR(INDEX(hayday_info!$C$2:$C$349,MATCH($A106,hayday_info!$A$2:$A$349,0)),"not found")=C106,"match","differs"))) -> match
A107: Sesame brittle | B107: Candy Machine | C107: 78 | D107: 60 | E107: 51 | H107: Sell price and XP not listed on the page | I107: Hay Day Wiki (Fandom) https://hayday.fandom.com/wiki/Candy_Machine | J107: =IFERROR(INDEX(hayday_info!$D$2:$D$349,MATCH($A107,hayday_info!$A$2:$A$349,0)),"not found") -> 51 | K107: =IF(J107="not found","not in hayday.info",IF(J107=E107,"matches mastered",IF(J107=D107,"matches normal","differs"))) -> matches mastered | L107: =IFERROR(INDEX(hayday_info!$E$2:$E$349,MATCH($A107,hayday_info!$A$2:$A$349,0)),"not found") -> 270 | M107: =IF(L107="not found","not in hayday.info",IF(F107="","no Fandom value",IF(L107=F107,"match","differs"))) -> no Fandom value | N107: =IFERROR(INDEX(hayday_info!$F$2:$F$349,MATCH($A107,hayday_info!$A$2:$A$349,0)),"not found") -> 32 | O107: =IF(N107="not found","not in hayday.info",IF(G107="","no Fandom value",IF(N107=G107,"match","differs"))) -> no Fandom value | P107: =IF(J107="not found","not in hayday.info",IF(C107="","no Fandom value",IF(IFERROR(INDEX(hayday_info!$C$2:$C$349,MATCH($A107,hayday_info!$A$2:$A$349,0)),"not found")=C107,"match","differs"))) -> match
A108: Strawberry Candle | B108: Candle Maker | C108: 48 | D108: 120 | E108: 102 | F108: 370 | G108: 44 | I108: Hay Day Wiki (Fandom) https://hayday.fandom.com/wiki/Candle_Maker | J108: =IFERROR(INDEX(hayday_info!$D$2:$D$349,MATCH($A108,hayday_info!$A$2:$A$349,0)),"not found") -> 102 | K108: =IF(J108="not found","not in hayday.info",IF(J108=E108,"matches mastered",IF(J108=D108,"matches normal","differs"))) -> matches mastered | L108: =IFERROR(INDEX(hayday_info!$E$2:$E$349,MATCH($A108,hayday_info!$A$2:$A$349,0)),"not found") -> 370 | M108: =IF(L108="not found","not in hayday.info",IF(F108="","no Fandom value",IF(L108=F108,"match","differs"))) -> match | N108: =IFERROR(INDEX(hayday_info!$F$2:$F$349,MATCH($A108,hayday_info!$A$2:$A$349,0)),"not found") -> 44 | O108: =IF(N108="not found","not in hayday.info",IF(G108="","no Fandom value",IF(N108=G108,"match","differs"))) -> match | P108: =IF(J108="not found","not in hayday.info",IF(C108="","no Fandom value",IF(IFERROR(INDEX(hayday_info!$C$2:$C$349,MATCH($A108,hayday_info!$A$2:$A$349,0)),"not found")=C108,"match","differs"))) -> match
A109: Raspberry Candle | B109: Candle Maker | C109: 52 | D109: 105 | E109: 89 | F109: 360 | G109: 43 | I109: Hay Day Wiki (Fandom) https://hayday.fandom.com/wiki/Candle_Maker | J109: =IFERROR(INDEX(hayday_info!$D$2:$D$349,MATCH($A109,hayday_info!$A$2:$A$349,0)),"not found") -> 89 | K109: =IF(J109="not found","not in hayday.info",IF(J109=E109,"matches mastered",IF(J109=D109,"matches normal","differs"))) -> matches mastered | L109: =IFERROR(INDEX(hayday_info!$E$2:$E$349,MATCH($A109,hayday_info!$A$2:$A$349,0)),"not found") -> 360 | M109: =IF(L109="not found","not in hayday.info",IF(F109="","no Fandom value",IF(L109=F109,"match","differs"))) -> match | N109: =IFERROR(INDEX(hayday_info!$F$2:$F$349,MATCH($A109,hayday_info!$A$2:$A$349,0)),"not found") -> 43 | O109: =IF(N109="not found","not in hayday.info",IF(G109="","no Fandom value",IF(N109=G109,"match","differs"))) -> match | P109: =IF(J109="not found","not in hayday.info",IF(C109="","no Fandom value",IF(IFERROR(INDEX(hayday_info!$C$2:$C$349,MATCH($A109,hayday_info!$A$2:$A$349,0)),"not found")=C109,"match","differs"))) -> match
A110: Lemon Candle | B110: Candle Maker | C110: 72 | D110: 135 | E110: 114 | F110: 457 | G110: 55 | I110: Hay Day Wiki (Fandom) https://hayday.fandom.com/wiki/Candle_Maker | J110: =IFERROR(INDEX(hayday_info!$D$2:$D$349,MATCH($A110,hayday_info!$A$2:$A$349,0)),"not found") -> 114 | K110: =IF(J110="not found","not in hayday.info",IF(J110=E110,"matches mastered",IF(J110=D110,"matches normal","differs"))) -> matches mastered | L110: =IFERROR(INDEX(hayday_info!$E$2:$E$349,MATCH($A110,hayday_info!$A$2:$A$349,0)),"not found") -> 457 | M110: =IF(L110="not found","not in hayday.info",IF(F110="","no Fandom value",IF(L110=F110,"match","differs"))) -> match | N110: =IFERROR(INDEX(hayday_info!$F$2:$F$349,MATCH($A110,hayday_info!$A$2:$A$349,0)),"not found") -> 55 | O110: =IF(N110="not found","not in hayday.info",IF(G110="","no Fandom value",IF(N110=G110,"match","differs"))) -> match | P110: =IF(J110="not found","not in hayday.info",IF(C110="","no Fandom value",IF(IFERROR(INDEX(hayday_info!$C$2:$C$349,MATCH($A110,hayday_info!$A$2:$A$349,0)),"not found")=C110,"match","differs"))) -> match
A111: Colorful Candles | B111: Candle Maker | C111: 84 | D111: 110 | E111: 93 | F111: 324 | G111: 39 | I111: Hay Day Wiki (Fandom) https://hayday.fandom.com/wiki/Candle_Maker | J111: =IFERROR(INDEX(hayday_info!$D$2:$D$349,MATCH($A111,hayday_info!$A$2:$A$349,0)),"not found") -> 93 | K111: =IF(J111="not found","not in hayday.info",IF(J111=E111,"matches mastered",IF(J111=D111,"matches normal","differs"))) -> matches mastered | L111: =IFERROR(INDEX(hayday_info!$E$2:$E$349,MATCH($A111,hayday_info!$A$2:$A$349,0)),"not found") -> 324 | M111: =IF(L111="not found","not in hayday.info",IF(F111="","no Fandom value",IF(L111=F111,"match","differs"))) -> match | N111: =IFERROR(INDEX(hayday_info!$F$2:$F$349,MATCH($A111,hayday_info!$A$2:$A$349,0)),"not found") -> 39 | O111: =IF(N111="not found","not in hayday.info",IF(G111="","no Fandom value",IF(N111=G111,"match","differs"))) -> match | P111: =IF(J111="not found","not in hayday.info",IF(C111="","no Fandom value",IF(IFERROR(INDEX(hayday_info!$C$2:$C$349,MATCH($A111,hayday_info!$A$2:$A$349,0)),"not found")=C111,"match","differs"))) -> match
A112: Floral Candle | B112: Candle Maker | C112: 95 | D112: 120 | E112: 102 | F112: 442 | G112: 53 | I112: Hay Day Wiki (Fandom) https://hayday.fandom.com/wiki/Candle_Maker | J112: =IFERROR(INDEX(hayday_info!$D$2:$D$349,MATCH($A112,hayday_info!$A$2:$A$349,0)),"not found") -> 102 | K112: =IF(J112="not found","not in hayday.info",IF(J112=E112,"matches mastered",IF(J112=D112,"matches normal","differs"))) -> matches mastered | L112: =IFERROR(INDEX(hayday_info!$E$2:$E$349,MATCH($A112,hayday_info!$A$2:$A$349,0)),"not found") -> 442 | M112: =IF(L112="not found","not in hayday.info",IF(F112="","no Fandom value",IF(L112=F112,"match","differs"))) -> match | N112: =IFERROR(INDEX(hayday_info!$F$2:$F$349,MATCH($A112,hayday_info!$A$2:$A$349,0)),"not found") -> 53 | O112: =IF(N112="not found","not in hayday.info",IF(G112="","no Fandom value",IF(N112=G112,"match","differs"))) -> match | P112: =IF(J112="not found","not in hayday.info",IF(C112="","no Fandom value",IF(IFERROR(INDEX(hayday_info!$C$2:$C$349,MATCH($A112,hayday_info!$A$2:$A$349,0)),"not found")=C112,"match","differs"))) -> match
A113: Lobster soup | B113: Soup Kitchen | C113: 46 | D113: 150 | E113: 127 | F113: 612 | G113: 73 | I113: Hay Day Wiki (Fandom) https://hayday.fandom.com/wiki/Soup_Kitchen | J113: =IFERROR(INDEX(hayday_info!$D$2:$D$349,MATCH($A113,hayday_info!$A$2:$A$349,0)),"not found") -> 127 | K113: =IF(J113="not found","not in hayday.info",IF(J113=E113,"matches mastered",IF(J113=D113,"matches normal","differs"))) -> matches mastered | L113: =IFERROR(INDEX(hayday_info!$E$2:$E$349,MATCH($A113,hayday_info!$A$2:$A$349,0)),"not found") -> 612 | M113: =IF(L113="not found","not in hayday.info",IF(F113="","no Fandom value",IF(L113=F113,"match","differs"))) -> match | N113: =IFERROR(INDEX(hayday_info!$F$2:$F$349,MATCH($A113,hayday_info!$A$2:$A$349,0)),"not found") -> 73 | O113: =IF(N113="not found","not in hayday.info",IF(G113="","no Fandom value",IF(N113=G113,"match","differs"))) -> match | P113: =IF(J113="not found","not in hayday.info",IF(C113="","no Fandom value",IF(IFERROR(INDEX(hayday_info!$C$2:$C$349,MATCH($A113,hayday_info!$A$2:$A$349,0)),"not found")=C113,"match","differs"))) -> match
A114: Tomato soup | B114: Soup Kitchen | C114: 47 | D114: 90 | E114: 76 | F114: 478 | G114: 57 | I114: Hay Day Wiki (Fandom) https://hayday.fandom.com/wiki/Soup_Kitchen | J114: =IFERROR(INDEX(hayday_info!$D$2:$D$349,MATCH($A114,hayday_info!$A$2:$A$349,0)),"not found") -> 76 | K114: =IF(J114="not found","not in hayday.info",IF(J114=E114,"matches mastered",IF(J114=D114,"matches normal","differs"))) -> matches mastered | L114: =IFERROR(INDEX(hayday_info!$E$2:$E$349,MATCH($A114,hayday_info!$A$2:$A$349,0)),"not found") -> 478 | M114: =IF(L114="not found","not in hayday.info",IF(F114="","no Fandom value",IF(L114=F114,"match","differs"))) -> match | N114: =IFERROR(INDEX(hayday_info!$F$2:$F$349,MATCH($A114,hayday_info!$A$2:$A$349,0)),"not found") -> 57 | O114: =IF(N114="not found","not in hayday.info",IF(G114="","no Fandom value",IF(N114=G114,"match","differs"))) -> match | P114: =IF(J114="not found","not in hayday.info",IF(C114="","no Fandom value",IF(IFERROR(INDEX(hayday_info!$C$2:$C$349,MATCH($A114,hayday_info!$A$2:$A$349,0)),"not found")=C114,"match","differs"))) -> match
A115: Pumpkin soup | B115: Soup Kitchen | C115: 49 | D115: 120 | E115: 102 | F115: 392 | G115: 47 | I115: Hay Day Wiki (Fandom) https://hayday.fandom.com/wiki/Soup_Kitchen | J115: =IFERROR(INDEX(hayday_info!$D$2:$D$349,MATCH($A115,hayday_info!$A$2:$A$349,0)),"not found") -> 102 | K115: =IF(J115="not found","not in hayday.info",IF(J115=E115,"matches mastered",IF(J115=D115,"matches normal","differs"))) -> matches mastered | L115: =IFERROR(INDEX(hayday_info!$E$2:$E$349,MATCH($A115,hayday_info!$A$2:$A$349,0)),"not found") -> 392 | M115: =IF(L115="not found","not in hayday.info",IF(F115="","no Fandom value",IF(L115=F115,"match","differs"))) -> match | N115: =IFERROR(INDEX(hayday_info!$F$2:$F$349,MATCH($A115,hayday_info!$A$2:$A$349,0)),"not found") -> 47 | O115: =IF(N115="not found","not in hayday.info",IF(G115="","no Fandom value",IF(N115=G115,"match","differs"))) -> match | P115: =IF(J115="not found","not in hayday.info",IF(C115="","no Fandom value",IF(IFERROR(INDEX(hayday_info!$C$2:$C$349,MATCH($A115,hayday_info!$A$2:$A$349,0)),"not found")=C115,"match","differs"))) -> match
A116: Fish soup | B116: Soup Kitchen | C116: 53 | D116: 180 | E116: 153 | F116: 298 | G116: 35 | I116: Hay Day Wiki (Fandom) https://hayday.fandom.com/wiki/Soup_Kitchen | J116: =IFERROR(INDEX(hayday_info!$D$2:$D$349,MATCH($A116,hayday_info!$A$2:$A$349,0)),"not found") -> 153 | K116: =IF(J116="not found","not in hayday.info",IF(J116=E116,"matches mastered",IF(J116=D116,"matches normal","differs"))) -> matches mastered | L116: =IFERROR(INDEX(hayday_info!$E$2:$E$349,MATCH($A116,hayday_info!$A$2:$A$349,0)),"not found") -> 298 | M116: =IF(L116="not found","not in hayday.info",IF(F116="","no Fandom value",IF(L116=F116,"match","differs"))) -> match | N116: =IFERROR(INDEX(hayday_info!$F$2:$F$349,MATCH($A116,hayday_info!$A$2:$A$349,0)),"not found") -> 35 | O116: =IF(N116="not found","not in hayday.info",IF(G116="","no Fandom value",IF(N116=G116,"match","differs"))) -> match | P116: =IF(J116="not found","not in hayday.info",IF(C116="","no Fandom value",IF(IFERROR(INDEX(hayday_info!$C$2:$C$349,MATCH($A116,hayday_info!$A$2:$A$349,0)),"not found")=C116,"match","differs"))) -> match
A117: Onion soup | B117: Soup Kitchen | C117: 72 | D117: 150 | E117: 127 | F117: 327 | G117: 36 | I117: Hay Day Wiki (Fandom) https://hayday.fandom.com/wiki/Soup_Kitchen | J117: =IFERROR(INDEX(hayday_info!$D$2:$D$349,MATCH($A117,hayday_info!$A$2:$A$349,0)),"not found") -> 127 | K117: =IF(J117="not found","not in hayday.info",IF(J117=E117,"matches mastered",IF(J117=D117,"matches normal","differs"))) -> matches mastered | L117: =IFERROR(INDEX(hayday_info!$E$2:$E$349,MATCH($A117,hayday_info!$A$2:$A$349,0)),"not found") -> 327 | M117: =IF(L117="not found","not in hayday.info",IF(F117="","no Fandom value",IF(L117=F117,"match","differs"))) -> match | N117: =IFERROR(INDEX(hayday_info!$F$2:$F$349,MATCH($A117,hayday_info!$A$2:$A$349,0)),"not found") -> 39 | O117: =IF(N117="not found","not in hayday.info",IF(G117="","no Fandom value",IF(N117=G117,"match","differs"))) -> differs | P117: =IF(J117="not found","not in hayday.info",IF(C117="","no Fandom value",IF(IFERROR(INDEX(hayday_info!$C$2:$C$349,MATCH($A117,hayday_info!$A$2:$A$349,0)),"not found")=C117,"match","differs"))) -> match
A118: Noodle soup | B118: Soup Kitchen | C118: 73 | D118: 120 | E118: 102 | F118: 432 | G118: 52 | I118: Hay Day Wiki (Fandom) https://hayday.fandom.com/wiki/Soup_Kitchen | J118: =IFERROR(INDEX(hayday_info!$D$2:$D$349,MATCH($A118,hayday_info!$A$2:$A$349,0)),"not found") -> 102 | K118: =IF(J118="not found","not in hayday.info",IF(J118=E118,"matches mastered",IF(J118=D118,"matches normal","differs"))) -> matches mastered | L118: =IFERROR(INDEX(hayday_info!$E$2:$E$349,MATCH($A118,hayday_info!$A$2:$A$349,0)),"not found") -> 432 | M118: =IF(L118="not found","not in hayday.info",IF(F118="","no Fandom value",IF(L118=F118,"match","differs"))) -> match | N118: =IFERROR(INDEX(hayday_info!$F$2:$F$349,MATCH($A118,hayday_info!$A$2:$A$349,0)),"not found") -> 52 | O118: =IF(N118="not found","not in hayday.info",IF(G118="","no Fandom value",IF(N118=G118,"match","differs"))) -> match | P118: =IF(J118="not found","not in hayday.info",IF(C118="","no Fandom value",IF(IFERROR(INDEX(hayday_info!$C$2:$C$349,MATCH($A118,hayday_info!$A$2:$A$349,0)),"not found")=C118,"match","differs"))) -> match
A119: Potato soup | B119: Soup Kitchen | C119: 78 | D119: 150 | E119: 127 | F119: 255 | G119: 31 | I119: Hay Day Wiki (Fandom) https://hayday.fandom.com/wiki/Soup_Kitchen | J119: =IFERROR(INDEX(hayday_info!$D$2:$D$349,MATCH($A119,hayday_info!$A$2:$A$349,0)),"not found") -> 127 | K119: =IF(J119="not found","not in hayday.info",IF(J119=E119,"matches mastered",IF(J119=D119,"matches normal","differs"))) -> matches mastered | L119: =IFERROR(INDEX(hayday_info!$E$2:$E$349,MATCH($A119,hayday_info!$A$2:$A$349,0)),"not found") -> 255 | M119: =IF(L119="not found","not in hayday.info",IF(F119="","no Fandom value",IF(L119=F119,"match","differs"))) -> match | N119: =IFERROR(INDEX(hayday_info!$F$2:$F$349,MATCH($A119,hayday_info!$A$2:$A$349,0)),"not found") -> 31 | O119: =IF(N119="not found","not in hayday.info",IF(G119="","no Fandom value",IF(N119=G119,"match","differs"))) -> match | P119: =IF(J119="not found","not in hayday.info",IF(C119="","no Fandom value",IF(IFERROR(INDEX(hayday_info!$C$2:$C$349,MATCH($A119,hayday_info!$A$2:$A$349,0)),"not found")=C119,"match","differs"))) -> match
... A121: Broccoli soup | B121: Soup Kitchen | C121: 87 | D121: 90 | E121: 76 | F121: 237 | G121: 28 | I121: Hay Day Wiki (Fandom) https://hayday.fandom.com/wiki/Soup_Kitchen | J121: =IFERROR(INDEX(hayday_info!$D$2:$D$349,MATCH($A121,hayday_info!$A$2:$A$349,0)),"not found") -> 63 | K121: =IF(J121="not found","not in hayday.info",IF(J121=E121,"matches mastered",IF(J121=D121,"matches normal","differs"))) -> differs | L121: =IFERROR(INDEX(hayday_info!$E$2:$E$349,MATCH($A121,hayday_info!$A$2:$A$349,0)),"not found") -> 237 | M121: =IF(L121="not found","not in hayday.info",IF(F121="","no Fandom value",IF(L121=F121,"match","differs"))) -> match | N121: =IFERROR(INDEX(hayday_info!$F$2:$F$349,MATCH($A121,hayday_info!$A$2:$A$349,0)),"not found") -> 28 | O121: =IF(N121="not found","not in hayday.info",IF(G121="","no Fandom value",IF(N121=G121,"match","differs"))) -> match | P121: =IF(J121="not found","not in hayday.info",IF(C121="","no Fandom value",IF(IFERROR(INDEX(hayday_info!$C$2:$C$349,MATCH($A121,hayday_info!$A$2:$A$349,0)),"not found")=C121,"match","differs"))) -> match
A122: Mushroom soup | B122: Soup Kitchen | C122: 104 | D122: 80 | E122: 68 | H122: Sell price and XP not listed on the page | I122: Hay Day Wiki (Fandom) https://hayday.fandom.com/wiki/Soup_Kitchen | J122: =IFERROR(INDEX(hayday_info!$D$2:$D$349,MATCH($A122,hayday_info!$A$2:$A$349,0)),"not found") -> 68 | K122: =IF(J122="not found","not in hayday.info",IF(J122=E122,"matches mastered",IF(J122=D122,"matches normal","differs"))) -> matches mastered | L122: =IFERROR(INDEX(hayday_info!$E$2:$E$349,MATCH($A122,hayday_info!$A$2:$A$349,0)),"not found") -> 176 | M122: =IF(L122="not found","not in hayday.info",IF(F122="","no Fandom value",IF(L122=F122,"match","differs"))) -> no Fandom value | N122: =IFERROR(INDEX(hayday_info!$F$2:$F$349,MATCH($A122,hayday_info!$A$2:$A$349,0)),"not found") -> 21 | O122: =IF(N122="not found","not in hayday.info",IF(G122="","no Fandom value",IF(N122=G122,"match","differs"))) -> no Fandom value | P122: =IF(J122="not found","not in hayday.info",IF(C122="","no Fandom value",IF(IFERROR(INDEX(hayday_info!$C$2:$C$349,MATCH($A122,hayday_info!$A$2:$A$349,0)),"not found")=C122,"match","differs"))) -> match
A123: Veggie Bagel | B123: Sandwich Bar | C123: 61 | D123: 40 | E123: 34 | F123: 532 | G123: 63 | H123: Page reader inferred which column is price/XP; verify | I123: Hay Day Wiki (Fandom) https://hayday.fandom.com/wiki/Sandwich_Bar | J123: =IFERROR(INDEX(hayday_info!$D$2:$D$349,MATCH($A123,hayday_info!$A$2:$A$349,0)),"not found") -> 34 | K123: =IF(J123="not found","not in hayday.info",IF(J123=E123,"matches mastered",IF(J123=D123,"matches normal","differs"))) -> matches mastered | L123: =IFERROR(INDEX(hayday_info!$E$2:$E$349,MATCH($A123,hayday_info!$A$2:$A$349,0)),"not found") -> 532 | M123: =IF(L123="not found","not in hayday.info",IF(F123="","no Fandom value",IF(L123=F123,"match","differs"))) -> match | N123: =IFERROR(INDEX(hayday_info!$F$2:$F$349,MATCH($A123,hayday_info!$A$2:$A$349,0)),"not found") -> 63 | O123: =IF(N123="not found","not in hayday.info",IF(G123="","no Fandom value",IF(N123=G123,"match","differs"))) -> match | P123: =IF(J123="not found","not in hayday.info",IF(C123="","no Fandom value",IF(IFERROR(INDEX(hayday_info!$C$2:$C$349,MATCH($A123,hayday_info!$A$2:$A$349,0)),"not found")=C123,"match","differs"))) -> match
A124: Bacon Toast | B124: Sandwich Bar | C124: 65 | D124: 100 | E124: 85 | F124: 648 | G124: 77 | H124: Page reader inferred which column is price/XP; verify | I124: Hay Day Wiki (Fandom) https://hayday.fandom.com/wiki/Sandwich_Bar | J124: =IFERROR(INDEX(hayday_info!$D$2:$D$349,MATCH($A124,hayday_info!$A$2:$A$349,0)),"not found") -> 85 | K124: =IF(J124="not found","not in hayday.info",IF(J124=E124,"matches mastered",IF(J124=D124,"matches normal","differs"))) -> matches mastered | L124: =IFERROR(INDEX(hayday_info!$E$2:$E$349,MATCH($A124,hayday_info!$A$2:$A$349,0)),"not found") -> 648 | M124: =IF(L124="not found","not in hayday.info",IF(F124="","no Fandom value",IF(L124=F124,"match","differs"))) -> match | N124: =IFERROR(INDEX(hayday_info!$F$2:$F$349,MATCH($A124,hayday_info!$A$2:$A$349,0)),"not found") -> 77 | O124: =IF(N124="not found","not in hayday.info",IF(G124="","no Fandom value",IF(N124=G124,"match","differs"))) -> match | P124: =IF(J124="not found","not in hayday.info",IF(C124="","no Fandom value",IF(IFERROR(INDEX(hayday_info!$C$2:$C$349,MATCH($A124,hayday_info!$A$2:$A$349,0)),"not found")=C124,"match","differs"))) -> match
A125: Egg Sandwich | B125: Sandwich Bar | C125: 66 | D125: 80 | E125: 68 | F125: 583 | G125: 69 | H125: Page reader inferred which column is price/XP; verify | I125: Hay Day Wiki (Fandom) https://hayday.fandom.com/wiki/Sandwich_Bar | J125: =IFERROR(INDEX(hayday_info!$D$2:$D$349,MATCH($A125,hayday_info!$A$2:$A$349,0)),"not found") -> 68 | K125: =IF(J125="not found","not in hayday.info",IF(J125=E125,"matches mastered",IF(J125=D125,"matches normal","differs"))) -> matches mastered | L125: =IFERROR(INDEX(hayday_info!$E$2:$E$349,MATCH($A125,hayday_info!$A$2:$A$349,0)),"not found") -> 583 | M125: =IF(L125="not found","not in hayday.info",IF(F125="","no Fandom value",IF(L125=F125,"match","differs"))) -> match | N125: =IFERROR(INDEX(hayday_info!$F$2:$F$349,MATCH($A125,hayday_info!$A$2:$A$349,0)),"not found") -> 69 | O125: =IF(N125="not found","not in hayday.info",IF(G125="","no Fandom value",IF(N125=G125,"match","differs"))) -> match | P125: =IF(J125="not found","not in hayday.info",IF(C125="","no Fandom value",IF(IFERROR(INDEX(hayday_info!$C$2:$C$349,MATCH($A125,hayday_info!$A$2:$A$349,0)),"not found")=C125,"match","differs"))) -> match
A126: Honey Toast | B126: Sandwich Bar | C126: 69 | D126: 60 | E126: 51 | F126: 255 | G126: 31 | H126: Page reader inferred which column is price/XP; verify | I126: Hay Day Wiki (Fandom) https://hayday.fandom.com/wiki/Sandwich_Bar | J126: =IFERROR(INDEX(hayday_info!$D$2:$D$349,MATCH($A126,hayday_info!$A$2:$A$349,0)),"not found") -> 51 | K126: =IF(J126="not found","not in hayday.info",IF(J126=E126,"matches mastered",IF(J126=D126,"matches normal","differs"))) -> matches mastered | L126: =IFERROR(INDEX(hayday_info!$E$2:$E$349,MATCH($A126,hayday_info!$A$2:$A$349,0)),"not found") -> 255 | M126: =IF(L126="not found","not in hayday.info",IF(F126="","no Fandom value",IF(L126=F126,"match","differs"))) -> match | N126: =IFERROR(INDEX(hayday_info!$F$2:$F$349,MATCH($A126,hayday_info!$A$2:$A$349,0)),"not found") -> 31 | O126: =IF(N126="not found","not in hayday.info",IF(G126="","no Fandom value",IF(N126=G126,"match","differs"))) -> match | P126: =IF(J126="not found","not in hayday.info",IF(C126="","no Fandom value",IF(IFERROR(INDEX(hayday_info!$C$2:$C$349,MATCH($A126,hayday_info!$A$2:$A$349,0)),"not found")=C126,"match","differs"))) -> match
A127: Peanut Butter and Jelly Sandwich | B127: Sandwich Bar | C127: 71 | D127: 25 | E127: 21 | F127: 601 | G127: 80 | H127: Page reader inferred which column is price/XP; verify | I127: Hay Day Wiki (Fandom) https://hayday.fandom.com/wiki/Sandwich_Bar | J127: =IFERROR(INDEX(hayday_info!$D$2:$D$349,MATCH($A127,hayday_info!$A$2:$A$349,0)),"not found") -> 21 | K127: =IF(J127="not found","not in hayday.info",IF(J127=E127,"matches mastered",IF(J127=D127,"matches normal","differs"))) -> matches mastered | L127: =IFERROR(INDEX(hayday_info!$E$2:$E$349,MATCH($A127,hayday_info!$A$2:$A$349,0)),"not found") -> 673 | M127: =IF(L127="not found","not in hayday.info",IF(F127="","no Fandom value",IF(L127=F127,"match","differs"))) -> differs | N127: =IFERROR(INDEX(hayday_info!$F$2:$F$349,MATCH($A127,hayday_info!$A$2:$A$349,0)),"not found") -> 80 | O127: =IF(N127="not found","not in hayday.info",IF(G127="","no Fandom value",IF(N127=G127,"match","differs"))) -> match | P127: =IF(J127="not found","not in hayday.info",IF(C127="","no Fandom value",IF(IFERROR(INDEX(hayday_info!$C$2:$C$349,MATCH($A127,hayday_info!$A$2:$A$349,0)),"not found")=C127,"match","differs"))) -> match
A128: Cucumber Sandwich | B128: Sandwich Bar | C128: 79 | D128: 35 | E128: 29 | F128: 464 | G128: 55 | H128: Page reader inferred which column is price/XP; verify | I128: Hay Day Wiki (Fandom) https://hayday.fandom.com/wiki/Sandwich_Bar | J128: =IFERROR(INDEX(hayday_info!$D$2:$D$349,MATCH($A128,hayday_info!$A$2:$A$349,0)),"not found") -> 29 | K128: =IF(J128="not found","not in hayday.info",IF(J128=E128,"matches mastered",IF(J128=D128,"matches normal","differs"))) -> matches mastered | L128: =IFERROR(INDEX(hayday_info!$E$2:$E$349,MATCH($A128,hayday_info!$A$2:$A$349,0)),"not found") -> 464 | M128: =IF(L128="not found","not in hayday.info",IF(F128="","no Fandom value",IF(L128=F128,"match","differs"))) -> match | N128: =IFERROR(INDEX(hayday_info!$F$2:$F$349,MATCH($A128,hayday_info!$A$2:$A$349,0)),"not found") -> 55 | O128: =IF(N128="not found","not in hayday.info",IF(G128="","no Fandom value",IF(N128=G128,"match","differs"))) -> match | P128: =IF(J128="not found","not in hayday.info",IF(C128="","no Fandom value",IF(IFERROR(INDEX(hayday_info!$C$2:$C$349,MATCH($A128,hayday_info!$A$2:$A$349,0)),"not found")=C128,"match","differs"))) -> match
A129: Onion Melt | B129: Sandwich Bar | C129: 84 | D129: 90 | E129: 76 | F129: 417 | G129: 50 | H129: Page reader inferred which column is price/XP; verify | I129: Hay Day Wiki (Fandom) https://hayday.fandom.com/wiki/Sandwich_Bar | J129: =IFERROR(INDEX(hayday_info!$D$2:$D$349,MATCH($A129,hayday_info!$A$2:$A$349,0)),"not found") -> 76 | K129: =IF(J129="not found","not in hayday.info",IF(J129=E129,"matches mastered",IF(J129=D129,"matches normal","differs"))) -> matches mastered | L129: =IFERROR(INDEX(hayday_info!$E$2:$E$349,MATCH($A129,hayday_info!$A$2:$A$349,0)),"not found") -> 471 | M129: =IF(L129="not found","not in hayday.info",IF(F129="","no Fandom value",IF(L129=F129,"match","differs"))) -> differs | N129: =IFERROR(INDEX(hayday_info!$F$2:$F$349,MATCH($A129,hayday_info!$A$2:$A$349,0)),"not found") -> 50 | O129: =IF(N129="not found","not in hayday.info",IF(G129="","no Fandom value",IF(N129=G129,"match","differs"))) -> match | P129: =IF(J129="not found","not in hayday.info",IF(C129="","no Fandom value",IF(IFERROR(INDEX(hayday_info!$C$2:$C$349,MATCH($A129,hayday_info!$A$2:$A$349,0)),"not found")=C129,"match","differs"))) -> match
A130: Goat Cheese Toast | B130: Sandwich Bar | C130: 92 | D130: 50 | E130: 42 | F130: 302 | G130: 36 | H130: Page reader inferred which column is price/XP; verify | I130: Hay Day Wiki (Fandom) https://hayday.fandom.com/wiki/Sandwich_Bar | J130: =IFERROR(INDEX(hayday_info!$D$2:$D$349,MATCH($A130,hayday_info!$A$2:$A$349,0)),"not found") -> 42 | K130: =IF(J130="not found","not in hayday.info",IF(J130=E130,"matches mastered",IF(J130=D130,"matches normal","differs"))) -> matches mastered | L130: =IFERROR(INDEX(hayday_info!$E$2:$E$349,MATCH($A130,hayday_info!$A$2:$A$349,0)),"not found") -> 302 | M130: =IF(L130="not found","not in hayday.info",IF(F130="","no Fandom value",IF(L130=F130,"match","differs"))) -> match | N130: =IFERROR(INDEX(hayday_info!$F$2:$F$349,MATCH($A130,hayday_info!$A$2:$A$349,0)),"not found") -> 36 | O130: =IF(N130="not found","not in hayday.info",IF(G130="","no Fandom value",IF(N130=G130,"match","differs"))) -> match | P130: =IF(J130="not found","not in hayday.info",IF(C130="","no Fandom value",IF(IFERROR(INDEX(hayday_info!$C$2:$C$349,MATCH($A130,hayday_info!$A$2:$A$349,0)),"not found")=C130,"match","differs"))) -> match
A131: Hummus Wrap | B131: Sandwich Bar | C131: 109 | D131: 25 | E131: 21 | F131: 374 | G131: 45 | H131: Page reader inferred which column is price/XP; verify | I131: Hay Day Wiki (Fandom) https://hayday.fandom.com/wiki/Sandwich_Bar | J131: =IFERROR(INDEX(hayday_info!$D$2:$D$349,MATCH($A131,hayday_info!$A$2:$A$349,0)),"not found") -> 25 | K131: =IF(J131="not found","not in hayday.info",IF(J131=E131,"matches mastered",IF(J131=D131,"matches normal","differs"))) -> matches normal | L131: =IFERROR(INDEX(hayday_info!$E$2:$E$349,MATCH($A131,hayday_info!$A$2:$A$349,0)),"not found") -> 374 | M131: =IF(L131="not found","not in hayday.info",IF(F131="","no Fandom value",IF(L131=F131,"match","differs"))) -> match | N131: =IFERROR(INDEX(hayday_info!$F$2:$F$349,MATCH($A131,hayday_info!$A$2:$A$349,0)),"not found") -> 45 | O131: =IF(N131="not found","not in hayday.info",IF(G131="","no Fandom value",IF(N131=G131,"match","differs"))) -> match | P131: =IF(J131="not found","not in hayday.info",IF(C131="","no Fandom value",IF(IFERROR(INDEX(hayday_info!$C$2:$C$349,MATCH($A131,hayday_info!$A$2:$A$349,0)),"not found")=C131,"match","differs"))) -> match
A132: Soy sauce | B132: Sauce Maker | C132: 54 | D132: 180 | E132: 153 | F132: 154 | G132: 19 | I132: Hay Day Wiki (Fandom) https://hayday.fandom.com/wiki/Sauce_Maker | J132: =IFERROR(INDEX(hayday_info!$D$2:$D$349,MATCH($A132,hayday_info!$A$2:$A$349,0)),"not found") -> 153 | K132: =IF(J132="not found","not in hayday.info",IF(J132=E132,"matches mastered",IF(J132=D132,"matches normal","differs"))) -> matches mastered | L132: =IFERROR(INDEX(hayday_info!$E$2:$E$349,MATCH($A132,hayday_info!$A$2:$A$349,0)),"not found") -> 154 | M132: =IF(L132="not found","not in hayday.info",IF(F132="","no Fandom value",IF(L132=F132,"match","differs"))) -> match | N132: =IFERROR(INDEX(hayday_info!$F$2:$F$349,MATCH($A132,hayday_info!$A$2:$A$349,0)),"not found") -> 19 | O132: =IF(N132="not found","not in hayday.info",IF(G132="","no Fandom value",IF(N132=G132,"match","differs"))) -> match | P132: =IF(J132="not found","not in hayday.info",IF(C132="","no Fandom value",IF(IFERROR(INDEX(hayday_info!$C$2:$C$349,MATCH($A132,hayday_info!$A$2:$A$349,0)),"not found")=C132,"match","differs"))) -> match
A133: Olive oil | B133: Sauce Maker | C133: 60 | D133: 45 | E133: 38 | F133: 277 | G133: 33 | I133: Hay Day Wiki (Fandom) https://hayday.fandom.com/wiki/Sauce_Maker | J133: =IFERROR(INDEX(hayday_info!$D$2:$D$349,MATCH($A133,hayday_info!$A$2:$A$349,0)),"not found") -> 38 | K133: =IF(J133="not found","not in hayday.info",IF(J133=E133,"matches mastered",IF(J133=D133,"matches normal","differs"))) -> matches mastered | L133: =IFERROR(INDEX(hayday_info!$E$2:$E$349,MATCH($A133,hayday_info!$A$2:$A$349,0)),"not found") -> 277 | M133: =IF(L133="not found","not in hayday.info",IF(F133="","no Fandom value",IF(L133=F133,"match","differs"))) -> match | N133: =IFERROR(INDEX(hayday_info!$F$2:$F$349,MATCH($A133,hayday_info!$A$2:$A$349,0)),"not found") -> 33 | O133: =IF(N133="not found","not in hayday.info",IF(G133="","no Fandom value",IF(N133=G133,"match","differs"))) -> match | P133: =IF(J133="not found","not in hayday.info",IF(C133="","no Fandom value",IF(IFERROR(INDEX(hayday_info!$C$2:$C$349,MATCH($A133,hayday_info!$A$2:$A$349,0)),"not found")=C133,"match","differs"))) -> match
A134: Mayonnaise | B134: Sauce Maker | C134: 62 | D134: 15 | E134: 12 | F134: 367 | G134: 44 | I134: Hay Day Wiki (Fandom) https://hayday.fandom.com/wiki/Sauce_Maker | J134: =IFERROR(INDEX(hayday_info!$D$2:$D$349,MATCH($A134,hayday_info!$A$2:$A$349,0)),"not found") -> 12 | K134: =IF(J134="not found","not in hayday.info",IF(J134=E134,"matches mastered",IF(J134=D134,"matches normal","differs"))) -> matches mastered | L134: =IFERROR(INDEX(hayday_info!$E$2:$E$349,MATCH($A134,hayday_info!$A$2:$A$349,0)),"not found") -> 367 | M134: =IF(L134="not found","not in hayday.info",IF(F134="","no Fandom value",IF(L134=F134,"match","differs"))) -> match | N134: =IFERROR(INDEX(hayday_info!$F$2:$F$349,MATCH($A134,hayday_info!$A$2:$A$349,0)),"not found") -> 44 | O134: =IF(N134="not found","not in hayday.info",IF(G134="","no Fandom value",IF(N134=G134,"match","differs"))) -> match | P134: =IF(J134="not found","not in hayday.info",IF(C134="","no Fandom value",IF(IFERROR(INDEX(hayday_info!$C$2:$C$349,MATCH($A134,hayday_info!$A$2:$A$349,0)),"not found")=C134,"match","differs"))) -> match
A135: Olive dip | B135: Sauce Maker | C135: 66 | D135: 45 | E135: 38 | F135: 468 | G135: 56 | I135: Hay Day Wiki (Fandom) https://hayday.fandom.com/wiki/Sauce_Maker | J135: =IFERROR(INDEX(hayday_info!$D$2:$D$349,MATCH($A135,hayday_info!$A$2:$A$349,0)),"not found") -> 38 | K135: =IF(J135="not found","not in hayday.info",IF(J135=E135,"matches mastered",IF(J135=D135,"matches normal","differs"))) -> matches mastered | L135: =IFERROR(INDEX(hayday_info!$E$2:$E$349,MATCH($A135,hayday_info!$A$2:$A$349,0)),"not found") -> 468 | M135: =IF(L135="not found","not in hayday.info",IF(F135="","no Fandom value",IF(L135=F135,"match","differs"))) -> match | N135: =IFERROR(INDEX(hayday_info!$F$2:$F$349,MATCH($A135,hayday_info!$A$2:$A$349,0)),"not found") -> 56 | O135: =IF(N135="not found","not in hayday.info",IF(G135="","no Fandom value",IF(N135=G135,"match","differs"))) -> match | P135: =IF(J135="not found","not in hayday.info",IF(C135="","no Fandom value",IF(IFERROR(INDEX(hayday_info!$C$2:$C$349,MATCH($A135,hayday_info!$A$2:$A$349,0)),"not found")=C135,"match","differs"))) -> match
A136: Lemon curd | B136: Sauce Maker | C136: 66 | D136: 25 | E136: 21 | F136: 378 | G136: 45 | I136: Hay Day Wiki (Fandom) https://hayday.fandom.com/wiki/Sauce_Maker | J136: =IFERROR(INDEX(hayday_info!$D$2:$D$349,MATCH($A136,hayday_info!$A$2:$A$349,0)),"not found") -> 21 | K136: =IF(J136="not found","not in hayday.info",IF(J136=E136,"matches mastered",IF(J136=D136,"matches normal","differs"))) -> matches mastered | L136: =IFERROR(INDEX(hayday_info!$E$2:$E$349,MATCH($A136,hayday_info!$A$2:$A$349,0)),"not found") -> 378 | M136: =IF(L136="not found","not in hayday.info",IF(F136="","no Fandom value",IF(L136=F136,"match","differs"))) -> match | N136: =IFERROR(INDEX(hayday_info!$F$2:$F$349,MATCH($A136,hayday_info!$A$2:$A$349,0)),"not found") -> 45 | O136: =IF(N136="not found","not in hayday.info",IF(G136="","no Fandom value",IF(N136=G136,"match","differs"))) -> match | P136: =IF(J136="not found","not in hayday.info",IF(C136="","no Fandom value",IF(IFERROR(INDEX(hayday_info!$C$2:$C$349,MATCH($A136,hayday_info!$A$2:$A$349,0)),"not found")=C136,"match","differs"))) -> match
A137: Tomato sauce | B137: Sauce Maker | C137: 69 | D137: 30 | E137: 25 | F137: 230 | G137: 27 | I137: Hay Day Wiki (Fandom) https://hayday.fandom.com/wiki/Sauce_Maker | J137: =IFERROR(INDEX(hayday_info!$D$2:$D$349,MATCH($A137,hayday_info!$A$2:$A$349,0)),"not found") -> 25 | K137: =IF(J137="not found","not in hayday.info",IF(J137=E137,"matches mastered",IF(J137=D137,"matches normal","differs"))) -> matches mastered | L137: =IFERROR(INDEX(hayday_info!$E$2:$E$349,MATCH($A137,hayday_info!$A$2:$A$349,0)),"not found") -> 230 | M137: =IF(L137="not found","not in hayday.info",IF(F137="","no Fandom value",IF(L137=F137,"match","differs"))) -> match | N137: =IFERROR(INDEX(hayday_info!$F$2:$F$349,MATCH($A137,hayday_info!$A$2:$A$349,0)),"not found") -> 27 | O137: =IF(N137="not found","not in hayday.info",IF(G137="","no Fandom value",IF(N137=G137,"match","differs"))) -> match | P137: =IF(J137="not found","not in hayday.info",IF(C137="","no Fandom value",IF(IFERROR(INDEX(hayday_info!$C$2:$C$349,MATCH($A137,hayday_info!$A$2:$A$349,0)),"not found")=C137,"match","differs"))) -> match
A138: Salsa | B138: Sauce Maker | C138: 77 | D138: 20 | E138: 17 | H138: Sell price and XP not listed on the page | I138: Hay Day Wiki (Fandom) https://hayday.fandom.com/wiki/Sauce_Maker | J138: =IFERROR(INDEX(hayday_info!$D$2:$D$349,MATCH($A138,hayday_info!$A$2:$A$349,0)),"not found") -> 17 | K138: =IF(J138="not found","not in hayday.info",IF(J138=E138,"matches mastered",IF(J138=D138,"matches normal","differs"))) -> matches mastered | L138: =IFERROR(INDEX(hayday_info!$E$2:$E$349,MATCH($A138,hayday_info!$A$2:$A$349,0)),"not found") -> 252 | M138: =IF(L138="not found","not in hayday.info",IF(F138="","no Fandom value",IF(L138=F138,"match","differs"))) -> no Fandom value | N138: =IFERROR(INDEX(hayday_info!$F$2:$F$349,MATCH($A138,hayday_info!$A$2:$A$349,0)),"not found") -> 30 | O138: =IF(N138="not found","not in hayday.info",IF(G138="","no Fandom value",IF(N138=G138,"match","differs"))) -> no Fandom value | P138: =IF(J138="not found","not in hayday.info",IF(C138="","no Fandom value",IF(IFERROR(INDEX(hayday_info!$C$2:$C$349,MATCH($A138,hayday_info!$A$2:$A$349,0)),"not found")=C138,"match","differs"))) -> match
A139: Berry Smoothie | B139: Smoothie Mixer | C139: 64 | D139: 75 | E139: 63 | F139: 547 | G139: 65 | I139: Hay Day Wiki (Fandom) https://hayday.fandom.com/wiki/Smoothie_Mixer | J139: =IFERROR(INDEX(hayday_info!$D$2:$D$349,MATCH($A139,hayday_info!$A$2:$A$349,0)),"not found") -> 63 | K139: =IF(J139="not found","not in hayday.info",IF(J139=E139,"matches mastered",IF(J139=D139,"matches normal","differs"))) -> matches mastered | L139: =IFERROR(INDEX(hayday_info!$E$2:$E$349,MATCH($A139,hayday_info!$A$2:$A$349,0)),"not found") -> 547 | M139: =IF(L139="not found","not in hayday.info",IF(F139="","no Fandom value",IF(L139=F139,"match","differs"))) -> match | N139: =IFERROR(INDEX(hayday_info!$F$2:$F$349,MATCH($A139,hayday_info!$A$2:$A$349,0)),"not found") -> 65 | O139: =IF(N139="not found","not in hayday.info",IF(G139="","no Fandom value",IF(N139=G139,"match","differs"))) -> match | P139: =IF(J139="not found","not in hayday.info",IF(C139="","no Fandom value",IF(IFERROR(INDEX(hayday_info!$C$2:$C$349,MATCH($A139,hayday_info!$A$2:$A$349,0)),"not found")=C139,"match","differs"))) -> match
A140: Green Smoothie | B140: Smoothie Mixer | C140: 66 | D140: 45 | E140: 38 | F140: 320 | G140: 38 | I140: Hay Day Wiki (Fandom) https://hayday.fandom.com/wiki/Smoothie_Mixer | J140: =IFERROR(INDEX(hayday_info!$D$2:$D$349,MATCH($A140,hayday_info!$A$2:$A$349,0)),"not found") -> 38 | K140: =IF(J140="not found","not in hayday.info",IF(J140=E140,"matches mastered",IF(J140=D140,"matches normal","differs"))) -> matches mastered | L140: =IFERROR(INDEX(hayday_info!$E$2:$E$349,MATCH($A140,hayday_info!$A$2:$A$349,0)),"not found") -> 320 | M140: =IF(L140="not found","not in hayday.info",IF(F140="","no Fandom value",IF(L140=F140,"match","differs"))) -> match | N140: =IFERROR(INDEX(hayday_info!$F$2:$F$349,MATCH($A140,hayday_info!$A$2:$A$349,0)),"not found") -> 38 | O140: =IF(N140="not found","not in hayday.info",IF(G140="","no Fandom value",IF(N140=G140,"match","differs"))) -> match | P140: =IF(J140="not found","not in hayday.info",IF(C140="","no Fandom value",IF(IFERROR(INDEX(hayday_info!$C$2:$C$349,MATCH($A140,hayday_info!$A$2:$A$349,0)),"not found")=C140,"match","differs"))) -> match
A141: Yogurt Smoothie | B141: Smoothie Mixer | C141: 70 | D141: 60 | E141: 51 | F141: 349 | G141: 60 | I141: Hay Day Wiki (Fandom) https://hayday.fandom.com/wiki/Smoothie_Mixer | J141: =IFERROR(INDEX(hayday_info!$D$2:$D$349,MATCH($A141,hayday_info!$A$2:$A$349,0)),"not found") -> 51 | K141: =IF(J141="not found","not in hayday.info",IF(J141=E141,"matches mastered",IF(J141=D141,"matches normal","differs"))) -> matches mastered | L141: =IFERROR(INDEX(hayday_info!$E$2:$E$349,MATCH($A141,hayday_info!$A$2:$A$349,0)),"not found") -> 349 | M141: =IF(L141="not found","not in hayday.info",IF(F141="","no Fandom value",IF(L141=F141,"match","differs"))) -> match | N141: =IFERROR(INDEX(hayday_info!$F$2:$F$349,MATCH($A141,hayday_info!$A$2:$A$349,0)),"not found") -> 42 | O141: =IF(N141="not found","not in hayday.info",IF(G141="","no Fandom value",IF(N141=G141,"match","differs"))) -> differs | P141: =IF(J141="not found","not in hayday.info",IF(C141="","no Fandom value",IF(IFERROR(INDEX(hayday_info!$C$2:$C$349,MATCH($A141,hayday_info!$A$2:$A$349,0)),"not found")=C141,"match","differs"))) -> match
A142: Cucumber Smoothie | B142: Smoothie Mixer | C142: 70 | D142: 40 | E142: 34 | F142: 266 | G142: 32 | I142: Hay Day Wiki (Fandom) https://hayday.fandom.com/wiki/Smoothie_Mixer | J142: =IFERROR(INDEX(hayday_info!$D$2:$D$349,MATCH($A142,hayday_info!$A$2:$A$349,0)),"not found") -> 34 | K142: =IF(J142="not found","not in hayday.info",IF(J142=E142,"matches mastered",IF(J142=D142,"matches normal","differs"))) -> matches mastered | L142: =IFERROR(INDEX(hayday_info!$E$2:$E$349,MATCH($A142,hayday_info!$A$2:$A$349,0)),"not found") -> 266 | M142: =IF(L142="not found","not in hayday.info",IF(F142="","no Fandom value",IF(L142=F142,"match","differs"))) -> match | N142: =IFERROR(INDEX(hayday_info!$F$2:$F$349,MATCH($A142,hayday_info!$A$2:$A$349,0)),"not found") -> 32 | O142: =IF(N142="not found","not in hayday.info",IF(G142="","no Fandom value",IF(N142=G142,"match","differs"))) -> match | P142: =IF(J142="not found","not in hayday.info",IF(C142="","no Fandom value",IF(IFERROR(INDEX(hayday_info!$C$2:$C$349,MATCH($A142,hayday_info!$A$2:$A$349,0)),"not found")=C142,"match","differs"))) -> match
A143: Mixed Smoothie | B143: Smoothie Mixer | C143: 88 | D143: 30 | E143: 25 | F143: 504 | G143: 60 | I143: Hay Day Wiki (Fandom) https://hayday.fandom.com/wiki/Smoothie_Mixer | J143: =IFERROR(INDEX(hayday_info!$D$2:$D$349,MATCH($A143,hayday_info!$A$2:$A$349,0)),"not found") -> 25 | K143: =IF(J143="not found","not in hayday.info",IF(J143=E143,"matches mastered",IF(J143=D143,"matches normal","differs"))) -> matches mastered | L143: =IFERROR(INDEX(hayday_info!$E$2:$E$349,MATCH($A143,hayday_info!$A$2:$A$349,0)),"not found") -> 504 | M143: =IF(L143="not found","not in hayday.info",IF(F143="","no Fandom value",IF(L143=F143,"match","differs"))) -> match | N143: =IFERROR(INDEX(hayday_info!$F$2:$F$349,MATCH($A143,hayday_info!$A$2:$A$349,0)),"not found") -> 60 | O143: =IF(N143="not found","not in hayday.info",IF(G143="","no Fandom value",IF(N143=G143,"match","differs"))) -> match | P143: =IF(J143="not found","not in hayday.info",IF(C143="","no Fandom value",IF(IFERROR(INDEX(hayday_info!$C$2:$C$349,MATCH($A143,hayday_info!$A$2:$A$349,0)),"not found")=C143,"match","differs"))) -> match
A144: Black Sesame Smoothie | B144: Smoothie Mixer | C144: 93 | D144: 45 | E144: 38 | F144: 313 | G144: 37 | I144: Hay Day Wiki (Fandom) https://hayday.fandom.com/wiki/Smoothie_Mixer | J144: =IFERROR(INDEX(hayday_info!$D$2:$D$349,MATCH($A144,hayday_info!$A$2:$A$349,0)),"not found") -> 38 | K144: =IF(J144="not found","not in hayday.info",IF(J144=E144,"matches mastered",IF(J144=D144,"matches normal","differs"))) -> matches mastered | L144: =IFERROR(INDEX(hayday_info!$E$2:$E$349,MATCH($A144,hayday_info!$A$2:$A$349,0)),"not found") -> 313 | M144: =IF(L144="not found","not in hayday.info",IF(F144="","no Fandom value",IF(L144=F144,"match","differs"))) -> match | N144: =IFERROR(INDEX(hayday_info!$F$2:$F$349,MATCH($A144,hayday_info!$A$2:$A$349,0)),"not found") -> 37 | O144: =IF(N144="not found","not in hayday.info",IF(G144="","no Fandom value",IF(N144=G144,"match","differs"))) -> match | P144: =IF(J144="not found","not in hayday.info",IF(C144="","no Fandom value",IF(IFERROR(INDEX(hayday_info!$C$2:$C$349,MATCH($A144,hayday_info!$A$2:$A$349,0)),"not found")=C144,"match","differs"))) -> match
A145: Cocoa Smoothie | B145: Smoothie Mixer | C145: 100 | D145: 40 | E145: 34 | F145: 511 | G145: 61 | I145: Hay Day Wiki (Fandom) https://hayday.fandom.com/wiki/Smoothie_Mixer | J145: =IFERROR(INDEX(hayday_info!$D$2:$D$349,MATCH($A145,hayday_info!$A$2:$A$349,0)),"not found") -> 34 | K145: =IF(J145="not found","not in hayday.info",IF(J145=E145,"matches mastered",IF(J145=D145,"matches normal","differs"))) -> matches mastered | L145: =IFERROR(INDEX(hayday_info!$E$2:$E$349,MATCH($A145,hayday_info!$A$2:$A$349,0)),"not found") -> 511 | M145: =IF(L145="not found","not in hayday.info",IF(F145="","no Fandom value",IF(L145=F145,"match","differs"))) -> match | N145: =IFERROR(INDEX(hayday_info!$F$2:$F$349,MATCH($A145,hayday_info!$A$2:$A$349,0)),"not found") -> 61 | O145: =IF(N145="not found","not in hayday.info",IF(G145="","no Fandom value",IF(N145=G145,"match","differs"))) -> match | P145: =IF(J145="not found","not in hayday.info",IF(C145="","no Fandom value",IF(IFERROR(INDEX(hayday_info!$C$2:$C$349,MATCH($A145,hayday_info!$A$2:$A$349,0)),"not found")=C145,"match","differs"))) -> match
A146: Plum Smoothie | B146: Smoothie Mixer | C146: 102 | D146: 35 | E146: 29 | F146: 522 | G146: 62 | I146: Hay Day Wiki (Fandom) https://hayday.fandom.com/wiki/Smoothie_Mixer | J146: =IFERROR(INDEX(hayday_info!$D$2:$D$349,MATCH($A146,hayday_info!$A$2:$A$349,0)),"not found") -> 29 | K146: =IF(J146="not found","not in hayday.info",IF(J146=E146,"matches mastered",IF(J146=D146,"matches normal","differs"))) -> matches mastered | L146: =IFERROR(INDEX(hayday_info!$E$2:$E$349,MATCH($A146,hayday_info!$A$2:$A$349,0)),"not found") -> 522 | M146: =IF(L146="not found","not in hayday.info",IF(F146="","no Fandom value",IF(L146=F146,"match","differs"))) -> match | N146: =IFERROR(INDEX(hayday_info!$F$2:$F$349,MATCH($A146,hayday_info!$A$2:$A$349,0)),"not found") -> 62 | O146: =IF(N146="not found","not in hayday.info",IF(G146="","no Fandom value",IF(N146=G146,"match","differs"))) -> match | P146: =IF(J146="not found","not in hayday.info",IF(C146="","no Fandom value",IF(IFERROR(INDEX(hayday_info!$C$2:$C$349,MATCH($A146,hayday_info!$A$2:$A$349,0)),"not found")=C146,"match","differs"))) -> match
A147: Taco | B147: Taco Kitchen | C147: 77 | D147: 45 | E147: 38 | F147: 396 | G147: 47 | I147: Hay Day Wiki (Fandom) https://hayday.fandom.com/wiki/Taco_Kitchen | J147: =IFERROR(INDEX(hayday_info!$D$2:$D$349,MATCH($A147,hayday_info!$A$2:$A$349,0)),"not found") -> 38 | K147: =IF(J147="not found","not in hayday.info",IF(J147=E147,"matches mastered",IF(J147=D147,"matches normal","differs"))) -> matches mastered | L147: =IFERROR(INDEX(hayday_info!$E$2:$E$349,MATCH($A147,hayday_info!$A$2:$A$349,0)),"not found") -> 396 | M147: =IF(L147="not found","not in hayday.info",IF(F147="","no Fandom value",IF(L147=F147,"match","differs"))) -> match | N147: =IFERROR(INDEX(hayday_info!$F$2:$F$349,MATCH($A147,hayday_info!$A$2:$A$349,0)),"not found") -> 47 | O147: =IF(N147="not found","not in hayday.info",IF(G147="","no Fandom value",IF(N147=G147,"match","differs"))) -> match | P147: =IF(J147="not found","not in hayday.info",IF(C147="","no Fandom value",IF(IFERROR(INDEX(hayday_info!$C$2:$C$349,MATCH($A147,hayday_info!$A$2:$A$349,0)),"not found")=C147,"match","differs"))) -> match
A148: Fish Taco | B148: Taco Kitchen | C148: 79 | D148: 90 | E148: 76 | F148: 392 | G148: 44 | I148: Hay Day Wiki (Fandom) https://hayday.fandom.com/wiki/Taco_Kitchen | J148: =IFERROR(INDEX(hayday_info!$D$2:$D$349,MATCH($A148,hayday_info!$A$2:$A$349,0)),"not found") -> 76 | K148: =IF(J148="not found","not in hayday.info",IF(J148=E148,"matches mastered",IF(J148=D148,"matches normal","differs"))) -> matches mastered | L148: =IFERROR(INDEX(hayday_info!$E$2:$E$349,MATCH($A148,hayday_info!$A$2:$A$349,0)),"not found") -> 392 | M148: =IF(L148="not found","not in hayday.info",IF(F148="","no Fandom value",IF(L148=F148,"match","differs"))) -> match | N148: =IFERROR(INDEX(hayday_info!$F$2:$F$349,MATCH($A148,hayday_info!$A$2:$A$349,0)),"not found") -> 47 | O148: =IF(N148="not found","not in hayday.info",IF(G148="","no Fandom value",IF(N148=G148,"match","differs"))) -> differs | P148: =IF(J148="not found","not in hayday.info",IF(C148="","no Fandom value",IF(IFERROR(INDEX(hayday_info!$C$2:$C$349,MATCH($A148,hayday_info!$A$2:$A$349,0)),"not found")=C148,"match","differs"))) -> match
A149: Quesadilla | B149: Taco Kitchen | C149: 82 | D149: 60 | E149: 51 | F149: 241 | G149: 29 | I149: Hay Day Wiki (Fandom) https://hayday.fandom.com/wiki/Taco_Kitchen | J149: =IFERROR(INDEX(hayday_info!$D$2:$D$349,MATCH($A149,hayday_info!$A$2:$A$349,0)),"not found") -> 51 | K149: =IF(J149="not found","not in hayday.info",IF(J149=E149,"matches mastered",IF(J149=D149,"matches normal","differs"))) -> matches mastered | L149: =IFERROR(INDEX(hayday_info!$E$2:$E$349,MATCH($A149,hayday_info!$A$2:$A$349,0)),"not found") -> 241 | M149: =IF(L149="not found","not in hayday.info",IF(F149="","no Fandom value",IF(L149=F149,"match","differs"))) -> match | N149: =IFERROR(INDEX(hayday_info!$F$2:$F$349,MATCH($A149,hayday_info!$A$2:$A$349,0)),"not found") -> 29 | O149: =IF(N149="not found","not in hayday.info",IF(G149="","no Fandom value",IF(N149=G149,"match","differs"))) -> match | P149: =IF(J149="not found","not in hayday.info",IF(C149="","no Fandom value",IF(IFERROR(INDEX(hayday_info!$C$2:$C$349,MATCH($A149,hayday_info!$A$2:$A$349,0)),"not found")=C149,"match","differs"))) -> match
A150: Nachos | B150: Taco Kitchen | C150: 87 | D150: 75 | E150: 63 | F150: 430 | G150: 52 | I150: Hay Day Wiki (Fandom) https://hayday.fandom.com/wiki/Taco_Kitchen | J150: =IFERROR(INDEX(hayday_info!$D$2:$D$349,MATCH($A150,hayday_info!$A$2:$A$349,0)),"not found") -> 63 | K150: =IF(J150="not found","not in hayday.info",IF(J150=E150,"matches mastered",IF(J150=D150,"matches normal","differs"))) -> matches mastered | L150: =IFERROR(INDEX(hayday_info!$E$2:$E$349,MATCH($A150,hayday_info!$A$2:$A$349,0)),"not found") -> 432 | M150: =IF(L150="not found","not in hayday.info",IF(F150="","no Fandom value",IF(L150=F150,"match","differs"))) -> differs | N150: =IFERROR(INDEX(hayday_info!$F$2:$F$349,MATCH($A150,hayday_info!$A$2:$A$349,0)),"not found") -> 52 | O150: =IF(N150="not found","not in hayday.info",IF(G150="","no Fandom value",IF(N150=G150,"match","differs"))) -> match | P150: =IF(J150="not found","not in hayday.info",IF(C150="","no Fandom value",IF(IFERROR(INDEX(hayday_info!$C$2:$C$349,MATCH($A150,hayday_info!$A$2:$A$349,0)),"not found")=C150,"match","differs"))) -> match
... A209: Guava Compote | B209: Preservation Station | C209: 104 | D209: 260 | E209: 221 | F209: 421 | G209: 50 | I209: Hay Day Wiki (Fandom) https://hayday.fandom.com/wiki/Preservation_Station | J209: =IFERROR(INDEX(hayday_info!$D$2:$D$349,MATCH($A209,hayday_info!$A$2:$A$349,0)),"not found") -> 260 | K209: =IF(J209="not found","not in hayday.info",IF(J209=E209,"matches mastered",IF(J209=D209,"matches normal","differs"))) -> matches normal | L209: =IFERROR(INDEX(hayday_info!$E$2:$E$349,MATCH($A209,hayday_info!$A$2:$A$349,0)),"not found") -> 421 | M209: =IF(L209="not found","not in hayday.info",IF(F209="","no Fandom value",IF(L209=F209,"match","differs"))) -> match | N209: =IFERROR(INDEX(hayday_info!$F$2:$F$349,MATCH($A209,hayday_info!$A$2:$A$349,0)),"not found") -> 50 | O209: =IF(N209="not found","not in hayday.info",IF(G209="","no Fandom value",IF(N209=G209,"match","differs"))) -> match | P209: =IF(J209="not found","not in hayday.info",IF(C209="","no Fandom value",IF(IFERROR(INDEX(hayday_info!$C$2:$C$349,MATCH($A209,hayday_info!$A$2:$A$349,0)),"not found")=C209,"match","differs"))) -> match
A210: Plain Yogurt | B210: Yogurt Maker | C210: 103 | E210: 102 | F210: 234 | G210: 28 | H210: Page table garbled: normal time left blank, mastered time inferred by the page reader | I210: Hay Day Wiki (Fandom) https://hayday.fandom.com/wiki/Yogurt_Maker | J210: =IFERROR(INDEX(hayday_info!$D$2:$D$349,MATCH($A210,hayday_info!$A$2:$A$349,0)),"not found") -> 102 | K210: =IF(J210="not found","not in hayday.info",IF(J210=E210,"matches mastered",IF(J210=D210,"matches normal","differs"))) -> matches mastered | L210: =IFERROR(INDEX(hayday_info!$E$2:$E$349,MATCH($A210,hayday_info!$A$2:$A$349,0)),"not found") -> 234 | M210: =IF(L210="not found","not in hayday.info",IF(F210="","no Fandom value",IF(L210=F210,"match","differs"))) -> match | N210: =IFERROR(INDEX(hayday_info!$F$2:$F$349,MATCH($A210,hayday_info!$A$2:$A$349,0)),"not found") -> 28 | O210: =IF(N210="not found","not in hayday.info",IF(G210="","no Fandom value",IF(N210=G210,"match","differs"))) -> match | P210: =IF(J210="not found","not in hayday.info",IF(C210="","no Fandom value",IF(IFERROR(INDEX(hayday_info!$C$2:$C$349,MATCH($A210,hayday_info!$A$2:$A$349,0)),"not found")=C210,"match","differs"))) -> match
A211: Strawberry Yogurt | B211: Yogurt Maker | C211: 105 | E211: 34 | F211: 529 | G211: 63 | H211: Page table garbled: normal time left blank, mastered time inferred by the page reader | I211: Hay Day Wiki (Fandom) https://hayday.fandom.com/wiki/Yogurt_Maker | J211: =IFERROR(INDEX(hayday_info!$D$2:$D$349,MATCH($A211,hayday_info!$A$2:$A$349,0)),"not found") -> 34 | K211: =IF(J211="not found","not in hayday.info",IF(J211=E211,"matches mastered",IF(J211=D211,"matches normal","differs"))) -> matches mastered | L211: =IFERROR(INDEX(hayday_info!$E$2:$E$349,MATCH($A211,hayday_info!$A$2:$A$349,0)),"not found") -> 529 | M211: =IF(L211="not found","not in hayday.info",IF(F211="","no Fandom value",IF(L211=F211,"match","differs"))) -> match | N211: =IFERROR(INDEX(hayday_info!$F$2:$F$349,MATCH($A211,hayday_info!$A$2:$A$349,0)),"not found") -> 63 | O211: =IF(N211="not found","not in hayday.info",IF(G211="","no Fandom value",IF(N211=G211,"match","differs"))) -> match | P211: =IF(J211="not found","not in hayday.info",IF(C211="","no Fandom value",IF(IFERROR(INDEX(hayday_info!$C$2:$C$349,MATCH($A211,hayday_info!$A$2:$A$349,0)),"not found")=C211,"match","differs"))) -> match
A212: Tropical Yogurt | B212: Yogurt Maker | C212: 109 | E212: 51 | F212: 457 | G212: 54 | H212: Page table garbled: normal time left blank, mastered time inferred by the page reader | I212: Hay Day Wiki (Fandom) https://hayday.fandom.com/wiki/Yogurt_Maker | J212: =IFERROR(INDEX(hayday_info!$D$2:$D$349,MATCH($A212,hayday_info!$A$2:$A$349,0)),"not found") -> 51 | K212: =IF(J212="not found","not in hayday.info",IF(J212=E212,"matches mastered",IF(J212=D212,"matches normal","differs"))) -> matches mastered | L212: =IFERROR(INDEX(hayday_info!$E$2:$E$349,MATCH($A212,hayday_info!$A$2:$A$349,0)),"not found") -> 457 | M212: =IF(L212="not found","not in hayday.info",IF(F212="","no Fandom value",IF(L212=F212,"match","differs"))) -> match | N212: =IFERROR(INDEX(hayday_info!$F$2:$F$349,MATCH($A212,hayday_info!$A$2:$A$349,0)),"not found") -> 54 | O212: =IF(N212="not found","not in hayday.info",IF(G212="","no Fandom value",IF(N212=G212,"match","differs"))) -> match | P212: =IF(J212="not found","not in hayday.info",IF(C212="","no Fandom value",IF(IFERROR(INDEX(hayday_info!$C$2:$C$349,MATCH($A212,hayday_info!$A$2:$A$349,0)),"not found")=C212,"match","differs"))) -> match
A213: Breakfast Bowl | B213: Yogurt Maker | C213: 119 | E213: 42 | F213: 604 | G213: 72 | H213: Page table garbled: normal time left blank, mastered time inferred by the page reader | I213: Hay Day Wiki (Fandom) https://hayday.fandom.com/wiki/Yogurt_Maker | J213: =IFERROR(INDEX(hayday_info!$D$2:$D$349,MATCH($A213,hayday_info!$A$2:$A$349,0)),"not found") -> not found | K213: =IF(J213="not found","not in hayday.info",IF(J213=E213,"matches mastered",IF(J213=D213,"matches normal","differs"))) -> not in hayday.info | L213: =IFERROR(INDEX(hayday_info!$E$2:$E$349,MATCH($A213,hayday_info!$A$2:$A$349,0)),"not found") -> not found | M213: =IF(L213="not found","not in hayday.info",IF(F213="","no Fandom value",IF(L213=F213,"match","differs"))) -> not in hayday.info | N213: =IFERROR(INDEX(hayday_info!$F$2:$F$349,MATCH($A213,hayday_info!$A$2:$A$349,0)),"not found") -> not found | O213: =IF(N213="not found","not in hayday.info",IF(G213="","no Fandom value",IF(N213=G213,"match","differs"))) -> not in hayday.info | P213: =IF(J213="not found","not in hayday.info",IF(C213="","no Fandom value",IF(IFERROR(INDEX(hayday_info!$C$2:$C$349,MATCH($A213,hayday_info!$A$2:$A$349,0)),"not found")=C213,"match","differs"))) -> not in hayday.info
A214: Chickpea Stew | B214: Stew Pot | C214: 106 | D214: 90 | E214: 76 | F214: 284 | G214: 34 | I214: Hay Day Wiki (Fandom) https://hayday.fandom.com/wiki/Stew_Pot | J214: =IFERROR(INDEX(hayday_info!$D$2:$D$349,MATCH($A214,hayday_info!$A$2:$A$349,0)),"not found") -> 90 | K214: =IF(J214="not found","not in hayday.info",IF(J214=E214,"matches mastered",IF(J214=D214,"matches normal","differs"))) -> matches normal | L214: =IFERROR(INDEX(hayday_info!$E$2:$E$349,MATCH($A214,hayday_info!$A$2:$A$349,0)),"not found") -> 284 | M214: =IF(L214="not found","not in hayday.info",IF(F214="","no Fandom value",IF(L214=F214,"match","differs"))) -> match | N214: =IFERROR(INDEX(hayday_info!$F$2:$F$349,MATCH($A214,hayday_info!$A$2:$A$349,0)),"not found") -> 34 | O214: =IF(N214="not found","not in hayday.info",IF(G214="","no Fandom value",IF(N214=G214,"match","differs"))) -> match | P214: =IF(J214="not found","not in hayday.info",IF(C214="","no Fandom value",IF(IFERROR(INDEX(hayday_info!$C$2:$C$349,MATCH($A214,hayday_info!$A$2:$A$349,0)),"not found")=C214,"match","differs"))) -> match
A215: Chili Stew | B215: Stew Pot | C215: 109 | D215: 120 | E215: 102 | F215: 370 | G215: 44 | I215: Hay Day Wiki (Fandom) https://hayday.fandom.com/wiki/Stew_Pot | J215: =IFERROR(INDEX(hayday_info!$D$2:$D$349,MATCH($A215,hayday_info!$A$2:$A$349,0)),"not found") -> 120 | K215: =IF(J215="not found","not in hayday.info",IF(J215=E215,"matches mastered",IF(J215=D215,"matches normal","differs"))) -> matches normal | L215: =IFERROR(INDEX(hayday_info!$E$2:$E$349,MATCH($A215,hayday_info!$A$2:$A$349,0)),"not found") -> 370 | M215: =IF(L215="not found","not in hayday.info",IF(F215="","no Fandom value",IF(L215=F215,"match","differs"))) -> match | N215: =IFERROR(INDEX(hayday_info!$F$2:$F$349,MATCH($A215,hayday_info!$A$2:$A$349,0)),"not found") -> 44 | O215: =IF(N215="not found","not in hayday.info",IF(G215="","no Fandom value",IF(N215=G215,"match","differs"))) -> match | P215: =IF(J215="not found","not in hayday.info",IF(C215="","no Fandom value",IF(IFERROR(INDEX(hayday_info!$C$2:$C$349,MATCH($A215,hayday_info!$A$2:$A$349,0)),"not found")=C215,"match","differs"))) -> match
A216: Winter Stew | B216: Stew Pot | C216: 112 | D216: 140 | E216: 119 | F216: 295 | G216: 35 | I216: Hay Day Wiki (Fandom) https://hayday.fandom.com/wiki/Stew_Pot | J216: =IFERROR(INDEX(hayday_info!$D$2:$D$349,MATCH($A216,hayday_info!$A$2:$A$349,0)),"not found") -> 240 | K216: =IF(J216="not found","not in hayday.info",IF(J216=E216,"matches mastered",IF(J216=D216,"matches normal","differs"))) -> differs | L216: =IFERROR(INDEX(hayday_info!$E$2:$E$349,MATCH($A216,hayday_info!$A$2:$A$349,0)),"not found") -> 295 | M216: =IF(L216="not found","not in hayday.info",IF(F216="","no Fandom value",IF(L216=F216,"match","differs"))) -> match | N216: =IFERROR(INDEX(hayday_info!$F$2:$F$349,MATCH($A216,hayday_info!$A$2:$A$349,0)),"not found") -> 35 | O216: =IF(N216="not found","not in hayday.info",IF(G216="","no Fandom value",IF(N216=G216,"match","differs"))) -> match | P216: =IF(J216="not found","not in hayday.info",IF(C216="","no Fandom value",IF(IFERROR(INDEX(hayday_info!$C$2:$C$349,MATCH($A216,hayday_info!$A$2:$A$349,0)),"not found")=C216,"match","differs"))) -> match
A217: Tea Pot | B217: Pottery Studio | C217: 94 | D217: 240 | E217: 204 | F217: 219 | G217: 26 | I217: Hay Day Wiki (Fandom) https://hayday.fandom.com/wiki/Pottery_Studio | J217: =IFERROR(INDEX(hayday_info!$D$2:$D$349,MATCH($A217,hayday_info!$A$2:$A$349,0)),"not found") -> 187 | K217: =IF(J217="not found","not in hayday.info",IF(J217=E217,"matches mastered",IF(J217=D217,"matches normal","differs"))) -> differs | L217: =IFERROR(INDEX(hayday_info!$E$2:$E$349,MATCH($A217,hayday_info!$A$2:$A$349,0)),"not found") -> 219 | M217: =IF(L217="not found","not in hayday.info",IF(F217="","no Fandom value",IF(L217=F217,"match","differs"))) -> match | N217: =IFERROR(INDEX(hayday_info!$F$2:$F$349,MATCH($A217,hayday_info!$A$2:$A$349,0)),"not found") -> 26 | O217: =IF(N217="not found","not in hayday.info",IF(G217="","no Fandom value",IF(N217=G217,"match","differs"))) -> match | P217: =IF(J217="not found","not in hayday.info",IF(C217="","no Fandom value",IF(IFERROR(INDEX(hayday_info!$C$2:$C$349,MATCH($A217,hayday_info!$A$2:$A$349,0)),"not found")=C217,"match","differs"))) -> match
A218: Potted Plant | B218: Pottery Studio | C218: 96 | D218: 220 | E218: 187 | F218: 151 | G218: 26 | I218: Hay Day Wiki (Fandom) https://hayday.fandom.com/wiki/Pottery_Studio | J218: =IFERROR(INDEX(hayday_info!$D$2:$D$349,MATCH($A218,hayday_info!$A$2:$A$349,0)),"not found") -> 187 | K218: =IF(J218="not found","not in hayday.info",IF(J218=E218,"matches mastered",IF(J218=D218,"matches normal","differs"))) -> matches mastered | L218: =IFERROR(INDEX(hayday_info!$E$2:$E$349,MATCH($A218,hayday_info!$A$2:$A$349,0)),"not found") -> 151 | M218: =IF(L218="not found","not in hayday.info",IF(F218="","no Fandom value",IF(L218=F218,"match","differs"))) -> match | N218: =IFERROR(INDEX(hayday_info!$F$2:$F$349,MATCH($A218,hayday_info!$A$2:$A$349,0)),"not found") -> 26 | O218: =IF(N218="not found","not in hayday.info",IF(G218="","no Fandom value",IF(N218=G218,"match","differs"))) -> match | P218: =IF(J218="not found","not in hayday.info",IF(C218="","no Fandom value",IF(IFERROR(INDEX(hayday_info!$C$2:$C$349,MATCH($A218,hayday_info!$A$2:$A$349,0)),"not found")=C218,"match","differs"))) -> match
A219: Clay Mug | B219: Pottery Studio | C219: 99 | D219: 200 | E219: 170 | F219: 212 | G219: 25 | I219: Hay Day Wiki (Fandom) https://hayday.fandom.com/wiki/Pottery_Studio | J219: =IFERROR(INDEX(hayday_info!$D$2:$D$349,MATCH($A219,hayday_info!$A$2:$A$349,0)),"not found") -> 170 | K219: =IF(J219="not found","not in hayday.info",IF(J219=E219,"matches mastered",IF(J219=D219,"matches normal","differs"))) -> matches mastered | L219: =IFERROR(INDEX(hayday_info!$E$2:$E$349,MATCH($A219,hayday_info!$A$2:$A$349,0)),"not found") -> 212 | M219: =IF(L219="not found","not in hayday.info",IF(F219="","no Fandom value",IF(L219=F219,"match","differs"))) -> match | N219: =IFERROR(INDEX(hayday_info!$F$2:$F$349,MATCH($A219,hayday_info!$A$2:$A$349,0)),"not found") -> 25 | O219: =IF(N219="not found","not in hayday.info",IF(G219="","no Fandom value",IF(N219=G219,"match","differs"))) -> match | P219: =IF(J219="not found","not in hayday.info",IF(C219="","no Fandom value",IF(IFERROR(INDEX(hayday_info!$C$2:$C$349,MATCH($A219,hayday_info!$A$2:$A$349,0)),"not found")=C219,"match","differs"))) -> match
A220: Honey | B220: Honey Extractor | C220: 39 | D220: 20 | E220: 17 | F220: 154 | G220: 19 | I220: Hay Day Wiki (Fandom) https://hayday.fandom.com/wiki/Honey_Extractor | J220: =IFERROR(INDEX(hayday_info!$D$2:$D$349,MATCH($A220,hayday_info!$A$2:$A$349,0)),"not found") -> 17 | K220: =IF(J220="not found","not in hayday.info",IF(J220=E220,"matches mastered",IF(J220=D220,"matches normal","differs"))) -> matches mastered | L220: =IFERROR(INDEX(hayday_info!$E$2:$E$349,MATCH($A220,hayday_info!$A$2:$A$349,0)),"not found") -> 154 | M220: =IF(L220="not found","not in hayday.info",IF(F220="","no Fandom value",IF(L220=F220,"match","differs"))) -> match | N220: =IFERROR(INDEX(hayday_info!$F$2:$F$349,MATCH($A220,hayday_info!$A$2:$A$349,0)),"not found") -> 19 | O220: =IF(N220="not found","not in hayday.info",IF(G220="","no Fandom value",IF(N220=G220,"match","differs"))) -> match | P220: =IF(J220="not found","not in hayday.info",IF(C220="","no Fandom value",IF(IFERROR(INDEX(hayday_info!$C$2:$C$349,MATCH($A220,hayday_info!$A$2:$A$349,0)),"not found")=C220,"match","differs"))) -> match
A221: Beeswax | B221: Honey Extractor | C221: 48 | D221: 45 | E221: 38 | F221: 234 | G221: 28 | I221: Hay Day Wiki (Fandom) https://hayday.fandom.com/wiki/Honey_Extractor | J221: =IFERROR(INDEX(hayday_info!$D$2:$D$349,MATCH($A221,hayday_info!$A$2:$A$349,0)),"not found") -> 38 | K221: =IF(J221="not found","not in hayday.info",IF(J221=E221,"matches mastered",IF(J221=D221,"matches normal","differs"))) -> matches mastered | L221: =IFERROR(INDEX(hayday_info!$E$2:$E$349,MATCH($A221,hayday_info!$A$2:$A$349,0)),"not found") -> 234 | M221: =IF(L221="not found","not in hayday.info",IF(F221="","no Fandom value",IF(L221=F221,"match","differs"))) -> match | N221: =IFERROR(INDEX(hayday_info!$F$2:$F$349,MATCH($A221,hayday_info!$A$2:$A$349,0)),"not found") -> 28 | O221: =IF(N221="not found","not in hayday.info",IF(G221="","no Fandom value",IF(N221=G221,"match","differs"))) -> match | P221: =IF(J221="not found","not in hayday.info",IF(C221="","no Fandom value",IF(IFERROR(INDEX(hayday_info!$C$2:$C$349,MATCH($A221,hayday_info!$A$2:$A$349,0)),"not found")=C221,"match","differs"))) -> match
A222: Duck Feather | B222: Duck Salon | C222: 50 | D222: 180 | H222: Cannot be mastered; price and XP not stated on the page | I222: Hay Day Wiki (Fandom) https://hayday.fandom.com/wiki/Duck_Salon | J222: =IFERROR(INDEX(hayday_info!$D$2:$D$349,MATCH($A222,hayday_info!$A$2:$A$349,0)),"not found") -> 180 | K222: =IF(J222="not found","not in hayday.info",IF(J222=E222,"matches mastered",IF(J222=D222,"matches normal","differs"))) -> matches normal | L222: =IFERROR(INDEX(hayday_info!$E$2:$E$349,MATCH($A222,hayday_info!$A$2:$A$349,0)),"not found") -> 140 | M222: =IF(L222="not found","not in hayday.info",IF(F222="","no Fandom value",IF(L222=F222,"match","differs"))) -> no Fandom value | N222: =IFERROR(INDEX(hayday_info!$F$2:$F$349,MATCH($A222,hayday_info!$A$2:$A$349,0)),"not found") -> 17 | O222: =IF(N222="not found","not in hayday.info",IF(G222="","no Fandom value",IF(N222=G222,"match","differs"))) -> no Fandom value | P222: =IF(J222="not found","not in hayday.info",IF(C222="","no Fandom value",IF(IFERROR(INDEX(hayday_info!$C$2:$C$349,MATCH($A222,hayday_info!$A$2:$A$349,0)),"not found")=C222,"match","differs"))) -> match
A223: Lobster tail | B223: Lobster Pool | C223: 44 | D223: 360 | F223: 201 | G223: 24 | H223: Cannot be mastered | I223: Hay Day Wiki (Fandom) https://hayday.fandom.com/wiki/Lobster_Pool | J223: =IFERROR(INDEX(hayday_info!$D$2:$D$349,MATCH($A223,hayday_info!$A$2:$A$349,0)),"not found") -> 360 | K223: =IF(J223="not found","not in hayday.info",IF(J223=E223,"matches mastered",IF(J223=D223,"matches normal","differs"))) -> matches normal | L223: =IFERROR(INDEX(hayday_info!$E$2:$E$349,MATCH($A223,hayday_info!$A$2:$A$349,0)),"not found") -> 201 | M223: =IF(L223="not found","not in hayday.info",IF(F223="","no Fandom value",IF(L223=F223,"match","differs"))) -> match | N223: =IFERROR(INDEX(hayday_info!$F$2:$F$349,MATCH($A223,hayday_info!$A$2:$A$349,0)),"not found") -> 24 | O223: =IF(N223="not found","not in hayday.info",IF(G223="","no Fandom value",IF(N223=G223,"match","differs"))) -> match | P223: =IF(J223="not found","not in hayday.info",IF(C223="","no Fandom value",IF(IFERROR(INDEX(hayday_info!$C$2:$C$349,MATCH($A223,hayday_info!$A$2:$A$349,0)),"not found")=C223,"match","differs"))) -> match
...

Sheet Notes
A1: Hay Day production data - notes
A3: Settings
A4: High-profit flag threshold (profit/hr) | B4: 200 | C4: Assumption: chosen by me, not from any source. Values above are flagged in hayday_info column I.
A6: Comparison summary (live formulas over fandom_all)
A7: Fandom rows | B7: =COUNTA(fandom_all!A2:A239) -> 238
A8: found in hayday.info | B8: =COUNTIF(fandom_all!K2:K239,"<>not in hayday.info") -> 236
A9: not in hayday.info (new/renamed items) | B9: =COUNTIF(fandom_all!K2:K239,"not in hayday.info") -> 2
A10: Time = Fandom mastered time | B10: =COUNTIF(fandom_all!K2:K239,"matches mastered") -> 211
A11: Time = Fandom normal time (not mastered) | B11: =COUNTIF(fandom_all!K2:K239,"matches normal") -> 18
A12: Time differs from both | B12: =COUNTIF(fandom_all!K2:K239,"differs") -> 7
A13: Price matches | B13: =COUNTIF(fandom_all!M2:M239,"match") -> 212
A14: Price differs | B14: =COUNTIF(fandom_all!M2:M239,"differs") -> 4
A15: XP matches | B15: =COUNTIF(fandom_all!O2:O239,"match") -> 206
A16: XP differs | B16: =COUNTIF(fandom_all!O2:O239,"differs") -> 10
A17: Level differs | B17: =COUNTIF(fandom_all!P2:P239,"differs") -> 0
A19: Sources
A20: hayday.info | B20: Community database. Endpoint https://hayday.info/api/production-data returned a flat JSON array of 348 records across 48 machines/categories. Retrieved 2026-10-13. Unofficial and undocumented - format may change.
A21: Hay Day Wiki (Fandom) | B21: Product tables read from individual machine pages (https://hayday.fandom.com/wiki/<Machine>), plus Trees_and_Bushes. Retrieved 2026-10-13 through a web page reader that summarises the page, so values may contain reader errors - 'differs' rows should be checked against the page or the game.
A22: Not retrieved | B22: Fandom pages that failed to load twice: BBQ Grill, Salad Bar, Deep Fryer, Cupcake Maker, Fudge Shop, Bath Kiosk. The Crops page had an empty table. Animal Products and the individual crop list were not fetched.
A23: Ingredients | B23: NOT available. Machine pages only give general notes (e.g. 'every jam needs 3 fruit'), not per-product recipes, so no ingredient or cost columns could be built.
A25: Findings
A26: Time = mastered time | B26: hayday.info 'time_min' is generally the Fandom mastered (3-star) time, not the normal time. See the summary above; exceptions are listed in fandom_all column K.
A27: profit_per_hour | B27: Computed by the site, formula not published. Consistent with (price - ingredient cost) / hours on Egg and Wheat; not verified for every row.
A28: Suspicious values | B28: Large negative or very high profit/hr rows are flagged in hayday_info column I. Not verified in-game.
A29: Items only on Fandom | B29: Some items appear on Fandom but not in hayday.info (e.g. Breakfast Bowl, Pomegranate) - see 'not in hayday.info' rows.
A31: Cleaning applied
A32: hayday_info | B32: Trailing zero-width characters removed from 'Ginger' and 'Affogato'. Rows sorted by machine, level, product. No values changed.
A33: fandom_all | B33: Times converted from 'h/min' text to minutes. Blank cell = value not on the page. Source column holds the exact page URL.
A35: How data was obtained | B35: Direct download from the shell was blocked by the workspace proxy (HTTP 403), so pages were read with the web fetch tool and the results typed into CSV files, then loaded here. Typing errors are possible; hayday_info row count (348) was checked against the source.
A36: Colour code | B36: Blue = values taken from a source; black = formulas / labels; brown header = comparison columns (formulas).
A38: Merged sheet (merged_clean)
A39: Rows | B39: =COUNTA(merged_clean!A2:A351) -> 350
A40: in both sources | B40: =COUNTIF(merged_clean!O2:O351,"both") -> 236
A41: hayday.info only | B41: =COUNTIF(merged_clean!O2:O351,"hayday.info") -> 112
A42: Fandom only | B42: =COUNTIF(merged_clean!O2:O351,"Fandom") -> 2
A43: status = conflict | B43: =COUNTIF(merged_clean!P2:P351,"conflict") -> 21
A44: hayday.info time basis = mastered | B44: =COUNTIF(merged_clean!G2:G351,"mastered") -> 211
A45: hayday.info time basis = normal | B45: =COUNTIF(merged_clean!G2:G351,"normal") -> 18
A46: hayday.info time basis = differs | B46: =COUNTIF(merged_clean!G2:G351,"differs") -> 7
A48: Merge key | B48: Product name, case-insensitive. One row per product.
A49: Primary values | B49: Where both sources have a value, hayday.info is kept as the primary (sell price, XP, level, time, profit/hr) because it is structured data; the Fandom values passed through a page reader that sometimes had to guess columns. This is my choice, not a verified ruling.
A50: Conflicts | B50: If Fandom disagrees on price or XP, the Fandom number is shown in the '(Fandom, if different)' column and Status = conflict. Time conflicts show as 'differs' in the time-basis column. Nothing is overwritten silently.
A51: Times | B51: Fandom normal and mastered times are kept next to hayday.info's time; 'time basis' says which one hayday.info used. Profit/hr from the site uses its own time, so rows with basis 'normal' or 'differs' are not comparable to 'mastered' rows.
A52: Fandom-only rows | B52: Items missing from hayday.info keep the Fandom values; site profit/hr columns are blank for them.
A53: Name cleaning | B53: Product names normalised to Title Case (small words 'and/di/of' lower-case, 'BLT' upper-case); 234 names changed. Machine names standardised ('Jewler' -> 'Jeweler', 'Donut maker' -> 'Donut Maker', 'Preservation station' -> 'Preservation Station'). Zero-width characters and extra spaces removed. No duplicates remain.
A54: Raw sheets | B54: hayday_info and fandom_all are kept unchanged as the raw record behind merged_clean.
