Workbook

Sheet merged_v2
A1: Product | B1: Machine | C1: Kind (Fandom) | D1: Level | E1: Level (hayday.info) | F1: Level (Fandom) | G1: Time hayday.info (min) | H1: Time normal (Fandom, min) | I1: Time mastered (Fandom, min) | J1: hayday.info time basis | K1: Sell price | L1: Sell price (hayday.info) | M1: Sell price (Fandom) | N1: XP | O1: XP (hayday.info) | P1: XP (Fandom) | Q1: Profit/hr (site) | R1: XP/hr (site) | S1: Flag | T1: Found in | U1: Status | V1: Conflict fields | W1: Fandom internal conflict | X1: Ingredients (Fandom) | Y1: Icon file (Fandom) | Z1: Icon (local) | AA1: Source | AB1: Fandom page | AC1: hayday.info name
A2: Egg | B2: Animal Products | C2: Animal good | D2: =IF(E2<>"",E2,IF(F2<>"",F2,"")) | E2: 1 | F2: 1 | G2: 20 | H2: 20 | J2: =IF(OR(G2="",AND(H2="",I2="")),"n/a",IF(G2=I2,"mastered",IF(G2=H2,"normal","differs"))) | K2: =IF(L2<>"",L2,IF(M2<>"",M2,"")) | L2: 18 | M2: 18 | N2: =IF(O2<>"",O2,IF(P2<>"",P2,"")) | O2: 2 | P2: 2 | Q2: 33 | R2: 6 | S2: =IF(Q2="","",IF(Q2<0,"negative profit",IF(Q2>Notes!$B$4,"unusually high - verify",""))) | T2: both | U2: =IF(T2<>"both",T2&" only",IF(V2="","agree","conflict")) | V2: =IF(T2="both",TRIM(IF(AND(E2<>"",F2<>"",E2<>F2),"level ","")&IF(AND(L2<>"",M2<>"",L2<>M2),"price ","")&IF(AND(O2<>"",P2<>"",O2<>P2),"xp ","")&IF(J2="differs","time","")),"") | Y2: Egg.png | Z2: icons/Animal Products/Egg.png | AA2: hayday.info /api/production-data (2026-10-13) + Hay Day Wiki infobox via MediaWiki API (2026-10-13) | AB2: https://hayday.fandom.com/wiki/Egg | AC2: Egg
A3: Milk | B3: Animal Products | C3: Animal good | D3: =IF(E3<>"",E3,IF(F3<>"",F3,"")) | E3: 6 | F3: 6 | G3: 60 | H3: 60 | J3: =IF(OR(G3="",AND(H3="",I3="")),"n/a",IF(G3=I3,"mastered",IF(G3=H3,"normal","differs"))) | K3: =IF(L3<>"",L3,IF(M3<>"",M3,"")) | L3: 32 | M3: 32 | N3: =IF(O3<>"",O3,IF(P3<>"",P3,"")) | O3: 3 | P3: 3 | Q3: 18 | R3: 3 | S3: =IF(Q3="","",IF(Q3<0,"negative profit",IF(Q3>Notes!$B$4,"unusually high - verify",""))) | T3: both | U3: =IF(T3<>"both",T3&" only",IF(V3="","agree","conflict")) | V3: =IF(T3="both",TRIM(IF(AND(E3<>"",F3<>"",E3<>F3),"level ","")&IF(AND(L3<>"",M3<>"",L3<>M3),"price ","")&IF(AND(O3<>"",P3<>"",O3<>P3),"xp ","")&IF(J3="differs","time","")),"") | Y3: Milk.png | Z3: icons/Animal Products/Milk.png | AA3: hayday.info /api/production-data (2026-10-13) + Hay Day Wiki infobox via MediaWiki API (2026-10-13) | AB3: https://hayday.fandom.com/wiki/Milk | AC3: Milk
A4: Bacon | B4: Animal Products | C4: Animal good | D4: =IF(E4<>"",E4,IF(F4<>"",F4,"")) | E4: 10 | F4: 10 | G4: 240 | H4: 240 | J4: =IF(OR(G4="",AND(H4="",I4="")),"n/a",IF(G4=I4,"mastered",IF(G4=H4,"normal","differs"))) | K4: =IF(L4<>"",L4,IF(M4<>"",M4,"")) | L4: 50 | M4: 50 | N4: =IF(O4<>"",O4,IF(P4<>"",P4,"")) | O4: 5 | P4: 5 | Q4: -2.5 | R4: 1.25 | S4: =IF(Q4="","",IF(Q4<0,"negative profit",IF(Q4>Notes!$B$4,"unusually high - verify",""))) | T4: both | U4: =IF(T4<>"both",T4&" only",IF(V4="","agree","conflict")) | V4: =IF(T4="both",TRIM(IF(AND(E4<>"",F4<>"",E4<>F4),"level ","")&IF(AND(L4<>"",M4<>"",L4<>M4),"price ","")&IF(AND(O4<>"",P4<>"",O4<>P4),"xp ","")&IF(J4="differs","time","")),"") | Y4: Bacon.png | Z4: icons/Animal Products/Bacon.png | AA4: hayday.info /api/production-data (2026-10-13) + Hay Day Wiki infobox via MediaWiki API (2026-10-13) | AB4: https://hayday.fandom.com/wiki/Bacon | AC4: Bacon
A5: Wool | B5: Animal Products | C5: Animal good | D5: =IF(E5<>"",E5,IF(F5<>"",F5,"")) | E5: 16 | F5: 16 | G5: 360 | H5: 360 | J5: =IF(OR(G5="",AND(H5="",I5="")),"n/a",IF(G5=I5,"mastered",IF(G5=H5,"normal","differs"))) | K5: =IF(L5<>"",L5,IF(M5<>"",M5,"")) | L5: 54 | M5: 54 | N5: =IF(O5<>"",O5,IF(P5<>"",P5,"")) | O5: 5 | P5: 5 | Q5: -0.83 | R5: 0.83 | S5: =IF(Q5="","",IF(Q5<0,"negative profit",IF(Q5>Notes!$B$4,"unusually high - verify",""))) | T5: both | U5: =IF(T5<>"both",T5&" only",IF(V5="","agree","conflict")) | V5: =IF(T5="both",TRIM(IF(AND(E5<>"",F5<>"",E5<>F5),"level ","")&IF(AND(L5<>"",M5<>"",L5<>M5),"price ","")&IF(AND(O5<>"",P5<>"",O5<>P5),"xp ","")&IF(J5="differs","time","")),"") | Y5: Wool.png | Z5: icons/Animal Products/Wool.png | AA5: hayday.info /api/production-data (2026-10-13) + Hay Day Wiki infobox via MediaWiki API (2026-10-13) | AB5: https://hayday.fandom.com/wiki/Wool | AC5: Wool
A6: Goat Milk | B6: Animal Products | C6: Animal good | D6: =IF(E6<>"",E6,IF(F6<>"",F6,"")) | E6: 32 | F6: 32 | G6: 480 | H6: 480 | J6: =IF(OR(G6="",AND(H6="",I6="")),"n/a",IF(G6=I6,"mastered",IF(G6=H6,"normal","differs"))) | K6: =IF(L6<>"",L6,IF(M6<>"",M6,"")) | L6: 64 | M6: 64 | N6: =IF(O6<>"",O6,IF(P6<>"",P6,"")) | O6: 6 | P6: 6 | Q6: -1.25 | R6: 0.75 | S6: =IF(Q6="","",IF(Q6<0,"negative profit",IF(Q6>Notes!$B$4,"unusually high - verify",""))) | T6: both | U6: =IF(T6<>"both",T6&" only",IF(V6="","agree","conflict")) | V6: =IF(T6="both",TRIM(IF(AND(E6<>"",F6<>"",E6<>F6),"level ","")&IF(AND(L6<>"",M6<>"",L6<>M6),"price ","")&IF(AND(O6<>"",P6<>"",O6<>P6),"xp ","")&IF(J6="differs","time","")),"") | Y6: Goat Milk.png | Z6: icons/Animal Products/Goat Milk.png | AA6: hayday.info /api/production-data (2026-10-13) + Hay Day Wiki infobox via MediaWiki API (2026-10-13) | AB6: https://hayday.fandom.com/wiki/Goat_Milk | AC6: Goat milk
A7: Lamb Chop | B7: Animal Products | C7: Animal good | D7: =IF(E7<>"",E7,IF(F7<>"",F7,"")) | F7: 25 | H7: 30 | J7: =IF(OR(G7="",AND(H7="",I7="")),"n/a",IF(G7=I7,"mastered",IF(G7=H7,"normal","differs"))) | K7: =IF(L7<>"",L7,IF(M7<>"",M7,"")) | M7: 36 | N7: =IF(O7<>"",O7,IF(P7<>"",P7,"")) | P7: 4 | S7: =IF(Q7="","",IF(Q7<0,"negative profit",IF(Q7>Notes!$B$4,"unusually high - verify",""))) | T7: Fandom | U7: =IF(T7<>"both",T7&" only",IF(V7="","agree","conflict")) | V7: =IF(T7="both",TRIM(IF(AND(E7<>"",F7<>"",E7<>F7),"level ","")&IF(AND(L7<>"",M7<>"",L7<>M7),"price ","")&IF(AND(O7<>"",P7<>"",O7<>P7),"xp ","")&IF(J7="differs","time","")),"") | Y7: Lamb Chop.png | Z7: icons/Animal Products/Lamb Chop.png | AA7: Hay Day Wiki infobox via MediaWiki API (2026-10-13) | AB7: https://hayday.fandom.com/wiki/Lamb_Chop
A8: Fish Fillet | B8: Animal Products | C8: Animal good | D8: =IF(E8<>"",E8,IF(F8<>"",F8,"")) | F8: 27 | J8: =IF(OR(G8="",AND(H8="",I8="")),"n/a",IF(G8=I8,"mastered",IF(G8=H8,"normal","differs"))) | K8: =IF(L8<>"",L8,IF(M8<>"",M8,"")) | M8: 54 | N8: =IF(O8<>"",O8,IF(P8<>"",P8,"")) | P8: 4 | S8: =IF(Q8="","",IF(Q8<0,"negative profit",IF(Q8>Notes!$B$4,"unusually high - verify",""))) | T8: Fandom | U8: =IF(T8<>"both",T8&" only",IF(V8="","agree","conflict")) | V8: =IF(T8="both",TRIM(IF(AND(E8<>"",F8<>"",E8<>F8),"level ","")&IF(AND(L8<>"",M8<>"",L8<>M8),"price ","")&IF(AND(O8<>"",P8<>"",O8<>P8),"xp ","")&IF(J8="differs","time","")),"") | Y8: Fish Fillet.png | Z8: icons/Animal Products/Fish Fillet.png | AA8: Hay Day Wiki infobox via MediaWiki API (2026-10-13) | AB8: https://hayday.fandom.com/wiki/Fish_Fillet
A9: Mussel Meat | B9: Animal Products | C9: Animal good | D9: =IF(E9<>"",E9,IF(F9<>"",F9,"")) | F9: 27 | H9: 360 | J9: =IF(OR(G9="",AND(H9="",I9="")),"n/a",IF(G9=I9,"mastered",IF(G9=H9,"normal","differs"))) | K9: =IF(L9<>"",L9,IF(M9<>"",M9,"")) | M9: 28 | N9: =IF(O9<>"",O9,IF(P9<>"",P9,"")) | P9: 8 | S9: =IF(Q9="","",IF(Q9<0,"negative profit",IF(Q9>Notes!$B$4,"unusually high - verify",""))) | T9: Fandom | U9: =IF(T9<>"both",T9&" only",IF(V9="","agree","conflict")) | V9: =IF(T9="both",TRIM(IF(AND(E9<>"",F9<>"",E9<>F9),"level ","")&IF(AND(L9<>"",M9<>"",L9<>M9),"price ","")&IF(AND(O9<>"",P9<>"",O9<>P9),"xp ","")&IF(J9="differs","time","")),"") | Y9: Mussel Meat.png | Z9: icons/Animal Products/Mussel Meat.png | AA9: Hay Day Wiki infobox via MediaWiki API (2026-10-13) | AB9: https://hayday.fandom.com/wiki/Mussel_Meat
A10: Peanuts | B10: Animal Products | C10: Animal good | D10: =IF(E10<>"",E10,IF(F10<>"",F10,"")) | F10: 62 | H10: 300 | J10: =IF(OR(G10="",AND(H10="",I10="")),"n/a",IF(G10=I10,"mastered",IF(G10=H10,"normal","differs"))) | K10: =IF(L10<>"",L10,IF(M10<>"",M10,"")) | M10: 234 | N10: =IF(O10<>"",O10,IF(P10<>"",P10,"")) | P10: 43 | S10: =IF(Q10="","",IF(Q10<0,"negative profit",IF(Q10>Notes!$B$4,"unusually high - verify",""))) | T10: Fandom | U10: =IF(T10<>"both",T10&" only",IF(V10="","agree","conflict")) | V10: =IF(T10="both",TRIM(IF(AND(E10<>"",F10<>"",E10<>F10),"level ","")&IF(AND(L10<>"",M10<>"",L10<>M10),"price ","")&IF(AND(O10<>"",P10<>"",O10<>P10),"xp ","")&IF(J10="differs","time","")),"") | Y10: Peanuts.png | Z10: icons/Animal Products/Peanuts.png | AA10: Hay Day Wiki infobox via MediaWiki API (2026-10-13) | AB10: https://hayday.fandom.com/wiki/Peanuts
A11: Pancake | B11: BBQ Grill | C11: Product | D11: =IF(E11<>"",E11,IF(F11<>"",F11,"")) | E11: 9 | F11: 9 | G11: 25 | H11: 30 | I11: 25 | J11: =IF(OR(G11="",AND(H11="",I11="")),"n/a",IF(G11=I11,"mastered",IF(G11=H11,"normal","differs"))) | K11: =IF(L11<>"",L11,IF(M11<>"",M11,"")) | L11: 108 | M11: 108 | N11: =IF(O11<>"",O11,IF(P11<>"",P11,"")) | O11: 13 | P11: 13 | Q11: 51.76 | R11: 30.59 | S11: =IF(Q11="","",IF(Q11<0,"negative profit",IF(Q11>Notes!$B$4,"unusually high - verify",""))) | T11: both | U11: =IF(T11<>"both",T11&" only",IF(V11="","agree","conflict")) | V11: =IF(T11="both",TRIM(IF(AND(E11<>"",F11<>"",E11<>F11),"level ","")&IF(AND(L11<>"",M11<>"",L11<>M11),"price ","")&IF(AND(O11<>"",P11<>"",O11<>P11),"xp ","")&IF(J11="differs","time","")),"") | X11: Egg x3; Brown Sugar x1 | Y11: Pancake.png | Z11: icons/BBQ Grill/Pancake.png | AA11: hayday.info /api/production-data (2026-10-13) + Hay Day Wiki infobox via MediaWiki API (2026-10-13) | AB11: https://hayday.fandom.com/wiki/Pancake | AC11: Pancake
A12: Bacon and Eggs | B12: BBQ Grill | C12: Product | D12: =IF(E12<>"",E12,IF(F12<>"",F12,"")) | E12: 11 | F12: 11 | G12: 51 | H12: 60 | I12: 51 | J12: =IF(OR(G12="",AND(H12="",I12="")),"n/a",IF(G12=I12,"mastered",IF(G12=H12,"normal","differs"))) | K12: =IF(L12<>"",L12,IF(M12<>"",M12,"")) | L12: 201 | M12: 201 | N12: =IF(O12<>"",O12,IF(P12<>"",P12,"")) | O12: 24 | P12: 24 | Q12: 34.12 | R12: 28.24 | S12: =IF(Q12="","",IF(Q12<0,"negative profit",IF(Q12>Notes!$B$4,"unusually high - verify",""))) | T12: both | U12: =IF(T12<>"both",T12&" only",IF(V12="","agree","conflict")) | V12: =IF(T12="both",TRIM(IF(AND(E12<>"",F12<>"",E12<>F12),"level ","")&IF(AND(L12<>"",M12<>"",L12<>M12),"price ","")&IF(AND(O12<>"",P12<>"",O12<>P12),"xp ","")&IF(J12="differs","time","")),"") | X12: Egg x4; Bacon x2 | Y12: Bacon_and_Eggs.png | Z12: icons/BBQ Grill/Bacon and Eggs.png | AA12: hayday.info /api/production-data (2026-10-13) + Hay Day Wiki infobox via MediaWiki API (2026-10-13) | AB12: https://hayday.fandom.com/wiki/Bacon_and_Eggs | AC12: Bacon and eggs
A13: Hamburger | B13: BBQ Grill | C13: Product | D13: =IF(E13<>"",E13,IF(F13<>"",F13,"")) | E13: 18 | F13: 18 | G13: 102 | H13: 120 | I13: 102 | J13: =IF(OR(G13="",AND(H13="",I13="")),"n/a",IF(G13=I13,"mastered",IF(G13=H13,"normal","differs"))) | K13: =IF(L13<>"",L13,IF(M13<>"",M13,"")) | L13: 180 | M13: 180 | N13: =IF(O13<>"",O13,IF(P13<>"",P13,"")) | O13: 22 | P13: 22 | Q13: 22.35 | R13: 12.94 | S13: =IF(Q13="","",IF(Q13<0,"negative profit",IF(Q13>Notes!$B$4,"unusually high - verify",""))) | T13: both | U13: =IF(T13<>"both",T13&" only",IF(V13="","agree","conflict")) | V13: =IF(T13="both",TRIM(IF(AND(E13<>"",F13<>"",E13<>F13),"level ","")&IF(AND(L13<>"",M13<>"",L13<>M13),"price ","")&IF(AND(O13<>"",P13<>"",O13<>P13),"xp ","")&IF(J13="differs","time","")),"") | X13: Bread x2; Bacon x2 | Y13: Hamburger.png | Z13: icons/BBQ Grill/Hamburger.png | AA13: hayday.info /api/production-data (2026-10-13) + Hay Day Wiki infobox via MediaWiki API (2026-10-13) | AB13: https://hayday.fandom.com/wiki/Hamburger | AC13: Hamburger
A14: Fish Burger | B14: BBQ Grill | C14: Product | D14: =IF(E14<>"",E14,IF(F14<>"",F14,"")) | E14: 27 | F14: 27 | G14: 102 | H14: 120 | I14: 102 | J14: =IF(OR(G14="",AND(H14="",I14="")),"n/a",IF(G14=I14,"mastered",IF(G14=H14,"normal","differs"))) | K14: =IF(L14<>"",L14,IF(M14<>"",M14,"")) | L14: 226 | M14: 226 | N14: =IF(O14<>"",O14,IF(P14<>"",P14,"")) | O14: 27 | P14: 27 | Q14: 23.53 | R14: 15.88 | S14: =IF(Q14="","",IF(Q14<0,"negative profit",IF(Q14>Notes!$B$4,"unusually high - verify",""))) | T14: both | U14: =IF(T14<>"both",T14&" only",IF(V14="","agree","conflict")) | V14: =IF(T14="both",TRIM(IF(AND(E14<>"",F14<>"",E14<>F14),"level ","")&IF(AND(L14<>"",M14<>"",L14<>M14),"price ","")&IF(AND(O14<>"",P14<>"",O14<>P14),"xp ","")&IF(J14="differs","time","")),"") | X14: Fish Fillet x2; Chili Pepper x1; Bread x2 | Y14: Fish Burger.png | Z14: icons/BBQ Grill/Fish Burger.png | AA14: hayday.info /api/production-data (2026-10-13) + Hay Day Wiki infobox via MediaWiki API (2026-10-13) | AB14: https://hayday.fandom.com/wiki/Fish_Burger | AC14: Fish burger
A15: Roasted Tomatoes | B15: BBQ Grill | C15: Product | D15: =IF(E15<>"",E15,IF(F15<>"",F15,"")) | E15: 30 | F15: 30 | G15: 76 | H15: 90 | I15: 76 | J15: =IF(OR(G15="",AND(H15="",I15="")),"n/a",IF(G15=I15,"mastered",IF(G15=H15,"normal","differs"))) | K15: =IF(L15<>"",L15,IF(M15<>"",M15,"")) | L15: 118 | M15: 118 | N15: =IF(O15<>"",O15,IF(P15<>"",P15,"")) | O15: 14 | P15: 14 | Q15: 25.1 | R15: 10.98 | S15: =IF(Q15="","",IF(Q15<0,"negative profit",IF(Q15>Notes!$B$4,"unusually high - verify",""))) | T15: both | U15: =IF(T15<>"both",T15&" only",IF(V15="","agree","conflict")) | V15: =IF(T15="both",TRIM(IF(AND(E15<>"",F15<>"",E15<>F15),"level ","")&IF(AND(L15<>"",M15<>"",L15<>M15),"price ","")&IF(AND(O15<>"",P15<>"",O15<>P15),"xp ","")&IF(J15="differs","time","")),"") | X15: Tomato x2 | Y15: Roasted Tomatoes.png | Z15: icons/BBQ Grill/Roasted Tomatoes.png | AA15: hayday.info /api/production-data (2026-10-13) + Hay Day Wiki infobox via MediaWiki API (2026-10-13) | AB15: https://hayday.fandom.com/wiki/Roasted_Tomatoes | AC15: Roasted tomatoes
A16: Baked Potato | B16: BBQ Grill | C16: Product | D16: =IF(E16<>"",E16,IF(F16<>"",F16,"")) | E16: 35 | F16: 35 | G16: 29 | H16: 35 | I16: 29 | J16: =IF(OR(G16="",AND(H16="",I16="")),"n/a",IF(G16=I16,"mastered",IF(G16=H16,"normal","differs"))) | K16: =IF(L16<>"",L16,IF(M16<>"",M16,"")) | L16: 298 | M16: 298 | N16: =IF(O16<>"",O16,IF(P16<>"",P16,"")) | O16: 36 | P16: 36 | Q16: 36.3 | R16: 72.61 | S16: =IF(Q16="","",IF(Q16<0,"negative profit",IF(Q16>Notes!$B$4,"unusually high - verify",""))) | T16: both | U16: =IF(T16<>"both",T16&" only",IF(V16="","agree","conflict")) | V16: =IF(T16="both",TRIM(IF(AND(E16<>"",F16<>"",E16<>F16),"level ","")&IF(AND(L16<>"",M16<>"",L16<>M16),"price ","")&IF(AND(O16<>"",P16<>"",O16<>P16),"xp ","")&IF(J16="differs","time","")),"") | X16: Potato x2; Chili Pepper x1; Cream x1; Cheese x1 | Y16: Baked Potato.png | Z16: icons/BBQ Grill/Baked Potato.png | AA16: hayday.info /api/production-data (2026-10-13) + Hay Day Wiki infobox via MediaWiki API (2026-10-13) | AB16: https://hayday.fandom.com/wiki/Baked_Potato | AC16: Baked potato
A17: Fish and Chips | B17: BBQ Grill | C17: Product | D17: =IF(E17<>"",E17,IF(F17<>"",F17,"")) | E17: 41 | F17: 41 | G17: 76 | H17: 90 | I17: 76 | J17: =IF(OR(G17="",AND(H17="",I17="")),"n/a",IF(G17=I17,"mastered",IF(G17=H17,"normal","differs"))) | K17: =IF(L17<>"",L17,IF(M17<>"",M17,"")) | L17: 244 | M17: 244 | N17: =IF(O17<>"",O17,IF(P17<>"",P17,"")) | O17: 29 | P17: 29 | Q17: 21.96 | R17: 22.75 | S17: =IF(Q17="","",IF(Q17<0,"negative profit",IF(Q17>Notes!$B$4,"unusually high - verify",""))) | T17: both | U17: =IF(T17<>"both",T17&" only",IF(V17="","agree","conflict")) | V17: =IF(T17="both",TRIM(IF(AND(E17<>"",F17<>"",E17<>F17),"level ","")&IF(AND(L17<>"",M17<>"",L17<>M17),"price ","")&IF(AND(O17<>"",P17<>"",O17<>P17),"xp ","")&IF(J17="differs","time","")),"") | X17: Fish Fillet x2; Potato x3 | Y17: Fish and Chips.png | Z17: icons/BBQ Grill/Fish and Chips.png | AA17: hayday.info /api/production-data (2026-10-13) + Hay Day Wiki infobox via MediaWiki API (2026-10-13) | AB17: https://hayday.fandom.com/wiki/Fish_and_Chips | AC17: Fish and chips
A18: Lobster Skewer | B18: BBQ Grill | C18: Product | D18: =IF(E18<>"",E18,IF(F18<>"",F18,"")) | E18: 48 | F18: 48 | G18: 34 | H18: 40 | I18: 34 | J18: =IF(OR(G18="",AND(H18="",I18="")),"n/a",IF(G18=I18,"mastered",IF(G18=H18,"normal","differs"))) | K18: =IF(L18<>"",L18,IF(M18<>"",M18,"")) | L18: 417 | M18: 417 | N18: =IF(O18<>"",O18,IF(P18<>"",P18,"")) | O18: 50 | P18: 50 | Q18: 45.88 | R18: 88.24 | S18: =IF(Q18="","",IF(Q18<0,"negative profit",IF(Q18>Notes!$B$4,"unusually high - verify",""))) | T18: both | U18: =IF(T18<>"both",T18&" only",IF(V18="","agree","conflict")) | V18: =IF(T18="both",TRIM(IF(AND(E18<>"",F18<>"",E18<>F18),"level ","")&IF(AND(L18<>"",M18<>"",L18<>M18),"price ","")&IF(AND(O18<>"",P18<>"",O18<>P18),"xp ","")&IF(J18="differs","time","")),"") | X18: Lobster Tail x1; Chili Pepper x1; Honey x1 | Y18: Lobster Skewer.png | Z18: icons/BBQ Grill/Lobster Skewer.png | AA18: hayday.info /api/production-data (2026-10-13) + Hay Day Wiki infobox via MediaWiki API (2026-10-13) | AB18: https://hayday.fandom.com/wiki/Lobster_Skewer | AC18: Lobster skewer
A19: Garlic Bread | B19: BBQ Grill | C19: product | D19: =IF(E19<>"",E19,IF(F19<>"",F19,"")) | E19: 60 | F19: 60 | G19: 12 | H19: 15 | I19: 12 | J19: =IF(OR(G19="",AND(H19="",I19="")),"n/a",IF(G19=I19,"mastered",IF(G19=H19,"normal","differs"))) | K19: =IF(L19<>"",L19,IF(M19<>"",M19,"")) | L19: 198 | M19: 198 | N19: =IF(O19<>"",O19,IF(P19<>"",P19,"")) | O19: 24 | P19: 24 | Q19: 84.71 | R19: 112.94 | S19: =IF(Q19="","",IF(Q19<0,"negative profit",IF(Q19>Notes!$B$4,"unusually high - verify",""))) | T19: both | U19: =IF(T19<>"both",T19&" only",IF(V19="","agree","conflict")) | V19: =IF(T19="both",TRIM(IF(AND(E19<>"",F19<>"",E19<>F19),"level ","")&IF(AND(L19<>"",M19<>"",L19<>M19),"price ","")&IF(AND(O19<>"",P19<>"",O19<>P19),"xp ","")&IF(J19="differs","time","")),"") | X19: Bread x2; Butter x1; Garlic x4 | Y19: Garlic Bread.png | Z19: icons/BBQ Grill/Garlic Bread.png | AA19: hayday.info /api/production-data (2026-10-13) + Hay Day Wiki infobox via MediaWiki API (2026-10-13) | AB19: https://hayday.fandom.com/wiki/Garlic_Bread | AC19: Garlic bread
A20: Grilled Onion | B20: BBQ Grill | C20: Product | D20: =IF(E20<>"",E20,IF(F20<>"",F20,"")) | E20: 68 | F20: 68 | G20: 51 | H20: 60 | I20: 51 | J20: =IF(OR(G20="",AND(H20="",I20="")),"n/a",IF(G20=I20,"mastered",IF(G20=H20,"normal","differs"))) | K20: =IF(L20<>"",L20,IF(M20<>"",M20,"")) | L20: 190 | M20: 190 | N20: =IF(O20<>"",O20,IF(P20<>"",P20,"")) | O20: 23 | P20: 23 | Q20: 35.29 | R20: 27.06 | S20: =IF(Q20="","",IF(Q20<0,"negative profit",IF(Q20>Notes!$B$4,"unusually high - verify",""))) | T20: both | U20: =IF(T20<>"both",T20&" only",IF(V20="","agree","conflict")) | V20: =IF(T20="both",TRIM(IF(AND(E20<>"",F20<>"",E20<>F20),"level ","")&IF(AND(L20<>"",M20<>"",L20<>M20),"price ","")&IF(AND(O20<>"",P20<>"",O20<>P20),"xp ","")&IF(J20="differs","time","")),"") | X20: Butter x1; Onion x2 | Y20: Grilled Onion.png | Z20: icons/BBQ Grill/Grilled Onion.png | AA20: hayday.info /api/production-data (2026-10-13) + Hay Day Wiki infobox via MediaWiki API (2026-10-13) | AB20: https://hayday.fandom.com/wiki/Grilled_Onion | AC20: Grilled onion
A21: Winter Veggies | B21: BBQ Grill | C21: product | D21: =IF(E21<>"",E21,IF(F21<>"",F21,"")) | E21: 72 | F21: 72 | G21: 21 | H21: 25 | I21: 21 | J21: =IF(OR(G21="",AND(H21="",I21="")),"n/a",IF(G21=I21,"mastered",IF(G21=H21,"normal","differs"))) | K21: =IF(L21<>"",L21,IF(M21<>"",M21,"")) | L21: 198 | M21: 198 | N21: =IF(O21<>"",O21,IF(P21<>"",P21,"")) | O21: 24 | P21: 24 | Q21: 36.71 | R21: 67.76 | S21: =IF(Q21="","",IF(Q21<0,"negative profit",IF(Q21>Notes!$B$4,"unusually high - verify",""))) | T21: both | U21: =IF(T21<>"both",T21&" only",IF(V21="","agree","conflict")) | V21: =IF(T21="both",TRIM(IF(AND(E21<>"",F21<>"",E21<>F21),"level ","")&IF(AND(L21<>"",M21<>"",L21<>M21),"price ","")&IF(AND(O21<>"",P21<>"",O21<>P21),"xp ","")&IF(J21="differs","time","")),"") | X21: Beetroot x2; Carrot x2; Potato x2; Pumpkin x2 | Y21: Winter Veggies.png | Z21: icons/BBQ Grill/Winter Veggies.png | AA21: hayday.info /api/production-data (2026-10-13) + Hay Day Wiki infobox via MediaWiki API (2026-10-13) | AB21: https://hayday.fandom.com/wiki/Winter_Veggies | AC21: Winter veggies
A22: Stuffed Peppers | B22: BBQ Grill | C22: product | D22: =IF(E22<>"",E22,IF(F22<>"",F22,"")) | E22: 80 | F22: 80 | G22: 17 | H22: 20 | I22: 17 | J22: =IF(OR(G22="",AND(H22="",I22="")),"n/a",IF(G22=I22,"mastered",IF(G22=H22,"normal","differs"))) | K22: =IF(L22<>"",L22,IF(M22<>"",M22,"")) | L22: 352 | M22: 352 | N22: =IF(O22<>"",O22,IF(P22<>"",P22,"")) | O22: 42 | P22: 42 | Q22: 63.53 | R22: 148.24 | S22: =IF(Q22="","",IF(Q22<0,"negative profit",IF(Q22>Notes!$B$4,"unusually high - verify",""))) | T22: both | U22: =IF(T22<>"both",T22&" only",IF(V22="","agree","conflict")) | V22: =IF(T22="both",TRIM(IF(AND(E22<>"",F22<>"",E22<>F22),"level ","")&IF(AND(L22<>"",M22<>"",L22<>M22),"price ","")&IF(AND(O22<>"",P22<>"",O22<>P22),"xp ","")&IF(J22="differs","time","")),"") | X22: Bell Pepper x3; Bacon x1; Rice x3; Cheese x1 | Y22: Stuffed Peppers.png | Z22: icons/BBQ Grill/Stuffed Peppers.png | AA22: hayday.info /api/production-data (2026-10-13) + Hay Day Wiki infobox via MediaWiki API (2026-10-13) | AB22: https://hayday.fandom.com/wiki/Stuffed_Peppers | AC22: Stuffed peppers
... A25: Fish Skewer | B25: BBQ Grill | C25: Product | D25: =IF(E25<>"",E25,IF(F25<>"",F25,"")) | E25: 96 | F25: 96 | G25: 25 | H25: 30 | I25: 25 | J25: =IF(OR(G25="",AND(H25="",I25="")),"n/a",IF(G25=I25,"mastered",IF(G25=H25,"normal","differs"))) | K25: =IF(L25<>"",L25,IF(M25<>"",M25,"")) | L25: 176 | M25: 176 | N25: =IF(O25<>"",O25,IF(P25<>"",P25,"")) | O25: 21 | P25: 21 | Q25: 65.88 | R25: 49.41 | S25: =IF(Q25="","",IF(Q25<0,"negative profit",IF(Q25>Notes!$B$4,"unusually high - verify",""))) | T25: both | U25: =IF(T25<>"both",T25&" only",IF(V25="","agree","conflict")) | V25: =IF(T25="both",TRIM(IF(AND(E25<>"",F25<>"",E25<>F25),"level ","")&IF(AND(L25<>"",M25<>"",L25<>M25),"price ","")&IF(AND(O25<>"",P25<>"",O25<>P25),"xp ","")&IF(J25="differs","time","")),"") | X25: Fish Fillet x1; Mushroom x3; Ginger x1; Sesame x2 | Y25: Fish Skewer.png | Z25: icons/BBQ Grill/Fish Skewer.png | AA25: hayday.info /api/production-data (2026-10-13) + Hay Day Wiki infobox via MediaWiki API (2026-10-13) | AB25: https://hayday.fandom.com/wiki/Fish_Skewer | AC25: Fish skewer
A26: Grilled Lamb Skewer | B26: BBQ Grill | C26: Product | D26: =IF(E26<>"",E26,IF(F26<>"",F26,"")) | F26: 25 | H26: 20 | I26: 17 | J26: =IF(OR(G26="",AND(H26="",I26="")),"n/a",IF(G26=I26,"mastered",IF(G26=H26,"normal","differs"))) | K26: =IF(L26<>"",L26,IF(M26<>"",M26,"")) | M26: 90 | N26: =IF(O26<>"",O26,IF(P26<>"",P26,"")) | P26: 11 | S26: =IF(Q26="","",IF(Q26<0,"negative profit",IF(Q26>Notes!$B$4,"unusually high - verify",""))) | T26: Fandom | U26: =IF(T26<>"both",T26&" only",IF(V26="","agree","conflict")) | V26: =IF(T26="both",TRIM(IF(AND(E26<>"",F26<>"",E26<>F26),"level ","")&IF(AND(L26<>"",M26<>"",L26<>M26),"price ","")&IF(AND(O26<>"",P26<>"",O26<>P26),"xp ","")&IF(J26="differs","time","")),"") | X26: Lamb Chop x2 | Y26: Grilled Lamb Skewer.png | Z26: icons/BBQ Grill/Grilled Lamb Skewer.png | AA26: Hay Day Wiki infobox via MediaWiki API (2026-10-13) | AB26: https://hayday.fandom.com/wiki/Grilled_Lamb_Skewer
A27: Steamed Mussels | B27: BBQ Grill | C27: Product | D27: =IF(E27<>"",E27,IF(F27<>"",F27,"")) | F27: 27 | H27: 15 | I27: 12 | J27: =IF(OR(G27="",AND(H27="",I27="")),"n/a",IF(G27=I27,"mastered",IF(G27=H27,"normal","differs"))) | K27: =IF(L27<>"",L27,IF(M27<>"",M27,"")) | M27: 284 | N27: =IF(O27<>"",O27,IF(P27<>"",P27,"")) | P27: 34 | S27: =IF(Q27="","",IF(Q27<0,"negative profit",IF(Q27>Notes!$B$4,"unusually high - verify",""))) | T27: Fandom | U27: =IF(T27<>"both",T27&" only",IF(V27="","agree","conflict")) | V27: =IF(T27="both",TRIM(IF(AND(E27<>"",F27<>"",E27<>F27),"level ","")&IF(AND(L27<>"",M27<>"",L27<>M27),"price ","")&IF(AND(O27<>"",P27<>"",O27<>P27),"xp ","")&IF(J27="differs","time","")),"") | X27: Mussel Meat x4; Butter x2 | Y27: Steamed Mussels.png | Z27: icons/BBQ Grill/Steamed Mussels.png | AA27: Hay Day Wiki infobox via MediaWiki API (2026-10-13) | AB27: https://hayday.fandom.com/wiki/Steamed_Mussels
A28: Grilled Mussels | B28: BBQ Grill | C28: Product | D28: =IF(E28<>"",E28,IF(F28<>"",F28,"")) | F28: 32 | H28: 80 | I28: 68 | J28: =IF(OR(G28="",AND(H28="",I28="")),"n/a",IF(G28=I28,"mastered",IF(G28=H28,"normal","differs"))) | K28: =IF(L28<>"",L28,IF(M28<>"",M28,"")) | M28: 370 | N28: =IF(O28<>"",O28,IF(P28<>"",P28,"")) | P28: 44 | S28: =IF(Q28="","",IF(Q28<0,"negative profit",IF(Q28>Notes!$B$4,"unusually high - verify",""))) | T28: Fandom | U28: =IF(T28<>"both",T28&" only",IF(V28="","agree","conflict")) | V28: =IF(T28="both",TRIM(IF(AND(E28<>"",F28<>"",E28<>F28),"level ","")&IF(AND(L28<>"",M28<>"",L28<>M28),"price ","")&IF(AND(O28<>"",P28<>"",O28<>P28),"xp ","")&IF(J28="differs","time","")),"") | X28: Mussel Meat x3; Butter x1; Chili Pepper x3; Corn Bread x1 | Y28: Grilled Mussels.png | Z28: icons/BBQ Grill/Grilled Mussels.png | AA28: Hay Day Wiki infobox via MediaWiki API (2026-10-13) | AB28: https://hayday.fandom.com/wiki/Grilled_Mussels
A29: Grilled Asparagus | B29: BBQ Grill | C29: Product | D29: =IF(E29<>"",E29,IF(F29<>"",F29,"")) | F29: 67 | H29: 75 | I29: 63 | J29: =IF(OR(G29="",AND(H29="",I29="")),"n/a",IF(G29=I29,"mastered",IF(G29=H29,"normal","differs"))) | K29: =IF(L29<>"",L29,IF(M29<>"",M29,"")) | M29: 486 | N29: =IF(O29<>"",O29,IF(P29<>"",P29,"")) | P29: 58 | S29: =IF(Q29="","",IF(Q29<0,"negative profit",IF(Q29>Notes!$B$4,"unusually high - verify",""))) | T29: Fandom | U29: =IF(T29<>"both",T29&" only",IF(V29="","agree","conflict")) | V29: =IF(T29="both",TRIM(IF(AND(E29<>"",F29<>"",E29<>F29),"level ","")&IF(AND(L29<>"",M29<>"",L29<>M29),"price ","")&IF(AND(O29<>"",P29<>"",O29<>P29),"xp ","")&IF(J29="differs","time","")),"") | X29: Asparagus x5; Bacon x3; Lemon x1 | Y29: Grilled Asparagus.png | Z29: icons/BBQ Grill/Grilled Asparagus.png | AA29: Hay Day Wiki infobox via MediaWiki API (2026-10-13) | AB29: https://hayday.fandom.com/wiki/Grilled_Asparagus
A30: Bread | B30: Bakery | C30: Product | D30: =IF(E30<>"",E30,IF(F30<>"",F30,"")) | E30: 2 | F30: 4 | G30: 4 | H30: 5 | I30: 4 | J30: =IF(OR(G30="",AND(H30="",I30="")),"n/a",IF(G30=I30,"mastered",IF(G30=H30,"normal","differs"))) | K30: =IF(L30<>"",L30,IF(M30<>"",M30,"")) | L30: 21 | M30: 21 | N30: =IF(O30<>"",O30,IF(P30<>"",P30,"")) | O30: 3 | P30: 3 | Q30: 169.41 | R30: 42.35 | S30: =IF(Q30="","",IF(Q30<0,"negative profit",IF(Q30>Notes!$B$4,"unusually high - verify",""))) | T30: both | U30: =IF(T30<>"both",T30&" only",IF(V30="","agree","conflict")) | V30: =IF(T30="both",TRIM(IF(AND(E30<>"",F30<>"",E30<>F30),"level ","")&IF(AND(L30<>"",M30<>"",L30<>M30),"price ","")&IF(AND(O30<>"",P30<>"",O30<>P30),"xp ","")&IF(J30="differs","time","")),"") | X30: Wheat x3 | Y30: Bread.png | Z30: icons/Bakery/Bread.png | AA30: hayday.info /api/production-data (2026-10-13) + Hay Day Wiki infobox via MediaWiki API (2026-10-13) | AB30: https://hayday.fandom.com/wiki/Bread | AC30: Bread
A31: Corn Bread | B31: Bakery | C31: Product | D31: =IF(E31<>"",E31,IF(F31<>"",F31,"")) | E31: 7 | F31: 7 | G31: 25 | H31: 30 | I31: 25 | J31: =IF(OR(G31="",AND(H31="",I31="")),"n/a",IF(G31=I31,"mastered",IF(G31=H31,"normal","differs"))) | K31: =IF(L31<>"",L31,IF(M31<>"",M31,"")) | L31: 72 | M31: 72 | N31: =IF(O31<>"",O31,IF(P31<>"",P31,"")) | O31: 8 | P31: 8 | Q31: 51.76 | R31: 18.82 | S31: =IF(Q31="","",IF(Q31<0,"negative profit",IF(Q31>Notes!$B$4,"unusually high - verify",""))) | T31: both | U31: =IF(T31<>"both",T31&" only",IF(V31="","agree","conflict")) | V31: =IF(T31="both",TRIM(IF(AND(E31<>"",F31<>"",E31<>F31),"level ","")&IF(AND(L31<>"",M31<>"",L31<>M31),"price ","")&IF(AND(O31<>"",P31<>"",O31<>P31),"xp ","")&IF(J31="differs","time","")),"") | X31: Corn x2; Egg x2 | Y31: Corn_Bread.png | Z31: icons/Bakery/Corn Bread.png | AA31: hayday.info /api/production-data (2026-10-13) + Hay Day Wiki infobox via MediaWiki API (2026-10-13) | AB31: https://hayday.fandom.com/wiki/Corn_Bread | AC31: Corn bread
A32: Cookie | B32: Bakery | C32: Product | D32: =IF(E32<>"",E32,IF(F32<>"",F32,"")) | E32: 10 | F32: 10 | G32: 51 | H32: 60 | I32: 51 | J32: =IF(OR(G32="",AND(H32="",I32="")),"n/a",IF(G32=I32,"mastered",IF(G32=H32,"normal","differs"))) | K32: =IF(L32<>"",L32,IF(M32<>"",M32,"")) | L32: 104 | M32: 104 | N32: =IF(O32<>"",O32,IF(P32<>"",P32,"")) | O32: 13 | P32: 13 | Q32: 35.29 | R32: 15.29 | S32: =IF(Q32="","",IF(Q32<0,"negative profit",IF(Q32>Notes!$B$4,"unusually high - verify",""))) | T32: both | U32: =IF(T32<>"both",T32&" only",IF(V32="","agree","conflict")) | V32: =IF(T32="both",TRIM(IF(AND(E32<>"",F32<>"",E32<>F32),"level ","")&IF(AND(L32<>"",M32<>"",L32<>M32),"price ","")&IF(AND(O32<>"",P32<>"",O32<>P32),"xp ","")&IF(J32="differs","time","")),"") | X32: Wheat x2; Egg x2; Brown Sugar x1 | Y32: Cookie.png | Z32: icons/Bakery/Cookie.png | AA32: hayday.info /api/production-data (2026-10-13) + Hay Day Wiki infobox via MediaWiki API (2026-10-13) | AB32: https://hayday.fandom.com/wiki/Cookie | AC32: Cookie
A33: Raspberry Muffin | B33: Bakery | C33: Product | D33: =IF(E33<>"",E33,IF(F33<>"",F33,"")) | E33: 19 | F33: 19 | G33: 38 | H33: 45 | I33: 38 | J33: =IF(OR(G33="",AND(H33="",I33="")),"n/a",IF(G33=I33,"mastered",IF(G33=H33,"normal","differs"))) | K33: =IF(L33<>"",L33,IF(M33<>"",M33,"")) | L33: 140 | M33: 140 | N33: =IF(O33<>"",O33,IF(P33<>"",P33,"")) | O33: 17 | P33: 17 | Q33: 37.65 | R33: 26.67 | S33: =IF(Q33="","",IF(Q33<0,"negative profit",IF(Q33>Notes!$B$4,"unusually high - verify",""))) | T33: both | U33: =IF(T33<>"both",T33&" only",IF(V33="","agree","conflict")) | V33: =IF(T33="both",TRIM(IF(AND(E33<>"",F33<>"",E33<>F33),"level ","")&IF(AND(L33<>"",M33<>"",L33<>M33),"price ","")&IF(AND(O33<>"",P33<>"",O33<>P33),"xp ","")&IF(J33="differs","time","")),"") | X33: Wheat x2; Egg x1; Raspberry x2 | Y33: Raspberry_Muffin.png | Z33: icons/Bakery/Raspberry Muffin.png | AA33: hayday.info /api/production-data (2026-10-13) + Hay Day Wiki infobox via MediaWiki API (2026-10-13) | AB33: https://hayday.fandom.com/wiki/Raspberry_Muffin | AC33: Raspberry muffin
A34: Blackberry Muffin | B34: Bakery | C34: Product | D34: =IF(E34<>"",E34,IF(F34<>"",F34,"")) | E34: 26 | F34: 26 | G34: 38 | H34: 45 | I34: 38 | J34: =IF(OR(G34="",AND(H34="",I34="")),"n/a",IF(G34=I34,"mastered",IF(G34=H34,"normal","differs"))) | K34: =IF(L34<>"",L34,IF(M34<>"",M34,"")) | L34: 226 | M34: 226 | N34: =IF(O34<>"",O34,IF(P34<>"",P34,"")) | O34: 27 | P34: 27 | Q34: 36.08 | R34: 42.35 | S34: =IF(Q34="","",IF(Q34<0,"negative profit",IF(Q34>Notes!$B$4,"unusually high - verify",""))) | T34: both | U34: =IF(T34<>"both",T34&" only",IF(V34="","agree","conflict")) | V34: =IF(T34="both",TRIM(IF(AND(E34<>"",F34<>"",E34<>F34),"level ","")&IF(AND(L34<>"",M34<>"",L34<>M34),"price ","")&IF(AND(O34<>"",P34<>"",O34<>P34),"xp ","")&IF(J34="differs","time","")),"") | X34: Wheat x1; Egg x2; Blackberry x2 | Y34: Blackberry_Muffin.png | Z34: icons/Bakery/Blackberry Muffin.png | AA34: hayday.info /api/production-data (2026-10-13) + Hay Day Wiki infobox via MediaWiki API (2026-10-13) | AB34: https://hayday.fandom.com/wiki/Blackberry_Muffin | AC34: Blackberry muffin
A35: Pizza | B35: Bakery | C35: Product | D35: =IF(E35<>"",E35,IF(F35<>"",F35,"")) | E35: 33 | F35: 33 | G35: 12 | H35: 15 | I35: 12 | J35: =IF(OR(G35="",AND(H35="",I35="")),"n/a",IF(G35=I35,"mastered",IF(G35=H35,"normal","differs"))) | K35: =IF(L35<>"",L35,IF(M35<>"",M35,"")) | L35: 190 | M35: 190 | N35: =IF(O35<>"",O35,IF(P35<>"",P35,"")) | O35: 23 | P35: 23 | Q35: 89.41 | R35: 108.24 | S35: =IF(Q35="","",IF(Q35<0,"negative profit",IF(Q35>Notes!$B$4,"unusually high - verify",""))) | T35: both | U35: =IF(T35<>"both",T35&" only",IF(V35="","agree","conflict")) | V35: =IF(T35="both",TRIM(IF(AND(E35<>"",F35<>"",E35<>F35),"level ","")&IF(AND(L35<>"",M35<>"",L35<>M35),"price ","")&IF(AND(O35<>"",P35<>"",O35<>P35),"xp ","")&IF(J35="differs","time","")),"") | X35: Wheat x2; Tomato x1; Cheese x1 | Y35: Pizza.png | Z35: icons/Bakery/Pizza.png | AA35: hayday.info /api/production-data (2026-10-13) + Hay Day Wiki infobox via MediaWiki API (2026-10-13) | AB35: https://hayday.fandom.com/wiki/Pizza | AC35: Pizza
A36: Spicy Pizza | B36: Bakery | C36: Product | D36: =IF(E36<>"",E36,IF(F36<>"",F36,"")) | E36: 37 | F36: 37 | G36: 12 | H36: 15 | I36: 12 | J36: =IF(OR(G36="",AND(H36="",I36="")),"n/a",IF(G36=I36,"mastered",IF(G36=H36,"normal","differs"))) | K36: =IF(L36<>"",L36,IF(M36<>"",M36,"")) | L36: 226 | M36: 226 | N36: =IF(O36<>"",O36,IF(P36<>"",P36,"")) | O36: 27 | P36: 27 | Q36: 89.41 | R36: 127.06 | S36: =IF(Q36="","",IF(Q36<0,"negative profit",IF(Q36>Notes!$B$4,"unusually high - verify",""))) | T36: both | U36: =IF(T36<>"both",T36&" only",IF(V36="","agree","conflict")) | V36: =IF(T36="both",TRIM(IF(AND(E36<>"",F36<>"",E36<>F36),"level ","")&IF(AND(L36<>"",M36<>"",L36<>M36),"price ","")&IF(AND(O36<>"",P36<>"",O36<>P36),"xp ","")&IF(J36="differs","time","")),"") | X36: Wheat x2; Tomato x1; Cheese x1; Chili Pepper x1 | Y36: Spicy Pizza.png | Z36: icons/Bakery/Spicy Pizza.png | AA36: hayday.info /api/production-data (2026-10-13) + Hay Day Wiki infobox via MediaWiki API (2026-10-13) | AB36: https://hayday.fandom.com/wiki/Spicy_Pizza | AC36: Spicy pizza
A37: Potato Bread | B37: Bakery | C37: Product | D37: =IF(E37<>"",E37,IF(F37<>"",F37,"")) | E37: 39 | F37: 39 | G37: 38 | H37: 45 | I37: 38 | J37: =IF(OR(G37="",AND(H37="",I37="")),"n/a",IF(G37=I37,"mastered",IF(G37=H37,"normal","differs"))) | K37: =IF(L37<>"",L37,IF(M37<>"",M37,"")) | L37: 284 | M37: 284 | N37: =IF(O37<>"",O37,IF(P37<>"",P37,"")) | O37: 34 | P37: 34 | Q37: 40.78 | R37: 53.33 | S37: =IF(Q37="","",IF(Q37<0,"negative profit",IF(Q37>Notes!$B$4,"unusually high - verify",""))) | T37: both | U37: =IF(T37<>"both",T37&" only",IF(V37="","agree","conflict")) | V37: =IF(T37="both",TRIM(IF(AND(E37<>"",F37<>"",E37<>F37),"level ","")&IF(AND(L37<>"",M37<>"",L37<>M37),"price ","")&IF(AND(O37<>"",P37<>"",O37<>P37),"xp ","")&IF(J37="differs","time","")),"") | X37: Potato x2; White Sugar x1; Egg x3; Butter x1 | Y37: Potato Bread.png | Z37: icons/Bakery/Potato Bread.png | AA37: hayday.info /api/production-data (2026-10-13) + Hay Day Wiki infobox via MediaWiki API (2026-10-13) | AB37: https://hayday.fandom.com/wiki/Potato_Bread | AC37: Potato bread
A38: Frutti di Mare Pizza | B38: Bakery | C38: Product | D38: =IF(E38<>"",E38,IF(F38<>"",F38,"")) | E38: 45 | F38: 45 | G38: 12 | H38: 15 | I38: 12 | J38: =IF(OR(G38="",AND(H38="",I38="")),"n/a",IF(G38=I38,"mastered",IF(G38=H38,"normal","differs"))) | K38: =IF(L38<>"",L38,IF(M38<>"",M38,"")) | L38: 403 | M38: 403 | N38: =IF(O38<>"",O38,IF(P38<>"",P38,"")) | O38: 48 | P38: 48 | Q38: 94.12 | R38: 225.88 | S38: =IF(Q38="","",IF(Q38<0,"negative profit",IF(Q38>Notes!$B$4,"unusually high - verify",""))) | T38: both | U38: =IF(T38<>"both",T38&" only",IF(V38="","agree","conflict")) | V38: =IF(T38="both",TRIM(IF(AND(E38<>"",F38<>"",E38<>F38),"level ","")&IF(AND(L38<>"",M38<>"",L38<>M38),"price ","")&IF(AND(O38<>"",P38<>"",O38<>P38),"xp ","")&IF(J38="differs","time","")),"") | X38: Wheat x2; Fish Fillet x1; Lobster Tail x1; Cheese x1 | Y38: Frutti_di_Mare_Pizza.png | Z38: icons/Bakery/Frutti di Mare Pizza.png | AA38: hayday.info /api/production-data (2026-10-13) + Hay Day Wiki infobox via MediaWiki API (2026-10-13) | AB38: https://hayday.fandom.com/wiki/Frutti_di_Mare_Pizza | AC38: Frutti di Mare pizza
A39: Gingerbread Cookie | B39: Bakery | C39: Product | D39: =IF(E39<>"",E39,IF(F39<>"",F39,"")) | E39: 86 | F39: 86 | G39: 25 | H39: 30 | I39: 25 | J39: =IF(OR(G39="",AND(H39="",I39="")),"n/a",IF(G39=I39,"mastered",IF(G39=H39,"normal","differs"))) | K39: =IF(L39<>"",L39,IF(M39<>"",M39,"")) | L39: 273 | M39: 273 | N39: =IF(O39<>"",O39,IF(P39<>"",P39,"")) | O39: 33 | P39: 33 | Q39: 70.59 | R39: 77.65 | S39: =IF(Q39="","",IF(Q39<0,"negative profit",IF(Q39>Notes!$B$4,"unusually high - verify",""))) | T39: both | U39: =IF(T39<>"both",T39&" only",IF(V39="","agree","conflict")) | V39: =IF(T39="both",TRIM(IF(AND(E39<>"",F39<>"",E39<>F39),"level ","")&IF(AND(L39<>"",M39<>"",L39<>M39),"price ","")&IF(AND(O39<>"",P39<>"",O39<>P39),"xp ","")&IF(J39="differs","time","")),"") | X39: Wheat x5; Butter x1; Syrup x1; Ginger x2 | Y39: Gingerbread Cookie.png | Z39: icons/Bakery/Gingerbread Cookie.png | AA39: hayday.info /api/production-data (2026-10-13) + Hay Day Wiki infobox via MediaWiki API (2026-10-13) | AB39: https://hayday.fandom.com/wiki/Gingerbread_Cookie | AC39: Gingerbread cookie
A40: Banana Bread | B40: Bakery | C40: Product | D40: =IF(E40<>"",E40,IF(F40<>"",F40,"")) | E40: 91 | F40: 91 | G40: 25 | H40: 30 | I40: 25 | J40: =IF(OR(G40="",AND(H40="",I40="")),"n/a",IF(G40=I40,"mastered",IF(G40=H40,"normal","differs"))) | K40: =IF(L40<>"",L40,IF(M40<>"",M40,"")) | L40: 424 | M40: 424 | N40: =IF(O40<>"",O40,IF(P40<>"",P40,"")) | O40: 50 | P40: 50 | Q40: 49.41 | R40: 117.65 | S40: =IF(Q40="","",IF(Q40<0,"negative profit",IF(Q40>Notes!$B$4,"unusually high - verify",""))) | T40: both | U40: =IF(T40<>"both",T40&" only",IF(V40="","agree","conflict")) | V40: =IF(T40="both",TRIM(IF(AND(E40<>"",F40<>"",E40<>F40),"level ","")&IF(AND(L40<>"",M40<>"",L40<>M40),"price ","")&IF(AND(O40<>"",P40<>"",O40<>P40),"xp ","")&IF(J40="differs","time","")),"") | X40: Banana x3; Grapes x2; Wheat x3; Egg x1 | Y40: Banana Bread.png | Z40: icons/Bakery/Banana Bread.png | AA40: hayday.info /api/production-data (2026-10-13) + Hay Day Wiki infobox via MediaWiki API (2026-10-13) | AB40: https://hayday.fandom.com/wiki/Banana_Bread | AC40: Banana bread
A41: Macaroon | B41: Bakery | C41: Product | D41: =IF(E41<>"",E41,IF(F41<>"",F41,"")) | E41: 101 | F41: 101 | G41: 30 | H41: 30 | I41: 25 | J41: =IF(OR(G41="",AND(H41="",I41="")),"n/a",IF(G41=I41,"mastered",IF(G41=H41,"normal","differs"))) | K41: =IF(L41<>"",L41,IF(M41<>"",M41,"")) | L41: 421 | M41: 421 | N41: =IF(O41<>"",O41,IF(P41<>"",P41,"")) | O41: 50 | P41: 50 | Q41: 38 | R41: 100 | S41: =IF(Q41="","",IF(Q41<0,"negative profit",IF(Q41>Notes!$B$4,"unusually high - verify",""))) | T41: both | U41: =IF(T41<>"both",T41&" only",IF(V41="","agree","conflict")) | V41: =IF(T41="both",TRIM(IF(AND(E41<>"",F41<>"",E41<>F41),"level ","")&IF(AND(L41<>"",M41<>"",L41<>M41),"price ","")&IF(AND(O41<>"",P41<>"",O41<>P41),"xp ","")&IF(J41="differs","time","")),"") | X41: Cacao x1; Coconut x2; White Sugar x2 | Y41: Macaroon.png | Z41: icons/Bakery/Macaroon.png | AA41: hayday.info /api/production-data (2026-10-13) + Hay Day Wiki infobox via MediaWiki API (2026-10-13) | AB41: https://hayday.fandom.com/wiki/Macaroon | AC41: Macaroon
A42: Blueberry Muffin | B42: Bakery | C42: Product | D42: =IF(E42<>"",E42,IF(F42<>"",F42,"")) | F42: 33 | H42: 45 | I42: 38 | J42: =IF(OR(G42="",AND(H42="",I42="")),"n/a",IF(G42=I42,"mastered",IF(G42=H42,"normal","differs"))) | K42: =IF(L42<>"",L42,IF(M42<>"",M42,"")) | M42: 230 | N42: =IF(O42<>"",O42,IF(P42<>"",P42,"")) | P42: 28 | S42: =IF(Q42="","",IF(Q42<0,"negative profit",IF(Q42>Notes!$B$4,"unusually high - verify",""))) | T42: Fandom | U42: =IF(T42<>"both",T42&" only",IF(V42="","agree","conflict")) | V42: =IF(T42="both",TRIM(IF(AND(E42<>"",F42<>"",E42<>F42),"level ","")&IF(AND(L42<>"",M42<>"",L42<>M42),"price ","")&IF(AND(O42<>"",P42<>"",O42<>P42),"xp ","")&IF(J42="differs","time","")),"") | X42: Wheat x1; Egg x2; Blueberries x2 | Y42: Blueberry_Muffin.png | Z42: icons/Bakery/Blueberry Muffin.png | AA42: Hay Day Wiki infobox via MediaWiki API (2026-10-13) | AB42: https://hayday.fandom.com/wiki/Blueberry_Muffin
A43: Pineapple Coconut Bars | B43: Bakery | C43: Product | D43: =IF(E43<>"",E43,IF(F43<>"",F43,"")) | F43: 120 | H43: 40 | I43: 34 | J43: =IF(OR(G43="",AND(H43="",I43="")),"n/a",IF(G43=I43,"mastered",IF(G43=H43,"normal","differs"))) | K43: =IF(L43<>"",L43,IF(M43<>"",M43,"")) | M43: 284 | N43: =IF(O43<>"",O43,IF(P43<>"",P43,"")) | P43: 34 | S43: =IF(Q43="","",IF(Q43<0,"negative profit",IF(Q43>Notes!$B$4,"unusually high - verify",""))) | T43: Fandom | U43: =IF(T43<>"both",T43&" only",IF(V43="","agree","conflict")) | V43: =IF(T43="both",TRIM(IF(AND(E43<>"",F43<>"",E43<>F43),"level ","")&IF(AND(L43<>"",M43<>"",L43<>M43),"price ","")&IF(AND(O43<>"",P43<>"",O43<>P43),"xp ","")&IF(J43="differs","time","")),"") | X43: Coconut x1; White Sugar x2; Oats x3; Pineapple x2 | Y43: Pineapple Coconut Bars.png | Z43: icons/Bakery/Pineapple Coconut Bars.png | AA43: Hay Day Wiki infobox via MediaWiki API (2026-10-13) | AB43: https://hayday.fandom.com/wiki/Pineapple_Coconut_Bars
A44: Honey Soap | B44: Bath Kiosk | C44: Product | D44: =IF(E44<>"",E44,IF(F44<>"",F44,"")) | E44: 84 | F44: 84 | G44: 51 | H44: 60 | I44: 51 | J44: =IF(OR(G44="",AND(H44="",I44="")),"n/a",IF(G44=I44,"mastered",IF(G44=H44,"normal","differs"))) | K44: =IF(L44<>"",L44,IF(M44<>"",M44,"")) | L44: 327 | M44: 327 | N44: =IF(O44<>"",O44,IF(P44<>"",P44,"")) | O44: 39 | P44: 39 | Q44: 27.06 | R44: 45.88 | S44: =IF(Q44="","",IF(Q44<0,"negative profit",IF(Q44>Notes!$B$4,"unusually high - verify",""))) | T44: both | U44: =IF(T44<>"both",T44&" only",IF(V44="","agree","conflict")) | V44: =IF(T44="both",TRIM(IF(AND(E44<>"",F44<>"",E44<>F44),"level ","")&IF(AND(L44<>"",M44<>"",L44<>M44),"price ","")&IF(AND(O44<>"",P44<>"",O44<>P44),"xp ","")&IF(J44="differs","time","")),"") | X44: Goat Milk x1; Cacao x2; Honeycomb x1 | Y44: Honey Soap.png | Z44: icons/Bath Kiosk/Honey Soap.png | AA44: hayday.info /api/production-data (2026-10-13) + Hay Day Wiki infobox via MediaWiki API (2026-10-13) | AB44: https://hayday.fandom.com/wiki/Honey_Soap | AC44: Honey soap
A45: Lemon Lotion | B45: Bath Kiosk | C45: Product | D45: =IF(E45<>"",E45,IF(F45<>"",F45,"")) | E45: 84 | F45: 84 | G45: 63 | H45: 75 | I45: 63 | J45: =IF(OR(G45="",AND(H45="",I45="")),"n/a",IF(G45=I45,"mastered",IF(G45=H45,"normal","differs"))) | K45: =IF(L45<>"",L45,IF(M45<>"",M45,"")) | L45: 403 | M45: 403 | N45: =IF(O45<>"",O45,IF(P45<>"",P45,"")) | O45: 48 | P45: 48 | Q45: 31.06 | R45: 45.18 | S45: =IF(Q45="","",IF(Q45<0,"negative profit",IF(Q45>Notes!$B$4,"unusually high - verify",""))) | T45: both | U45: =IF(T45<>"both",T45&" only",IF(V45="","agree","conflict")) | V45: =IF(T45="both",TRIM(IF(AND(E45<>"",F45<>"",E45<>F45),"level ","")&IF(AND(L45<>"",M45<>"",L45<>M45),"price ","")&IF(AND(O45<>"",P45<>"",O45<>P45),"xp ","")&IF(J45="differs","time","")),"") | X45: Olive Oil x1; Lemon x1 | Y45: Lemon Lotion.png | Z45: icons/Bath Kiosk/Lemon Lotion.png | AA45: hayday.info /api/production-data (2026-10-13) + Hay Day Wiki infobox via MediaWiki API (2026-10-13) | AB45: https://hayday.fandom.com/wiki/Lemon_Lotion | AC45: Lemon lotion
A46: Exfoliating Soap | B46: Bath Kiosk | C46: Product | D46: =IF(E46<>"",E46,IF(F46<>"",F46,"")) | E46: 93 | F46: 93 | G46: 51 | H46: 60 | I46: 51 | J46: =IF(OR(G46="",AND(H46="",I46="")),"n/a",IF(G46=I46,"mastered",IF(G46=H46,"normal","differs"))) | K46: =IF(L46<>"",L46,IF(M46<>"",M46,"")) | L46: 363 | M46: 363 | N46: =IF(O46<>"",O46,IF(P46<>"",P46,"")) | O46: 43 | P46: 43 | Q46: 20 | R46: 50.59 | S46: =IF(Q46="","",IF(Q46<0,"negative profit",IF(Q46>Notes!$B$4,"unusually high - verify",""))) | T46: both | U46: =IF(T46<>"both",T46&" only",IF(V46="","agree","conflict")) | V46: =IF(T46="both",TRIM(IF(AND(E46<>"",F46<>"",E46<>F46),"level ","")&IF(AND(L46<>"",M46<>"",L46<>M46),"price ","")&IF(AND(O46<>"",P46<>"",O46<>P46),"xp ","")&IF(J46="differs","time","")),"") | X46: Cacao x2; Coffee Bean x2; Raspberry x1 | Y46: Exfoliating Soap.png | Z46: icons/Bath Kiosk/Exfoliating Soap.png | AA46: hayday.info /api/production-data (2026-10-13) + Hay Day Wiki infobox via MediaWiki API (2026-10-13) | AB46: https://hayday.fandom.com/wiki/Exfoliating_Soap | AC46: Exfoliating soap
A47: Honey Face Mask | B47: Bath Kiosk | C47: Product | D47: =IF(E47<>"",E47,IF(F47<>"",F47,"")) | E47: 99 | F47: 99 | G47: 76 | H47: 90 | I47: 77 | J47: =IF(OR(G47="",AND(H47="",I47="")),"n/a",IF(G47=I47,"mastered",IF(G47=H47,"normal","differs"))) | K47: =IF(L47<>"",L47,IF(M47<>"",M47,"")) | L47: 320 | M47: 320 | N47: =IF(O47<>"",O47,IF(P47<>"",P47,"")) | O47: 38 | P47: 38 | Q47: 29.02 | R47: 29.8 | S47: =IF(Q47="","",IF(Q47<0,"negative profit",IF(Q47>Notes!$B$4,"unusually high - verify",""))) | T47: both | U47: =IF(T47<>"both",T47&" only",IF(V47="","agree","conflict")) | V47: =IF(T47="both",TRIM(IF(AND(E47<>"",F47<>"",E47<>F47),"level ","")&IF(AND(L47<>"",M47<>"",L47<>M47),"price ","")&IF(AND(O47<>"",P47<>"",O47<>P47),"xp ","")&IF(J47="differs","time","")),"") | X47: Egg x2; Honey x1; Lemon x1 | Y47: Honey Face Mask.png | Z47: icons/Bath Kiosk/Honey Face Mask.png | AA47: hayday.info /api/production-data (2026-10-13) + Hay Day Wiki infobox via MediaWiki API (2026-10-13) | AB47: https://hayday.fandom.com/wiki/Honey_Face_Mask | AC47: Honey face mask
A48: Rich Soap | B48: Bath Kiosk | C48: Product | D48: =IF(E48<>"",E48,IF(F48<>"",F48,"")) | F48: 121 | H48: 70 | I48: 59 | J48: =IF(OR(G48="",AND(H48="",I48="")),"n/a",IF(G48=I48,"mastered",IF(G48=H48,"normal","differs"))) | K48: =IF(L48<>"",L48,IF(M48<>"",M48,"")) | M48: 266 | N48: =IF(O48<>"",O48,IF(P48<>"",P48,"")) | P48: 32 | S48: =IF(Q48="","",IF(Q48<0,"negative profit",IF(Q48>Notes!$B$4,"unusually high - verify",""))) | T48: Fandom | U48: =IF(T48<>"both",T48&" only",IF(V48="","agree","conflict")) | V48: =IF(T48="both",TRIM(IF(AND(E48<>"",F48<>"",E48<>F48),"level ","")&IF(AND(L48<>"",M48<>"",L48<>M48),"price ","")&IF(AND(O48<>"",P48<>"",O48<>P48),"xp ","")&IF(J48="differs","time","")),"") | X48: Oats x2; Pomegranate x1; Coconut x1 | Y48: Rich Soap.png | Z48: icons/Bath Kiosk/Rich Soap.png | AA48: Hay Day Wiki infobox via MediaWiki API (2026-10-13) | AB48: https://hayday.fandom.com/wiki/Rich_Soap
A49: Carrot Cake | B49: Cake Oven | C49: Product | D49: =IF(E49<>"",E49,IF(F49<>"",F49,"")) | E49: 21 | F49: 21 | G49: 76 | H49: 90 | I49: 76 | J49: =IF(OR(G49="",AND(H49="",I49="")),"n/a",IF(G49=I49,"mastered",IF(G49=H49,"normal","differs"))) | K49: =IF(L49<>"",L49,IF(M49<>"",M49,"")) | L49: 165 | M49: 165 | N49: =IF(O49<>"",O49,IF(P49<>"",P49,"")) | O49: 20 | P49: 20 | Q49: 29.02 | R49: 15.69 | S49: =IF(Q49="","",IF(Q49<0,"negative profit",IF(Q49>Notes!$B$4,"unusually high - verify",""))) | T49: both | U49: =IF(T49<>"both",T49&" only",IF(V49="","agree","conflict")) | V49: =IF(T49="both",TRIM(IF(AND(E49<>"",F49<>"",E49<>F49),"level ","")&IF(AND(L49<>"",M49<>"",L49<>M49),"price ","")&IF(AND(O49<>"",P49<>"",O49<>P49),"xp ","")&IF(J49="differs","time","")),"") | X49: Carrot x2; Butter x1; Brown Sugar x1 | Y49: Carrot Cake.png | Z49: icons/Cake Oven/Carrot Cake.png | AA49: hayday.info /api/production-data (2026-10-13) + Hay Day Wiki infobox via MediaWiki API (2026-10-13) | AB49: https://hayday.fandom.com/wiki/Carrot_Cake | AC49: Carrot cake
A50: Cream Cake | B50: Cake Oven | C50: Product | D50: =IF(E50<>"",E50,IF(F50<>"",F50,"")) | E50: 23 | F50: 23 | G50: 153 | H50: 180 | I50: 153 | J50: =IF(OR(G50="",AND(H50="",I50="")),"n/a",IF(G50=I50,"mastered",IF(G50=H50,"normal","differs"))) | K50: =IF(L50<>"",L50,IF(M50<>"",M50,"")) | L50: 219 | M50: 219 | N50: =IF(O50<>"",O50,IF(P50<>"",P50,"")) | O50: 26 | P50: 26 | Q50: 40.78 | R50: 10.2 | S50: =IF(Q50="","",IF(Q50<0,"negative profit",IF(Q50>Notes!$B$4,"unusually high - verify",""))) | T50: both | U50: =IF(T50<>"both",T50&" only",IF(V50="","agree","conflict")) | V50: =IF(T50="both",TRIM(IF(AND(E50<>"",F50<>"",E50<>F50),"level ","")&IF(AND(L50<>"",M50<>"",L50<>M50),"price ","")&IF(AND(O50<>"",P50<>"",O50<>P50),"xp ","")&IF(J50="differs","time","")),"") | X50: Wheat x5; Cream x1; White Sugar x1 | Y50: Cream Cake.png | Z50: icons/Cake Oven/Cream Cake.png | AA50: hayday.info /api/production-data (2026-10-13) + Hay Day Wiki infobox via MediaWiki API (2026-10-13) | AB50: https://hayday.fandom.com/wiki/Cream_Cake | AC50: Cream cake
A51: Red Berry Cake | B51: Cake Oven | C51: Product | D51: =IF(E51<>"",E51,IF(F51<>"",F51,"")) | E51: 23 | F51: 23 | G51: 51 | H51: 60 | I51: 51 | J51: =IF(OR(G51="",AND(H51="",I51="")),"n/a",IF(G51=I51,"mastered",IF(G51=H51,"normal","differs"))) | K51: =IF(L51<>"",L51,IF(M51<>"",M51,"")) | L51: 255 | M51: 255 | N51: =IF(O51<>"",O51,IF(P51<>"",P51,"")) | O51: 31 | P51: 31 | Q51: 27.06 | R51: 36.47 | S51: =IF(Q51="","",IF(Q51<0,"negative profit",IF(Q51>Notes!$B$4,"unusually high - verify",""))) | T51: both | U51: =IF(T51<>"both",T51&" only",IF(V51="","agree","conflict")) | V51: =IF(T51="both",TRIM(IF(AND(E51<>"",F51<>"",E51<>F51),"level ","")&IF(AND(L51<>"",M51<>"",L51<>M51),"price ","")&IF(AND(O51<>"",P51<>"",O51<>P51),"xp ","")&IF(J51="differs","time","")),"") | X51: Raspberry x1; Cherry x2; Milk x1; Egg x1 | Y51: Red Berry Cake.png | Z51: icons/Cake Oven/Red Berry Cake.png | AA51: hayday.info /api/production-data (2026-10-13) + Hay Day Wiki infobox via MediaWiki API (2026-10-13) | AB51: https://hayday.fandom.com/wiki/Red_Berry_Cake | AC51: Red berry cake
A52: Cheesecake | B52: Cake Oven | C52: Product | D52: =IF(E52<>"",E52,IF(F52<>"",F52,"")) | E52: 24 | F52: 24 | G52: 204 | H52: 240 | I52: 204 | J52: =IF(OR(G52="",AND(H52="",I52="")),"n/a",IF(G52=I52,"mastered",IF(G52=H52,"normal","differs"))) | K52: =IF(L52<>"",L52,IF(M52<>"",M52,"")) | L52: 284 | M52: 284 | N52: =IF(O52<>"",O52,IF(P52<>"",P52,"")) | O52: 34 | P52: 34 | Q52: 17.06 | R52: 10 | S52: =IF(Q52="","",IF(Q52<0,"negative profit",IF(Q52>Notes!$B$4,"unusually high - verify",""))) | T52: both | U52: =IF(T52<>"both",T52&" only",IF(V52="","agree","conflict")) | V52: =IF(T52="both",TRIM(IF(AND(E52<>"",F52<>"",E52<>F52),"level ","")&IF(AND(L52<>"",M52<>"",L52<>M52),"price ","")&IF(AND(O52<>"",P52<>"",O52<>P52),"xp ","")&IF(J52="differs","time","")),"") | X52: Cheese x1; Cookie x1 | Y52: Cheesecake.png | Z52: icons/Cake Oven/Cheesecake.png | AA52: hayday.info /api/production-data (2026-10-13) + Hay Day Wiki infobox via MediaWiki API (2026-10-13) | AB52: https://hayday.fandom.com/wiki/Cheesecake | AC52: Cheesecake
A53: Strawberry Cake | B53: Cake Oven | C53: Product | D53: =IF(E53<>"",E53,IF(F53<>"",F53,"")) | E53: 35 | F53: 35 | G53: 153 | H53: 180 | I53: 153 | J53: =IF(OR(G53="",AND(H53="",I53="")),"n/a",IF(G53=I53,"mastered",IF(G53=H53,"normal","differs"))) | K53: =IF(L53<>"",L53,IF(M53<>"",M53,"")) | L53: 316 | M53: 316 | N53: =IF(O53<>"",O53,IF(P53<>"",P53,"")) | O53: 38 | P53: 38 | Q53: 41.96 | R53: 14.9 | S53: =IF(Q53="","",IF(Q53<0,"negative profit",IF(Q53>Notes!$B$4,"unusually high - verify",""))) | T53: both | U53: =IF(T53<>"both",T53&" only",IF(V53="","agree","conflict")) | V53: =IF(T53="both",TRIM(IF(AND(E53<>"",F53<>"",E53<>F53),"level ","")&IF(AND(L53<>"",M53<>"",L53<>M53),"price ","")&IF(AND(O53<>"",P53<>"",O53<>P53),"xp ","")&IF(J53="differs","time","")),"") | X53: Wheat x3; Strawberry x2; Cream x1; White Sugar x1 | Y53: Strawberry Cake.png | Z53: icons/Cake Oven/Strawberry Cake.png | AA53: hayday.info /api/production-data (2026-10-13) + Hay Day Wiki infobox via MediaWiki API (2026-10-13) | AB53: https://hayday.fandom.com/wiki/Strawberry_Cake | AC53: Strawberry cake
A54: Chocolate Cake | B54: Cake Oven | C54: Product | D54: =IF(E54<>"",E54,IF(F54<>"",F54,"")) | E54: 36 | F54: 36 | G54: 102 | H54: 120 | I54: 102 | J54: =IF(OR(G54="",AND(H54="",I54="")),"n/a",IF(G54=I54,"mastered",IF(G54=H54,"normal","differs"))) | K54: =IF(L54<>"",L54,IF(M54<>"",M54,"")) | L54: 320 | M54: 320 | N54: =IF(O54<>"",O54,IF(P54<>"",P54,"")) | O54: 38 | P54: 38 | Q54: 20 | R54: 22.35 | S54: =IF(Q54="","",IF(Q54<0,"negative profit",IF(Q54>Notes!$B$4,"unusually high - verify",""))) | T54: both | U54: =IF(T54<>"both",T54&" only",IF(V54="","agree","conflict")) | V54: =IF(T54="both",TRIM(IF(AND(E54<>"",F54<>"",E54<>F54),"level ","")&IF(AND(L54<>"",M54<>"",L54<>M54),"price ","")&IF(AND(O54<>"",P54<>"",O54<>P54),"xp ","")&IF(J54="differs","time","")),"") | X54: Cacao x2; Brown Sugar x1; Butter x1 | Y54: Chocolate_Cake.png | Z54: icons/Cake Oven/Chocolate Cake.png | AA54: hayday.info /api/production-data (2026-10-13) + Hay Day Wiki infobox via MediaWiki API (2026-10-13) | AB54: https://hayday.fandom.com/wiki/Chocolate_Cake | AC54: Chocolate cake
A55: Potato Feta Cake | B55: Cake Oven | C55: Product | D55: =IF(E55<>"",E55,IF(F55<>"",F55,"")) | E55: 38 | F55: 38 | G55: 102 | H55: 120 | I55: 102 | J55: =IF(OR(G55="",AND(H55="",I55="")),"n/a",IF(G55=I55,"mastered",IF(G55=H55,"normal","differs"))) | K55: =IF(L55<>"",L55,IF(M55<>"",M55,"")) | L55: 309 | M55: 309 | N55: =IF(O55<>"",O55,IF(P55<>"",P55,"")) | O55: 37 | P55: 37 | Q55: 22.94 | R55: 21.76 | S55: =IF(Q55="","",IF(Q55<0,"negative profit",IF(Q55>Notes!$B$4,"unusually high - verify",""))) | T55: both | U55: =IF(T55<>"both",T55&" only",IF(V55="","agree","conflict")) | V55: =IF(T55="both",TRIM(IF(AND(E55<>"",F55<>"",E55<>F55),"level ","")&IF(AND(L55<>"",M55<>"",L55<>M55),"price ","")&IF(AND(O55<>"",P55<>"",O55<>P55),"xp ","")&IF(J55="differs","time","")),"") | X55: Potato x1; Egg x4; Goat Cheese x1 | Y55: Potato_Feta_Cake.png | Z55: icons/Cake Oven/Potato Feta Cake.png | AA55: hayday.info /api/production-data (2026-10-13) + Hay Day Wiki infobox via MediaWiki API (2026-10-13) | AB55: https://hayday.fandom.com/wiki/Potato_Feta_Cake | AC55: Potato feta cake
A56: Honey Apple Cake | B56: Cake Oven | C56: Product | D56: =IF(E56<>"",E56,IF(F56<>"",F56,"")) | E56: 42 | F56: 42 | G56: 170 | H56: 200 | I56: 170 | J56: =IF(OR(G56="",AND(H56="",I56="")),"n/a",IF(G56=I56,"mastered",IF(G56=H56,"normal","differs"))) | K56: =IF(L56<>"",L56,IF(M56<>"",M56,"")) | L56: 482 | M56: 482 | N56: =IF(O56<>"",O56,IF(P56<>"",P56,"")) | O56: 57 | P56: 57 | Q56: 19.06 | R56: 20.12 | S56: =IF(Q56="","",IF(Q56<0,"negative profit",IF(Q56>Notes!$B$4,"unusually high - verify",""))) | T56: both | U56: =IF(T56<>"both",T56&" only",IF(V56="","agree","conflict")) | V56: =IF(T56="both",TRIM(IF(AND(E56<>"",F56<>"",E56<>F56),"level ","")&IF(AND(L56<>"",M56<>"",L56<>M56),"price ","")&IF(AND(O56<>"",P56<>"",O56<>P56),"xp ","")&IF(J56="differs","time","")),"") | X56: Wheat x2; Egg x2; Apple x2; Honey x2 | Y56: Honey Apple Cake.png | Z56: icons/Cake Oven/Honey Apple Cake.png | AA56: hayday.info /api/production-data (2026-10-13) + Hay Day Wiki infobox via MediaWiki API (2026-10-13) | AB56: https://hayday.fandom.com/wiki/Honey_Apple_Cake | AC56: Honey apple cake
A57: Fancy Cake | B57: Cake Oven | C57: product | D57: =IF(E57<>"",E57,IF(F57<>"",F57,"")) | E57: 54 | F57: 54 | G57: 12 | H57: 15 | I57: 12 | J57: =IF(OR(G57="",AND(H57="",I57="")),"n/a",IF(G57=I57,"mastered",IF(G57=H57,"normal","differs"))) | K57: =IF(L57<>"",L57,IF(M57<>"",M57,"")) | L57: 450 | M57: 450 | N57: =IF(O57<>"",O57,IF(P57<>"",P57,"")) | O57: 49 | P57: 49 | Q57: 42.35 | R57: 230.59 | S57: =IF(Q57="","",IF(Q57<0,"negative profit",IF(Q57>Notes!$B$4,"unusually high - verify",""))) | T57: both | U57: =IF(T57<>"both",T57&" only",IF(V57="","agree","conflict")) | V57: =IF(T57="both",TRIM(IF(AND(E57<>"",F57<>"",E57<>F57),"level ","")&IF(AND(L57<>"",M57<>"",L57<>M57),"price ","")&IF(AND(O57<>"",P57<>"",O57<>P57),"xp ","")&IF(J57="differs","time","")),"") | X57: Cream Cake x1; Lily x3; Raspberry x3; Gold Ore x1 | Y57: Fancy Cake.png | Z57: icons/Cake Oven/Fancy Cake.png | AA57: hayday.info /api/production-data (2026-10-13) + Hay Day Wiki infobox via MediaWiki API (2026-10-13) | AB57: https://hayday.fandom.com/wiki/Fancy_Cake | AC57: Fancy cake
A58: Pineapple Cake | B58: Cake Oven | C58: Product | D58: =IF(E58<>"",E58,IF(F58<>"",F58,"")) | E58: 65 | F58: 65 | G58: 63 | H58: 75 | I58: 63 | J58: =IF(OR(G58="",AND(H58="",I58="")),"n/a",IF(G58=I58,"mastered",IF(G58=H58,"normal","differs"))) | K58: =IF(L58<>"",L58,IF(M58<>"",M58,"")) | L58: 259 | M58: 259 | N58: =IF(O58<>"",O58,IF(P58<>"",P58,"")) | O58: 31 | P58: 31 | Q58: 31.06 | R58: 29.18 | S58: =IF(Q58="","",IF(Q58<0,"negative profit",IF(Q58>Notes!$B$4,"unusually high - verify",""))) | T58: both | U58: =IF(T58<>"both",T58&" only",IF(V58="","agree","conflict")) | V58: =IF(T58="both",TRIM(IF(AND(E58<>"",F58<>"",E58<>F58),"level ","")&IF(AND(L58<>"",M58<>"",L58<>M58),"price ","")&IF(AND(O58<>"",P58<>"",O58<>P58),"xp ","")&IF(J58="differs","time","")),"") | X58: Pineapple x3; Egg x2; Cherry x2; Wheat x4 | Y58: Pineapple Cake.png | Z58: icons/Cake Oven/Pineapple Cake.png | AA58: hayday.info /api/production-data (2026-10-13) + Hay Day Wiki infobox via MediaWiki API (2026-10-13) | AB58: https://hayday.fandom.com/wiki/Pineapple_Cake | AC58: Pineapple cake
A59: Lemon Cake | B59: Cake Oven | C59: Product | D59: =IF(E59<>"",E59,IF(F59<>"",F59,"")) | E59: 68 | F59: 68 | G59: 127 | H59: 150 | I59: 127 | J59: =IF(OR(G59="",AND(H59="",I59="")),"n/a",IF(G59=I59,"mastered",IF(G59=H59,"normal","differs"))) | K59: =IF(L59<>"",L59,IF(M59<>"",M59,"")) | L59: 896 | M59: 896 | N59: =IF(O59<>"",O59,IF(P59<>"",P59,"")) | O59: 107 | P59: 107 | Q59: 21.18 | R59: 50.35 | S59: =IF(Q59="","",IF(Q59<0,"negative profit",IF(Q59>Notes!$B$4,"unusually high - verify",""))) | T59: both | U59: =IF(T59<>"both",T59&" only",IF(V59="","agree","conflict")) | V59: =IF(T59="both",TRIM(IF(AND(E59<>"",F59<>"",E59<>F59),"level ","")&IF(AND(L59<>"",M59<>"",L59<>M59),"price ","")&IF(AND(O59<>"",P59<>"",O59<>P59),"xp ","")&IF(J59="differs","time","")),"") | X59: Lemon Curd x2; Egg x2; Cream x1; Wheat x3 | Y59: Lemon Cake.png | Z59: icons/Cake Oven/Lemon Cake.png | AA59: hayday.info /api/production-data (2026-10-13) + Hay Day Wiki infobox via MediaWiki API (2026-10-13) | AB59: https://hayday.fandom.com/wiki/Lemon_Cake | AC59: Lemon cake
A60: Fruit Cake | B60: Cake Oven | C60: Product | D60: =IF(E60<>"",E60,IF(F60<>"",F60,"")) | E60: 89 | F60: 89 | G60: 153 | H60: 180 | I60: 153 | J60: =IF(OR(G60="",AND(H60="",I60="")),"n/a",IF(G60=I60,"mastered",IF(G60=H60,"normal","differs"))) | K60: =IF(L60<>"",L60,IF(M60<>"",M60,"")) | L60: 450 | M60: 450 | N60: =IF(O60<>"",O60,IF(P60<>"",P60,"")) | O60: 54 | P60: 54 | Q60: 18.43 | R60: 21.18 | S60: =IF(Q60="","",IF(Q60<0,"negative profit",IF(Q60>Notes!$B$4,"unusually high - verify",""))) | T60: both | U60: =IF(T60<>"both",T60&" only",IF(V60="","agree","conflict")) | V60: =IF(T60="both",TRIM(IF(AND(E60<>"",F60<>"",E60<>F60),"level ","")&IF(AND(L60<>"",M60<>"",L60<>M60),"price ","")&IF(AND(O60<>"",P60<>"",O60<>P60),"xp ","")&IF(J60="differs","time","")),"") | X60: Grapes x2; Orange x2; Cherry x2; Wheat x3 | Y60: Fruit Cake.png | Z60: icons/Cake Oven/Fruit Cake.png | AA60: hayday.info /api/production-data (2026-10-13) + Hay Day Wiki infobox via MediaWiki API (2026-10-13) | AB60: https://hayday.fandom.com/wiki/Fruit_Cake | AC60: Fruit cake
A61: Chocolate Roll | B61: Cake Oven | C61: Product | D61: =IF(E61<>"",E61,IF(F61<>"",F61,"")) | E61: 95 | F61: 95 | G61: 76 | H61: 90 | I61: 76 | J61: =IF(OR(G61="",AND(H61="",I61="")),"n/a",IF(G61=I61,"mastered",IF(G61=H61,"normal","differs"))) | K61: =IF(L61<>"",L61,IF(M61<>"",M61,"")) | L61: 604 | M61: 604 | N61: =IF(O61<>"",O61,IF(P61<>"",P61,"")) | O61: 72 | P61: 72 | Q61: 14.9 | R61: 56.47 | S61: =IF(Q61="","",IF(Q61<0,"negative profit",IF(Q61>Notes!$B$4,"unusually high - verify",""))) | T61: both | U61: =IF(T61<>"both",T61&" only",IF(V61="","agree","conflict")) | V61: =IF(T61="both",TRIM(IF(AND(E61<>"",F61<>"",E61<>F61),"level ","")&IF(AND(L61<>"",M61<>"",L61<>M61),"price ","")&IF(AND(O61<>"",P61<>"",O61<>P61),"xp ","")&IF(J61="differs","time","")),"") | X61: Cacao x5; Cream x1; Wheat x3; Mint x3 | Y61: Chocolate Roll.png | Z61: icons/Cake Oven/Chocolate Roll.png | AA61: hayday.info /api/production-data (2026-10-13) + Hay Day Wiki infobox via MediaWiki API (2026-10-13) | AB61: https://hayday.fandom.com/wiki/Chocolate_Roll | AC61: Chocolate roll
A62: Blueberry Cheesecake | B62: Cake Oven | C62: Product | D62: =IF(E62<>"",E62,IF(F62<>"",F62,"")) | F62: 31 | H62: 240 | I62: 204 | J62: =IF(OR(G62="",AND(H62="",I62="")),"n/a",IF(G62=I62,"mastered",IF(G62=H62,"normal","differs"))) | K62: =IF(L62<>"",L62,IF(M62<>"",M62,"")) | M62: 500 | N62: =IF(O62<>"",O62,IF(P62<>"",P62,"")) | P62: 60 | S62: =IF(Q62="","",IF(Q62<0,"negative profit",IF(Q62>Notes!$B$4,"unusually high - verify",""))) | T62: Fandom | U62: =IF(T62<>"both",T62&" only",IF(V62="","agree","conflict")) | V62: =IF(T62="both",TRIM(IF(AND(E62<>"",F62<>"",E62<>F62),"level ","")&IF(AND(L62<>"",M62<>"",L62<>M62),"price ","")&IF(AND(O62<>"",P62<>"",O62<>P62),"xp ","")&IF(J62="differs","time","")),"") | X62: Cheesecake x1; Blueberries x2 | Y62: Blueberry Cheesecake.png | Z62: icons/Cake Oven/Blueberry Cheesecake.png | AA62: Hay Day Wiki infobox via MediaWiki API (2026-10-13) | AB62: https://hayday.fandom.com/wiki/Blueberry_Cheesecake
A63: Pomegranate Cake | B63: Cake Oven | C63: Product | D63: =IF(E63<>"",E63,IF(F63<>"",F63,"")) | F63: 108 | H63: 160 | I63: 136 | J63: =IF(OR(G63="",AND(H63="",I63="")),"n/a",IF(G63=I63,"mastered",IF(G63=H63,"normal","differs"))) | K63: =IF(L63<>"",L63,IF(M63<>"",M63,"")) | M63: 316 | N63: =IF(O63<>"",O63,IF(P63<>"",P63,"")) | P63: 38 | S63: =IF(Q63="","",IF(Q63<0,"negative profit",IF(Q63>Notes!$B$4,"unusually high - verify",""))) | T63: Fandom | U63: =IF(T63<>"both",T63&" only",IF(V63="","agree","conflict")) | V63: =IF(T63="both",TRIM(IF(AND(E63<>"",F63<>"",E63<>F63),"level ","")&IF(AND(L63<>"",M63<>"",L63<>M63),"price ","")&IF(AND(O63<>"",P63<>"",O63<>P63),"xp ","")&IF(J63="differs","time","")),"") | X63: Pomegranate x1; Egg x2; Cream x2; Wheat x6 | Y63: Pomegranate Cake.png | Z63: icons/Cake Oven/Pomegranate Cake.png | AA63: Hay Day Wiki infobox via MediaWiki API (2026-10-13) | AB63: https://hayday.fandom.com/wiki/Pomegranate_Cake
A64: Strawberry Candle | B64: Candle Maker | C64: Product | D64: =IF(E64<>"",E64,IF(F64<>"",F64,"")) | E64: 48 | F64: 48 | G64: 102 | H64: 120 | I64: 102 | J64: =IF(OR(G64="",AND(H64="",I64="")),"n/a",IF(G64=I64,"mastered",IF(G64=H64,"normal","differs"))) | K64: =IF(L64<>"",L64,IF(M64<>"",M64,"")) | L64: 370 | M64: 370 | N64: =IF(O64<>"",O64,IF(P64<>"",P64,"")) | O64: 44 | P64: 44 | Q64: 21.18 | R64: 25.88 | S64: =IF(Q64="","",IF(Q64<0,"negative profit",IF(Q64>Notes!$B$4,"unusually high - verify",""))) | T64: both | U64: =IF(T64<>"both",T64&" only",IF(V64="","agree","conflict")) | V64: =IF(T64="both",TRIM(IF(AND(E64<>"",F64<>"",E64<>F64),"level ","")&IF(AND(L64<>"",M64<>"",L64<>M64),"price ","")&IF(AND(O64<>"",P64<>"",O64<>P64),"xp ","")&IF(J64="differs","time","")),"") | X64: Beeswax x1; Strawberry x2 | Y64: Strawberry Candle.png | Z64: icons/Candle Maker/Strawberry Candle.png | AA64: hayday.info /api/production-data (2026-10-13) + Hay Day Wiki infobox via MediaWiki API (2026-10-13) | AB64: https://hayday.fandom.com/wiki/Strawberry_Candle | AC64: Strawberry candle
A65: Raspberry Candle | B65: Candle Maker | C65: Product | D65: =IF(E65<>"",E65,IF(F65<>"",F65,"")) | E65: 52 | F65: 52 | G65: 89 | H65: 105 | I65: 89 | J65: =IF(OR(G65="",AND(H65="",I65="")),"n/a",IF(G65=I65,"mastered",IF(G65=H65,"normal","differs"))) | K65: =IF(L65<>"",L65,IF(M65<>"",M65,"")) | L65: 360 | M65: 360 | N65: =IF(O65<>"",O65,IF(P65<>"",P65,"")) | O65: 43 | P65: 43 | Q65: 22.86 | R65: 28.91 | S65: =IF(Q65="","",IF(Q65<0,"negative profit",IF(Q65>Notes!$B$4,"unusually high - verify",""))) | T65: both | U65: =IF(T65<>"both",T65&" only",IF(V65="","agree","conflict")) | V65: =IF(T65="both",TRIM(IF(AND(E65<>"",F65<>"",E65<>F65),"level ","")&IF(AND(L65<>"",M65<>"",L65<>M65),"price ","")&IF(AND(O65<>"",P65<>"",O65<>P65),"xp ","")&IF(J65="differs","time","")),"") | X65: Beeswax x1; Raspberry x2 | Y65: Raspberry Candle.png | Z65: icons/Candle Maker/Raspberry Candle.png | AA65: hayday.info /api/production-data (2026-10-13) + Hay Day Wiki infobox via MediaWiki API (2026-10-13) | AB65: https://hayday.fandom.com/wiki/Raspberry_Candle | AC65: Raspberry candle
A66: Lemon Candle | B66: Candle Maker | C66: Product | D66: =IF(E66<>"",E66,IF(F66<>"",F66,"")) | E66: 72 | F66: 72 | G66: 114 | H66: 135 | I66: 114 | J66: =IF(OR(G66="",AND(H66="",I66="")),"n/a",IF(G66=I66,"mastered",IF(G66=H66,"normal","differs"))) | K66: =IF(L66<>"",L66,IF(M66<>"",M66,"")) | L66: 457 | M66: 457 | N66: =IF(O66<>"",O66,IF(P66<>"",P66,"")) | O66: 55 | P66: 55 | Q66: 19.35 | R66: 28.76 | S66: =IF(Q66="","",IF(Q66<0,"negative profit",IF(Q66>Notes!$B$4,"unusually high - verify",""))) | T66: both | U66: =IF(T66<>"both",T66&" only",IF(V66="","agree","conflict")) | V66: =IF(T66="both",TRIM(IF(AND(E66<>"",F66<>"",E66<>F66),"level ","")&IF(AND(L66<>"",M66<>"",L66<>M66),"price ","")&IF(AND(O66<>"",P66<>"",O66<>P66),"xp ","")&IF(J66="differs","time","")),"") | X66: Beeswax x1; Lemon x2 | Y66: Lemon Candle.png | Z66: icons/Candle Maker/Lemon Candle.png | AA66: hayday.info /api/production-data (2026-10-13) + Hay Day Wiki infobox via MediaWiki API (2026-10-13) | AB66: https://hayday.fandom.com/wiki/Lemon_Candle | AC66: Lemon candle
A67: Colorful Candles | B67: Candle Maker | C67: Product | D67: =IF(E67<>"",E67,IF(F67<>"",F67,"")) | E67: 84 | F67: 84 | G67: 93 | H67: 110 | I67: 93 | J67: =IF(OR(G67="",AND(H67="",I67="")),"n/a",IF(G67=I67,"mastered",IF(G67=H67,"normal","differs"))) | K67: =IF(L67<>"",L67,IF(M67<>"",M67,"")) | L67: 324 | M67: 324 | N67: =IF(O67<>"",O67,IF(P67<>"",P67,"")) | O67: 39 | P67: 39 | Q67: 23.74 | R67: 25.03 | S67: =IF(Q67="","",IF(Q67<0,"negative profit",IF(Q67>Notes!$B$4,"unusually high - verify",""))) | T67: both | U67: =IF(T67<>"both",T67&" only",IF(V67="","agree","conflict")) | V67: =IF(T67="both",TRIM(IF(AND(E67<>"",F67<>"",E67<>F67),"level ","")&IF(AND(L67<>"",M67<>"",L67<>M67),"price ","")&IF(AND(O67<>"",P67<>"",O67<>P67),"xp ","")&IF(J67="differs","time","")),"") | X67: Beeswax x1; Raspberry x1; Carrot x1 | Y67: Colorful Candles.png | Z67: icons/Candle Maker/Colorful Candles.png | AA67: hayday.info /api/production-data (2026-10-13) + Hay Day Wiki infobox via MediaWiki API (2026-10-13) | AB67: https://hayday.fandom.com/wiki/Colorful_Candles | AC67: Colorful Candles
A68: Floral Candle | B68: Candle Maker | C68: Product | D68: =IF(E68<>"",E68,IF(F68<>"",F68,"")) | E68: 95 | F68: 95 | G68: 102 | H68: 120 | I68: 102 | J68: =IF(OR(G68="",AND(H68="",I68="")),"n/a",IF(G68=I68,"mastered",IF(G68=H68,"normal","differs"))) | K68: =IF(L68<>"",L68,IF(M68<>"",M68,"")) | L68: 442 | M68: 442 | N68: =IF(O68<>"",O68,IF(P68<>"",P68,"")) | O68: 53 | P68: 53 | Q68: 11.18 | R68: 31.18 | S68: =IF(Q68="","",IF(Q68<0,"negative profit",IF(Q68>Notes!$B$4,"unusually high - verify",""))) | T68: both | U68: =IF(T68<>"both",T68&" only",IF(V68="","agree","conflict")) | V68: =IF(T68="both",TRIM(IF(AND(E68<>"",F68<>"",E68<>F68),"level ","")&IF(AND(L68<>"",M68<>"",L68<>M68),"price ","")&IF(AND(O68<>"",P68<>"",O68<>P68),"xp ","")&IF(J68="differs","time","")),"") | X68: Beeswax x1; Peony x2; Sunflower x2; Indigo x2 | Y68: Floral Candle.png | Z68: icons/Candle Maker/Floral Candle.png | AA68: hayday.info /api/production-data (2026-10-13) + Hay Day Wiki infobox via MediaWiki API (2026-10-13) | AB68: https://hayday.fandom.com/wiki/Floral_Candle | AC68: Floral candle
A69: Caramel Apple | B69: Candy Machine | C69: Product | D69: =IF(E69<>"",E69,IF(F69<>"",F69,"")) | E69: 51 | F69: 51 | G69: 102 | H69: 120 | I69: 102 | J69: =IF(OR(G69="",AND(H69="",I69="")),"n/a",IF(G69=I69,"mastered",IF(G69=H69,"normal","differs"))) | K69: =IF(L69<>"",L69,IF(M69<>"",M69,"")) | L69: 255 | M69: 255 | N69: =IF(O69<>"",O69,IF(P69<>"",P69,"")) | O69: 31 | P69: 31 | Q69: 21.18 | R69: 18.24 | S69: =IF(Q69="","",IF(Q69<0,"negative profit",IF(Q69>Notes!$B$4,"unusually high - verify",""))) | T69: both | U69: =IF(T69<>"both",T69&" only",IF(V69="","agree","conflict")) | V69: =IF(T69="both",TRIM(IF(AND(E69<>"",F69<>"",E69<>F69),"level ","")&IF(AND(L69<>"",M69<>"",L69<>M69),"price ","")&IF(AND(O69<>"",P69<>"",O69<>P69),"xp ","")&IF(J69="differs","time","")),"") | X69: Syrup x2; Apple x1 | Y69: Caramel Apple.png | Z69: icons/Candy Machine/Caramel Apple.png | AA69: hayday.info /api/production-data (2026-10-13) + Hay Day Wiki infobox via MediaWiki API (2026-10-13) | AB69: https://hayday.fandom.com/wiki/Caramel_Apple | AC69: Caramel apple
A70: Toffee | B70: Candy Machine | C70: Product | D70: =IF(E70<>"",E70,IF(F70<>"",F70,"")) | E70: 52 | F70: 52 | G70: 76 | H70: 90 | I70: 76 | J70: =IF(OR(G70="",AND(H70="",I70="")),"n/a",IF(G70=I70,"mastered",IF(G70=H70,"normal","differs"))) | K70: =IF(L70<>"",L70,IF(M70<>"",M70,"")) | L70: 176 | M70: 176 | N70: =IF(O70<>"",O70,IF(P70<>"",P70,"")) | O70: 21 | P70: 21 | Q70: 32.16 | R70: 16.47 | S70: =IF(Q70="","",IF(Q70<0,"negative profit",IF(Q70>Notes!$B$4,"unusually high - verify",""))) | T70: both | U70: =IF(T70<>"both",T70&" only",IF(V70="","agree","conflict")) | V70: =IF(T70="both",TRIM(IF(AND(E70<>"",F70<>"",E70<>F70),"level ","")&IF(AND(L70<>"",M70<>"",L70<>M70),"price ","")&IF(AND(O70<>"",P70<>"",O70<>P70),"xp ","")&IF(J70="differs","time","")),"") | X70: Butter x1; Wheat x1; White Sugar x1 | Y70: Toffee.png | Z70: icons/Candy Machine/Toffee.png | AA70: hayday.info /api/production-data (2026-10-13) + Hay Day Wiki infobox via MediaWiki API (2026-10-13) | AB70: https://hayday.fandom.com/wiki/Toffee | AC70: Toffee
A71: Chocolate | B71: Candy Machine | C71: Product | D71: =IF(E71<>"",E71,IF(F71<>"",F71,"")) | E71: 54 | F71: 54 | G71: 1020 | H71: 1200 | I71: 1020 | J71: =IF(OR(G71="",AND(H71="",I71="")),"n/a",IF(G71=I71,"mastered",IF(G71=H71,"normal","differs"))) | K71: =IF(L71<>"",L71,IF(M71<>"",M71,"")) | L71: 460 | M71: 460 | N71: =IF(O71<>"",O71,IF(P71<>"",P71,"")) | O71: 55 | P71: 55 | Q71: 6 | R71: 3.24 | S71: =IF(Q71="","",IF(Q71<0,"negative profit",IF(Q71>Notes!$B$4,"unusually high - verify",""))) | T71: both | U71: =IF(T71<>"both",T71&" only",IF(V71="","agree","conflict")) | V71: =IF(T71="both",TRIM(IF(AND(E71<>"",F71<>"",E71<>F71),"level ","")&IF(AND(L71<>"",M71<>"",L71<>M71),"price ","")&IF(AND(O71<>"",P71<>"",O71<>P71),"xp ","")&IF(J71="differs","time","")),"") | X71: Cacao x3; Cream x1; White Sugar x1 | Y71: Chocolate.png | Z71: icons/Candy Machine/Chocolate.png | AA71: hayday.info /api/production-data (2026-10-13) + Hay Day Wiki infobox via MediaWiki API (2026-10-13) | AB71: https://hayday.fandom.com/wiki/Chocolate | AC71: Chocolate
A72: Lollipop | B72: Candy Machine | C72: Product | D72: =IF(E72<>"",E72,IF(F72<>"",F72,"")) | E72: 57 | F72: 57 | G72: 612 | H72: 720 | I72: 612 | J72: =IF(OR(G72="",AND(H72="",I72="")),"n/a",IF(G72=I72,"mastered",IF(G72=H72,"normal","differs"))) | K72: =IF(L72<>"",L72,IF(M72<>"",M72,"")) | L72: 342 | M72: 342 | N72: =IF(O72<>"",O72,IF(P72<>"",P72,"")) | O72: 41 | P72: 41 | Q72: 8.24 | R72: 4.02 | S72: =IF(Q72="","",IF(Q72<0,"negative profit",IF(Q72>Notes!$B$4,"unusually high - verify",""))) | T72: both | U72: =IF(T72<>"both",T72&" only",IF(V72="","agree","conflict")) | V72: =IF(T72="both",TRIM(IF(AND(E72<>"",F72<>"",E72<>F72),"level ","")&IF(AND(L72<>"",M72<>"",L72<>M72),"price ","")&IF(AND(O72<>"",P72<>"",O72<>P72),"xp ","")&IF(J72="differs","time","")),"") | X72: Syrup x1; Cherry x1; Strawberry x2 | Y72: Lollipop.png | Z72: icons/Candy Machine/Lollipop.png | AA72: hayday.info /api/production-data (2026-10-13) + Hay Day Wiki infobox via MediaWiki API (2026-10-13) | AB72: https://hayday.fandom.com/wiki/Lollipop | AC72: Lollipop
A73: Jelly Beans | B73: Candy Machine | C73: Product | D73: =IF(E73<>"",E73,IF(F73<>"",F73,"")) | E73: 60 | F73: 60 | G73: 1224 | H73: 1440 | I73: 1224 | J73: =IF(OR(G73="",AND(H73="",I73="")),"n/a",IF(G73=I73,"mastered",IF(G73=H73,"normal","differs"))) | K73: =IF(L73<>"",L73,IF(M73<>"",M73,"")) | L73: 684 | M73: 684 | N73: =IF(O73<>"",O73,IF(P73<>"",P73,"")) | O73: 81 | P73: 81 | Q73: -0.29 | R73: 3.97 | S73: =IF(Q73="","",IF(Q73<0,"negative profit",IF(Q73>Notes!$B$4,"unusually high - verify",""))) | T73: both | U73: =IF(T73<>"both",T73&" only",IF(V73="","agree","conflict")) | V73: =IF(T73="both",TRIM(IF(AND(E73<>"",F73<>"",E73<>F73),"level ","")&IF(AND(L73<>"",M73<>"",L73<>M73),"price ","")&IF(AND(O73<>"",P73<>"",O73<>P73),"xp ","")&IF(J73="differs","time","")),"") | X73: Blackberry Jam x1; Raspberry Jam x1; White Sugar x1 | Y73: Jelly Beans.png | Z73: icons/Candy Machine/Jelly Beans.png | AA73: hayday.info /api/production-data (2026-10-13) + Hay Day Wiki infobox via MediaWiki API (2026-10-13) | AB73: https://hayday.fandom.com/wiki/Jelly_Beans | AC73: Jelly beans
A74: Honey Peanuts | B74: Candy Machine | C74: Product | D74: =IF(E74<>"",E74,IF(F74<>"",F74,"")) | E74: 63 | F74: 63 | G74: 34 | H74: 40 | I74: 34 | J74: =IF(OR(G74="",AND(H74="",I74="")),"n/a",IF(G74=I74,"mastered",IF(G74=H74,"normal","differs"))) | K74: =IF(L74<>"",L74,IF(M74<>"",M74,"")) | L74: 540 | M74: 468 | N74: =IF(O74<>"",O74,IF(P74<>"",P74,"")) | O74: 64 | P74: 64 | Q74: 268.24 | R74: 112.94 | S74: =IF(Q74="","",IF(Q74<0,"negative profit",IF(Q74>Notes!$B$4,"unusually high - verify",""))) | T74: both | U74: =IF(T74<>"both",T74&" only",IF(V74="","agree","conflict")) | V74: =IF(T74="both",TRIM(IF(AND(E74<>"",F74<>"",E74<>F74),"level ","")&IF(AND(L74<>"",M74<>"",L74<>M74),"price ","")&IF(AND(O74<>"",P74<>"",O74<>P74),"xp ","")&IF(J74="differs","time","")),"") | X74: Honey x1; Peanuts x1 | Y74: Honey Peanuts.png | Z74: icons/Candy Machine/Honey Peanuts.png | AA74: hayday.info /api/production-data (2026-10-13) + Hay Day Wiki infobox via MediaWiki API (2026-10-13) | AB74: https://hayday.fandom.com/wiki/Honey_Peanuts | AC74: Honey peanuts
A75: Cotton Candy | B75: Candy Machine | C75: Product | D75: =IF(E75<>"",E75,IF(F75<>"",F75,"")) | E75: 75 | F75: 75 | G75: 25 | H75: 30 | I75: 25 | J75: =IF(OR(G75="",AND(H75="",I75="")),"n/a",IF(G75=I75,"mastered",IF(G75=H75,"normal","differs"))) | K75: =IF(L75<>"",L75,IF(M75<>"",M75,"")) | L75: 226 | M75: 226 | N75: =IF(O75<>"",O75,IF(P75<>"",P75,"")) | O75: 27 | P75: 27 | Q75: 61.18 | R75: 63.53 | S75: =IF(Q75="","",IF(Q75<0,"negative profit",IF(Q75>Notes!$B$4,"unusually high - verify",""))) | T75: both | U75: =IF(T75<>"both",T75&" only",IF(V75="","agree","conflict")) | V75: =IF(T75="both",TRIM(IF(AND(E75<>"",F75<>"",E75<>F75),"level ","")&IF(AND(L75<>"",M75<>"",L75<>M75),"price ","")&IF(AND(O75<>"",P75<>"",O75<>P75),"xp ","")&IF(J75="differs","time","")),"") | X75: White Sugar x3; Strawberry x1 | Y75: Cotton Candy.png | Z75: icons/Candy Machine/Cotton Candy.png | AA75: hayday.info /api/production-data (2026-10-13) + Hay Day Wiki infobox via MediaWiki API (2026-10-13) | AB75: https://hayday.fandom.com/wiki/Cotton_Candy | AC75: Cotton Candy
... A83: Iced Banana Latte | B83: Coffee Kiosk | C83: Product | D83: =IF(E83<>"",E83,IF(F83<>"",F83,"")) | E83: 88 | F83: 88 | G83: 17 | H83: 20 | I83: 17 | J83: =IF(OR(G83="",AND(H83="",I83="")),"n/a",IF(G83=I83,"mastered",IF(G83=H83,"normal","differs"))) | K83: =IF(L83<>"",L83,IF(M83<>"",M83,"")) | L83: 277 | M83: 277 | N83: =IF(O83<>"",O83,IF(P83<>"",P83,"")) | O83: 33 | P83: 33 | Q83: 45.88 | R83: 116.47 | S83: =IF(Q83="","",IF(Q83<0,"negative profit",IF(Q83>Notes!$B$4,"unusually high - verify",""))) | T83: both | U83: =IF(T83<>"both",T83&" only",IF(V83="","agree","conflict")) | V83: =IF(T83="both",TRIM(IF(AND(E83<>"",F83<>"",E83<>F83),"level ","")&IF(AND(L83<>"",M83<>"",L83<>M83),"price ","")&IF(AND(O83<>"",P83<>"",O83<>P83),"xp ","")&IF(J83="differs","time","")),"") | X83: Banana x1; Coffee Bean x2; Milk x1 | Y83: Iced Banana Latte.png | Z83: icons/Coffee Kiosk/Iced Banana Latte.png | AA83: hayday.info /api/production-data (2026-10-13) + Hay Day Wiki infobox via MediaWiki API (2026-10-13) | AB83: https://hayday.fandom.com/wiki/Iced_Banana_Latte | AC83: Iced banana latte
A84: Wheat | B84: Crops | C84: Crop | D84: =IF(E84<>"",E84,IF(F84<>"",F84,"")) | E84: 1 | F84: 1 | G84: 2 | H84: 2 | J84: =IF(OR(G84="",AND(H84="",I84="")),"n/a",IF(G84=I84,"mastered",IF(G84=H84,"normal","differs"))) | K84: =IF(L84<>"",L84,IF(M84<>"",M84,"")) | L84: 3 | M84: 3 | N84: =IF(O84<>"",O84,IF(P84<>"",P84,"")) | O84: 1 | P84: 1 | Q84: 90 | R84: 30 | S84: =IF(Q84="","",IF(Q84<0,"negative profit",IF(Q84>Notes!$B$4,"unusually high - verify",""))) | T84: both | U84: =IF(T84<>"both",T84&" only",IF(V84="","agree","conflict")) | V84: =IF(T84="both",TRIM(IF(AND(E84<>"",F84<>"",E84<>F84),"level ","")&IF(AND(L84<>"",M84<>"",L84<>M84),"price ","")&IF(AND(O84<>"",P84<>"",O84<>P84),"xp ","")&IF(J84="differs","time","")),"") | Y84: Wheat.png | Z84: icons/Crops/Wheat.png | AA84: hayday.info /api/production-data (2026-10-13) + Hay Day Wiki infobox via MediaWiki API (2026-10-13) | AB84: https://hayday.fandom.com/wiki/Wheat | AC84: Wheat
A85: Corn | B85: Crops | C85: Crop | D85: =IF(E85<>"",E85,IF(F85<>"",F85,"")) | E85: 2 | F85: 2 | G85: 5 | H85: 5 | J85: =IF(OR(G85="",AND(H85="",I85="")),"n/a",IF(G85=I85,"mastered",IF(G85=H85,"normal","differs"))) | K85: =IF(L85<>"",L85,IF(M85<>"",M85,"")) | L85: 7 | M85: 7 | N85: =IF(O85<>"",O85,IF(P85<>"",P85,"")) | O85: 1 | P85: 1 | Q85: 84 | R85: 12 | S85: =IF(Q85="","",IF(Q85<0,"negative profit",IF(Q85>Notes!$B$4,"unusually high - verify",""))) | T85: both | U85: =IF(T85<>"both",T85&" only",IF(V85="","agree","conflict")) | V85: =IF(T85="both",TRIM(IF(AND(E85<>"",F85<>"",E85<>F85),"level ","")&IF(AND(L85<>"",M85<>"",L85<>M85),"price ","")&IF(AND(O85<>"",P85<>"",O85<>P85),"xp ","")&IF(J85="differs","time","")),"") | Y85: Corn.png | Z85: icons/Crops/Corn.png | AA85: hayday.info /api/production-data (2026-10-13) + Hay Day Wiki infobox via MediaWiki API (2026-10-13) | AB85: https://hayday.fandom.com/wiki/Corn | AC85: Corn
A86: Soybean | B86: Crops | C86: Crop | D86: =IF(E86<>"",E86,IF(F86<>"",F86,"")) | E86: 5 | F86: 5 | G86: 20 | H86: 20 | J86: =IF(OR(G86="",AND(H86="",I86="")),"n/a",IF(G86=I86,"mastered",IF(G86=H86,"normal","differs"))) | K86: =IF(L86<>"",L86,IF(M86<>"",M86,"")) | L86: 10 | M86: 10 | N86: =IF(O86<>"",O86,IF(P86<>"",P86,"")) | O86: 2 | P86: 2 | Q86: 30 | R86: 6 | S86: =IF(Q86="","",IF(Q86<0,"negative profit",IF(Q86>Notes!$B$4,"unusually high - verify",""))) | T86: both | U86: =IF(T86<>"both",T86&" only",IF(V86="","agree","conflict")) | V86: =IF(T86="both",TRIM(IF(AND(E86<>"",F86<>"",E86<>F86),"level ","")&IF(AND(L86<>"",M86<>"",L86<>M86),"price ","")&IF(AND(O86<>"",P86<>"",O86<>P86),"xp ","")&IF(J86="differs","time","")),"") | Y86: Soybean.png | Z86: icons/Crops/Soybean.png | AA86: hayday.info /api/production-data (2026-10-13) + Hay Day Wiki infobox via MediaWiki API (2026-10-13) | AB86: https://hayday.fandom.com/wiki/Soybean | AC86: Soybean
A87: Sugarcane | B87: Crops | C87: Crop | D87: =IF(E87<>"",E87,IF(F87<>"",F87,"")) | E87: 7 | F87: 7 | G87: 30 | H87: 30 | J87: =IF(OR(G87="",AND(H87="",I87="")),"n/a",IF(G87=I87,"mastered",IF(G87=H87,"normal","differs"))) | K87: =IF(L87<>"",L87,IF(M87<>"",M87,"")) | L87: 14 | M87: 14 | N87: =IF(O87<>"",O87,IF(P87<>"",P87,"")) | O87: 3 | P87: 3 | Q87: 28 | R87: 6 | S87: =IF(Q87="","",IF(Q87<0,"negative profit",IF(Q87>Notes!$B$4,"unusually high - verify",""))) | T87: both | U87: =IF(T87<>"both",T87&" only",IF(V87="","agree","conflict")) | V87: =IF(T87="both",TRIM(IF(AND(E87<>"",F87<>"",E87<>F87),"level ","")&IF(AND(L87<>"",M87<>"",L87<>M87),"price ","")&IF(AND(O87<>"",P87<>"",O87<>P87),"xp ","")&IF(J87="differs","time","")),"") | Y87: Sugarcane.png | Z87: icons/Crops/Sugarcane.png | AA87: hayday.info /api/production-data (2026-10-13) + Hay Day Wiki infobox via MediaWiki API (2026-10-13) | AB87: https://hayday.fandom.com/wiki/Sugarcane | AC87: Sugarcane
A88: Carrot | B88: Crops | C88: Crop | D88: =IF(E88<>"",E88,IF(F88<>"",F88,"")) | E88: 9 | F88: 9 | G88: 10 | H88: 10 | J88: =IF(OR(G88="",AND(H88="",I88="")),"n/a",IF(G88=I88,"mastered",IF(G88=H88,"normal","differs"))) | K88: =IF(L88<>"",L88,IF(M88<>"",M88,"")) | L88: 7 | M88: 7 | N88: =IF(O88<>"",O88,IF(P88<>"",P88,"")) | O88: 2 | P88: 2 | Q88: 42 | R88: 12 | S88: =IF(Q88="","",IF(Q88<0,"negative profit",IF(Q88>Notes!$B$4,"unusually high - verify",""))) | T88: both | U88: =IF(T88<>"both",T88&" only",IF(V88="","agree","conflict")) | V88: =IF(T88="both",TRIM(IF(AND(E88<>"",F88<>"",E88<>F88),"level ","")&IF(AND(L88<>"",M88<>"",L88<>M88),"price ","")&IF(AND(O88<>"",P88<>"",O88<>P88),"xp ","")&IF(J88="differs","time","")),"") | Y88: Carrot.png | Z88: icons/Crops/Carrot.png | AA88: hayday.info /api/production-data (2026-10-13) + Hay Day Wiki infobox via MediaWiki API (2026-10-13) | AB88: https://hayday.fandom.com/wiki/Carrot | AC88: Carrot
A89: Indigo | B89: Crops | C89: Crop | D89: =IF(E89<>"",E89,IF(F89<>"",F89,"")) | E89: 13 | F89: 13 | G89: 120 | H89: 120 | J89: =IF(OR(G89="",AND(H89="",I89="")),"n/a",IF(G89=I89,"mastered",IF(G89=H89,"normal","differs"))) | K89: =IF(L89<>"",L89,IF(M89<>"",M89,"")) | L89: 25 | M89: 25 | N89: =IF(O89<>"",O89,IF(P89<>"",P89,"")) | O89: 5 | P89: 5 | Q89: 12.5 | R89: 2.5 | S89: =IF(Q89="","",IF(Q89<0,"negative profit",IF(Q89>Notes!$B$4,"unusually high - verify",""))) | T89: both | U89: =IF(T89<>"both",T89&" only",IF(V89="","agree","conflict")) | V89: =IF(T89="both",TRIM(IF(AND(E89<>"",F89<>"",E89<>F89),"level ","")&IF(AND(L89<>"",M89<>"",L89<>M89),"price ","")&IF(AND(O89<>"",P89<>"",O89<>P89),"xp ","")&IF(J89="differs","time","")),"") | Y89: Indigo.png | Z89: icons/Crops/Indigo.png | AA89: hayday.info /api/production-data (2026-10-13) + Hay Day Wiki infobox via MediaWiki API (2026-10-13) | AB89: https://hayday.fandom.com/wiki/Indigo | AC89: Indigo
A90: Pumpkin | B90: Crops | C90: Crop | D90: =IF(E90<>"",E90,IF(F90<>"",F90,"")) | E90: 15 | F90: 15 | G90: 180 | H90: 180 | J90: =IF(OR(G90="",AND(H90="",I90="")),"n/a",IF(G90=I90,"mastered",IF(G90=H90,"normal","differs"))) | K90: =IF(L90<>"",L90,IF(M90<>"",M90,"")) | L90: 32 | M90: 32 | N90: =IF(O90<>"",O90,IF(P90<>"",P90,"")) | O90: 6 | P90: 6 | Q90: 10.67 | R90: 2 | S90: =IF(Q90="","",IF(Q90<0,"negative profit",IF(Q90>Notes!$B$4,"unusually high - verify",""))) | T90: both | U90: =IF(T90<>"both",T90&" only",IF(V90="","agree","conflict")) | V90: =IF(T90="both",TRIM(IF(AND(E90<>"",F90<>"",E90<>F90),"level ","")&IF(AND(L90<>"",M90<>"",L90<>M90),"price ","")&IF(AND(O90<>"",P90<>"",O90<>P90),"xp ","")&IF(J90="differs","time","")),"") | Y90: Pumpkin.png | Z90: icons/Crops/Pumpkin.png | AA90: hayday.info /api/production-data (2026-10-13) + Hay Day Wiki infobox via MediaWiki API (2026-10-13) | AB90: https://hayday.fandom.com/wiki/Pumpkin | AC90: Pumpkin
A91: Cotton | B91: Crops | C91: Crop | D91: =IF(E91<>"",E91,IF(F91<>"",F91,"")) | E91: 18 | F91: 18 | G91: 150 | H91: 150 | J91: =IF(OR(G91="",AND(H91="",I91="")),"n/a",IF(G91=I91,"mastered",IF(G91=H91,"normal","differs"))) | K91: =IF(L91<>"",L91,IF(M91<>"",M91,"")) | L91: 28 | M91: 28 | N91: =IF(O91<>"",O91,IF(P91<>"",P91,"")) | O91: 6 | P91: 6 | Q91: 11.2 | R91: 2.4 | S91: =IF(Q91="","",IF(Q91<0,"negative profit",IF(Q91>Notes!$B$4,"unusually high - verify",""))) | T91: both | U91: =IF(T91<>"both",T91&" only",IF(V91="","agree","conflict")) | V91: =IF(T91="both",TRIM(IF(AND(E91<>"",F91<>"",E91<>F91),"level ","")&IF(AND(L91<>"",M91<>"",L91<>M91),"price ","")&IF(AND(O91<>"",P91<>"",O91<>P91),"xp ","")&IF(J91="differs","time","")),"") | Y91: Cotton.png | Z91: icons/Crops/Cotton.png | AA91: hayday.info /api/production-data (2026-10-13) + Hay Day Wiki infobox via MediaWiki API (2026-10-13) | AB91: https://hayday.fandom.com/wiki/Cotton | AC91: Cotton
A92: Chili Pepper | B92: Crops | C92: Crop | D92: =IF(E92<>"",E92,IF(F92<>"",F92,"")) | E92: 25 | F92: 25 | G92: 240 | H92: 240 | J92: =IF(OR(G92="",AND(H92="",I92="")),"n/a",IF(G92=I92,"mastered",IF(G92=H92,"normal","differs"))) | K92: =IF(L92<>"",L92,IF(M92<>"",M92,"")) | L92: 36 | M92: 36 | N92: =IF(O92<>"",O92,IF(P92<>"",P92,"")) | O92: 4 | P92: 7 | Q92: 9 | R92: 1 | S92: =IF(Q92="","",IF(Q92<0,"negative profit",IF(Q92>Notes!$B$4,"unusually high - verify",""))) | T92: both | U92: =IF(T92<>"both",T92&" only",IF(V92="","agree","conflict")) | V92: =IF(T92="both",TRIM(IF(AND(E92<>"",F92<>"",E92<>F92),"level ","")&IF(AND(L92<>"",M92<>"",L92<>M92),"price ","")&IF(AND(O92<>"",P92<>"",O92<>P92),"xp ","")&IF(J92="differs","time","")),"") | Y92: Chili Pepper.png | Z92: icons/Crops/Chili Pepper.png | AA92: hayday.info /api/production-data (2026-10-13) + Hay Day Wiki infobox via MediaWiki API (2026-10-13) | AB92: https://hayday.fandom.com/wiki/Chili_Pepper | AC92: Chili pepper
A93: Tomato | B93: Crops | C93: Crop | D93: =IF(E93<>"",E93,IF(F93<>"",F93,"")) | E93: 30 | F93: 30 | G93: 360 | H93: 360 | J93: =IF(OR(G93="",AND(H93="",I93="")),"n/a",IF(G93=I93,"mastered",IF(G93=H93,"normal","differs"))) | K93: =IF(L93<>"",L93,IF(M93<>"",M93,"")) | L93: 43 | M93: 43 | N93: =IF(O93<>"",O93,IF(P93<>"",P93,"")) | O93: 8 | P93: 8 | Q93: 7.17 | R93: 1.33 | S93: =IF(Q93="","",IF(Q93<0,"negative profit",IF(Q93>Notes!$B$4,"unusually high - verify",""))) | T93: both | U93: =IF(T93<>"both",T93&" only",IF(V93="","agree","conflict")) | V93: =IF(T93="both",TRIM(IF(AND(E93<>"",F93<>"",E93<>F93),"level ","")&IF(AND(L93<>"",M93<>"",L93<>M93),"price ","")&IF(AND(O93<>"",P93<>"",O93<>P93),"xp ","")&IF(J93="differs","time","")),"") | Y93: Tomato.png | Z93: icons/Crops/Tomato.png | AA93: hayday.info /api/production-data (2026-10-13) + Hay Day Wiki infobox via MediaWiki API (2026-10-13) | AB93: https://hayday.fandom.com/wiki/Tomato | AC93: Tomato
A94: Strawberry | B94: Crops | C94: Crop | D94: =IF(E94<>"",E94,IF(F94<>"",F94,"")) | E94: 34 | F94: 34 | G94: 480 | H94: 480 | J94: =IF(OR(G94="",AND(H94="",I94="")),"n/a",IF(G94=I94,"mastered",IF(G94=H94,"normal","differs"))) | K94: =IF(L94<>"",L94,IF(M94<>"",M94,"")) | L94: 50 | M94: 50 | N94: =IF(O94<>"",O94,IF(P94<>"",P94,"")) | O94: 10 | P94: 10 | Q94: 6.25 | R94: 1.25 | S94: =IF(Q94="","",IF(Q94<0,"negative profit",IF(Q94>Notes!$B$4,"unusually high - verify",""))) | T94: both | U94: =IF(T94<>"both",T94&" only",IF(V94="","agree","conflict")) | V94: =IF(T94="both",TRIM(IF(AND(E94<>"",F94<>"",E94<>F94),"level ","")&IF(AND(L94<>"",M94<>"",L94<>M94),"price ","")&IF(AND(O94<>"",P94<>"",O94<>P94),"xp ","")&IF(J94="differs","time","")),"") | Y94: Strawberry.png | Z94: icons/Crops/Strawberry.png | AA94: hayday.info /api/production-data (2026-10-13) + Hay Day Wiki infobox via MediaWiki API (2026-10-13) | AB94: https://hayday.fandom.com/wiki/Strawberry | AC94: Strawberry
A95: Potato | B95: Crops | C95: Crop | D95: =IF(E95<>"",E95,IF(F95<>"",F95,"")) | E95: 35 | F95: 35 | G95: 220 | H95: 220 | J95: =IF(OR(G95="",AND(H95="",I95="")),"n/a",IF(G95=I95,"mastered",IF(G95=H95,"normal","differs"))) | K95: =IF(L95<>"",L95,IF(M95<>"",M95,"")) | L95: 36 | M95: 36 | N95: =IF(O95<>"",O95,IF(P95<>"",P95,"")) | O95: 7 | P95: 7 | Q95: 9.82 | R95: 1.91 | S95: =IF(Q95="","",IF(Q95<0,"negative profit",IF(Q95>Notes!$B$4,"unusually high - verify",""))) | T95: both | U95: =IF(T95<>"both",T95&" only",IF(V95="","agree","conflict")) | V95: =IF(T95="both",TRIM(IF(AND(E95<>"",F95<>"",E95<>F95),"level ","")&IF(AND(L95<>"",M95<>"",L95<>M95),"price ","")&IF(AND(O95<>"",P95<>"",O95<>P95),"xp ","")&IF(J95="differs","time","")),"") | Y95: Potato.png | Z95: icons/Crops/Potato.png | AA95: hayday.info /api/production-data (2026-10-13) + Hay Day Wiki infobox via MediaWiki API (2026-10-13) | AB95: https://hayday.fandom.com/wiki/Potato | AC95: Potato
... A119: Chickpea | B119: Crops | C119: Crop | D119: =IF(E119<>"",E119,IF(F119<>"",F119,"")) | E119: 95 | F119: 95 | G119: 60 | H119: 60 | J119: =IF(OR(G119="",AND(H119="",I119="")),"n/a",IF(G119=I119,"mastered",IF(G119=H119,"normal","differs"))) | K119: =IF(L119<>"",L119,IF(M119<>"",M119,"")) | L119: 18 | M119: 18 | N119: =IF(O119<>"",O119,IF(P119<>"",P119,"")) | O119: 4 | P119: 4 | Q119: 18 | R119: 4 | S119: =IF(Q119="","",IF(Q119<0,"negative profit",IF(Q119>Notes!$B$4,"unusually high - verify",""))) | T119: both | U119: =IF(T119<>"both",T119&" only",IF(V119="","agree","conflict")) | V119: =IF(T119="both",TRIM(IF(AND(E119<>"",F119<>"",E119<>F119),"level ","")&IF(AND(L119<>"",M119<>"",L119<>M119),"price ","")&IF(AND(O119<>"",P119<>"",O119<>P119),"xp ","")&IF(J119="differs","time","")),"") | Y119: Chickpea.png | Z119: icons/Crops/Chickpea.png | AA119: hayday.info /api/production-data (2026-10-13) + Hay Day Wiki infobox via MediaWiki API (2026-10-13) | AB119: https://hayday.fandom.com/wiki/Chickpea | AC119: Chickpea
A120: Black Bean | B120: Crops | C120: Crop | D120: =IF(E120<>"",E120,IF(F120<>"",F120,"")) | F120: 25 | H120: 10 | J120: =IF(OR(G120="",AND(H120="",I120="")),"n/a",IF(G120=I120,"mastered",IF(G120=H120,"normal","differs"))) | K120: =IF(L120<>"",L120,IF(M120<>"",M120,"")) | M120: 7 | N120: =IF(O120<>"",O120,IF(P120<>"",P120,"")) | P120: 2 | S120: =IF(Q120="","",IF(Q120<0,"negative profit",IF(Q120>Notes!$B$4,"unusually high - verify",""))) | T120: Fandom | U120: =IF(T120<>"both",T120&" only",IF(V120="","agree","conflict")) | V120: =IF(T120="both",TRIM(IF(AND(E120<>"",F120<>"",E120<>F120),"level ","")&IF(AND(L120<>"",M120<>"",L120<>M120),"price ","")&IF(AND(O120<>"",P120<>"",O120<>P120),"xp ","")&IF(J120="differs","time","")),"") | Y120: Black Bean.png | Z120: icons/Crops/Black Bean.png | AA120: Hay Day Wiki infobox via MediaWiki API (2026-10-13) | AB120: https://hayday.fandom.com/wiki/Black_Bean
A121: Chamomile | B121: Crops | C121: Crop | D121: =IF(E121<>"",E121,IF(F121<>"",F121,"")) | F121: 45 | H121: 20 | J121: =IF(OR(G121="",AND(H121="",I121="")),"n/a",IF(G121=I121,"mastered",IF(G121=H121,"normal","differs"))) | K121: =IF(L121<>"",L121,IF(M121<>"",M121,"")) | M121: 10 | N121: =IF(O121<>"",O121,IF(P121<>"",P121,"")) | P121: 2 | S121: =IF(Q121="","",IF(Q121<0,"negative profit",IF(Q121>Notes!$B$4,"unusually high - verify",""))) | T121: Fandom | U121: =IF(T121<>"both",T121&" only",IF(V121="","agree","conflict")) | V121: =IF(T121="both",TRIM(IF(AND(E121<>"",F121<>"",E121<>F121),"level ","")&IF(AND(L121<>"",M121<>"",L121<>M121),"price ","")&IF(AND(O121<>"",P121<>"",O121<>P121),"xp ","")&IF(J121="differs","time","")),"") | Y121: Chamomile.png | Z121: icons/Crops/Chamomile.png | AA121: Hay Day Wiki infobox via MediaWiki API (2026-10-13) | AB121: https://hayday.fandom.com/wiki/Chamomile
A122: Asparagus | B122: Crops | C122: Crop | D122: =IF(E122<>"",E122,IF(F122<>"",F122,"")) | F122: 49 | H122: 360 | J122: =IF(OR(G122="",AND(H122="",I122="")),"n/a",IF(G122=I122,"mastered",IF(G122=H122,"normal","differs"))) | K122: =IF(L122<>"",L122,IF(M122<>"",M122,"")) | M122: 43 | N122: =IF(O122<>"",O122,IF(P122<>"",P122,"")) | P122: 8 | S122: =IF(Q122="","",IF(Q122<0,"negative profit",IF(Q122>Notes!$B$4,"unusually high - verify",""))) | T122: Fandom | U122: =IF(T122<>"both",T122&" only",IF(V122="","agree","conflict")) | V122: =IF(T122="both",TRIM(IF(AND(E122<>"",F122<>"",E122<>F122),"level ","")&IF(AND(L122<>"",M122<>"",L122<>M122),"price ","")&IF(AND(O122<>"",P122<>"",O122<>P122),"xp ","")&IF(J122="differs","time","")),"") | Y122: Asparagus.png | Z122: icons/Crops/Asparagus.png | AA122: Hay Day Wiki infobox via MediaWiki API (2026-10-13) | AB122: https://hayday.fandom.com/wiki/Asparagus
A123: Oats | B123: Crops | C123: Crop | D123: =IF(E123<>"",E123,IF(F123<>"",F123,"")) | F123: 119 | H123: 7 | J123: =IF(OR(G123="",AND(H123="",I123="")),"n/a",IF(G123=I123,"mastered",IF(G123=H123,"normal","differs"))) | K123: =IF(L123<>"",L123,IF(M123<>"",M123,"")) | M123: 7 | N123: =IF(O123<>"",O123,IF(P123<>"",P123,"")) | P123: 1 | S123: =IF(Q123="","",IF(Q123<0,"negative profit",IF(Q123>Notes!$B$4,"unusually high - verify",""))) | T123: Fandom | U123: =IF(T123<>"both",T123&" only",IF(V123="","agree","conflict")) | V123: =IF(T123="both",TRIM(IF(AND(E123<>"",F123<>"",E123<>F123),"level ","")&IF(AND(L123<>"",M123<>"",L123<>M123),"price ","")&IF(AND(O123<>"",P123<>"",O123<>P123),"xp ","")&IF(J123="differs","time","")),"") | Y123: Oats.png | Z123: icons/Crops/Oats.png | AA123: Hay Day Wiki infobox via MediaWiki API (2026-10-13) | AB123: https://hayday.fandom.com/wiki/Oats
A124: Guava Cupcake | B124: Cupcake Maker | C124: Product | D124: =IF(E124<>"",E124,IF(F124<>"",F124,"")) | E124: 109 | F124: 109 | G124: 70 | H124: 70 | I124: 59 | J124: =IF(OR(G124="",AND(H124="",I124="")),"n/a",IF(G124=I124,"mastered",IF(G124=H124,"normal","differs"))) | K124: =IF(L124<>"",L124,IF(M124<>"",M124,"")) | L124: 583 | M124: 583 | N124: =IF(O124<>"",O124,IF(P124<>"",P124,"")) | O124: 70 | P124: 70 | Q124: 26.57 | R124: 60 | S124: =IF(Q124="","",IF(Q124<0,"negative profit",IF(Q124>Notes!$B$4,"unusually high - verify",""))) | T124: both | U124: =IF(T124<>"both",T124&" only",IF(V124="","agree","conflict")) | V124: =IF(T124="both",TRIM(IF(AND(E124<>"",F124<>"",E124<>F124),"level ","")&IF(AND(L124<>"",M124<>"",L124<>M124),"price ","")&IF(AND(O124<>"",P124<>"",O124<>P124),"xp ","")&IF(J124="differs","time","")),"") | X124: Plain Cupcake x1; Guava x2; Cream x1 | Y124: Guava Cupcake.png | Z124: icons/Cupcake Maker/Guava Cupcake.png | AA124: hayday.info /api/production-data (2026-10-13) + Hay Day Wiki infobox via MediaWiki API (2026-10-13) | AB124: https://hayday.fandom.com/wiki/Guava_Cupcake | AC124: Guava Cupcake
A125: Plain Cupcake | B125: Cupcake Maker | C125: Product | D125: =IF(E125<>"",E125,IF(F125<>"",F125,"")) | E125: 109 | F125: 109 | G125: 40 | H125: 40 | I125: 34 | J125: =IF(OR(G125="",AND(H125="",I125="")),"n/a",IF(G125=I125,"mastered",IF(G125=H125,"normal","differs"))) | K125: =IF(L125<>"",L125,IF(M125<>"",M125,"")) | L125: 280 | M125: 280 | N125: =IF(O125<>"",O125,IF(P125<>"",P125,"")) | O125: 34 | P125: 34 | Q125: 43.5 | R125: 51 | S125: =IF(Q125="","",IF(Q125<0,"negative profit",IF(Q125>Notes!$B$4,"unusually high - verify",""))) | T125: both | U125: =IF(T125<>"both",T125&" only",IF(V125="","agree","conflict")) | V125: =IF(T125="both",TRIM(IF(AND(E125<>"",F125<>"",E125<>F125),"level ","")&IF(AND(L125<>"",M125<>"",L125<>M125),"price ","")&IF(AND(O125<>"",P125<>"",O125<>P125),"xp ","")&IF(J125="differs","time","")),"") | X125: Milk x2; White Sugar x3; Egg x1; Wheat x5 | Y125: Plain Cupcake.png | Z125: icons/Cupcake Maker/Plain Cupcake.png | AA125: hayday.info /api/production-data (2026-10-13) + Hay Day Wiki infobox via MediaWiki API (2026-10-13) | AB125: https://hayday.fandom.com/wiki/Plain_Cupcake | AC125: Plain Cupcake
A126: Tropical Cupcake | B126: Cupcake Maker | C126: Product | D126: =IF(E126<>"",E126,IF(F126<>"",F126,"")) | E126: 112 | F126: 112 | G126: 90 | H126: 90 | I126: 76 | J126: =IF(OR(G126="",AND(H126="",I126="")),"n/a",IF(G126=I126,"mastered",IF(G126=H126,"normal","differs"))) | K126: =IF(L126<>"",L126,IF(M126<>"",M126,"")) | L126: 572 | M126: 572 | N126: =IF(O126<>"",O126,IF(P126<>"",P126,"")) | O126: 68 | P126: 68 | Q126: 22.67 | R126: 45.33 | S126: =IF(Q126="","",IF(Q126<0,"negative profit",IF(Q126>Notes!$B$4,"unusually high - verify",""))) | T126: both | U126: =IF(T126<>"both",T126&" only",IF(V126="","agree","conflict")) | V126: =IF(T126="both",TRIM(IF(AND(E126<>"",F126<>"",E126<>F126),"level ","")&IF(AND(L126<>"",M126<>"",L126<>M126),"price ","")&IF(AND(O126<>"",P126<>"",O126<>P126),"xp ","")&IF(J126="differs","time","")),"") | X126: Plain Cupcake x1; Pineapple x3; Coconut x2 | Y126: Tropical Cupcake.png | Z126: icons/Cupcake Maker/Tropical Cupcake.png | AA126: hayday.info /api/production-data (2026-10-13) + Hay Day Wiki infobox via MediaWiki API (2026-10-13) | AB126: https://hayday.fandom.com/wiki/Tropical_Cupcake | AC126: Tropical Cupcake
A127: Cookie Cupcake | B127: Cupcake Maker | C127: Product | D127: =IF(E127<>"",E127,IF(F127<>"",F127,"")) | E127: 114 | F127: 114 | G127: 120 | H127: 120 | I127: 102 | J127: =IF(OR(G127="",AND(H127="",I127="")),"n/a",IF(G127=I127,"mastered",IF(G127=H127,"normal","differs"))) | K127: =IF(L127<>"",L127,IF(M127<>"",M127,"")) | L127: 712 | M127: 712 | N127: =IF(O127<>"",O127,IF(P127<>"",P127,"")) | O127: 85 | P127: 85 | Q127: 69 | R127: 42.5 | S127: =IF(Q127="","",IF(Q127<0,"negative profit",IF(Q127>Notes!$B$4,"unusually high - verify",""))) | T127: both | U127: =IF(T127<>"both",T127&" only",IF(V127="","agree","conflict")) | V127: =IF(T127="both",TRIM(IF(AND(E127<>"",F127<>"",E127<>F127),"level ","")&IF(AND(L127<>"",M127<>"",L127<>M127),"price ","")&IF(AND(O127<>"",P127<>"",O127<>P127),"xp ","")&IF(J127="differs","time","")),"") | X127: Plain Cupcake x1; Cream x2; Cookie x2; Cacao x1 | Y127: Cookie Cupcake.png | Z127: icons/Cupcake Maker/Cookie Cupcake.png | AA127: hayday.info /api/production-data (2026-10-13) + Hay Day Wiki infobox via MediaWiki API (2026-10-13) | AB127: https://hayday.fandom.com/wiki/Cookie_Cupcake | AC127: Cookie Cupcake
A128: Cream | B128: Dairy | C128: Product | D128: =IF(E128<>"",E128,IF(F128<>"",F128,"")) | E128: 6 | F128: 6 | G128: 17 | H128: 20 | I128: 17 | J128: =IF(OR(G128="",AND(H128="",I128="")),"n/a",IF(G128=I128,"mastered",IF(G128=H128,"normal","differs"))) | K128: =IF(L128<>"",L128,IF(M128<>"",M128,"")) | L128: 50 | M128: 50 | N128: =IF(O128<>"",O128,IF(P128<>"",P128,"")) | O128: 6 | P128: 6 | Q128: 63.53 | R128: 21.18 | S128: =IF(Q128="","",IF(Q128<0,"negative profit",IF(Q128>Notes!$B$4,"unusually high - verify",""))) | T128: both | U128: =IF(T128<>"both",T128&" only",IF(V128="","agree","conflict")) | V128: =IF(T128="both",TRIM(IF(AND(E128<>"",F128<>"",E128<>F128),"level ","")&IF(AND(L128<>"",M128<>"",L128<>M128),"price ","")&IF(AND(O128<>"",P128<>"",O128<>P128),"xp ","")&IF(J128="differs","time","")),"") | X128: Milk x1 | Y128: Cream.png | Z128: icons/Dairy/Cream.png | AA128: hayday.info /api/production-data (2026-10-13) + Hay Day Wiki infobox via MediaWiki API (2026-10-13) | AB128: https://hayday.fandom.com/wiki/Cream | AC128: Cream
A129: Butter | B129: Dairy | C129: Product | D129: =IF(E129<>"",E129,IF(F129<>"",F129,"")) | E129: 9 | F129: 9 | G129: 25 | H129: 30 | I129: 25 | J129: =IF(OR(G129="",AND(H129="",I129="")),"n/a",IF(G129=I129,"mastered",IF(G129=H129,"normal","differs"))) | K129: =IF(L129<>"",L129,IF(M129<>"",M129,"")) | L129: 82 | M129: 82 | N129: =IF(O129<>"",O129,IF(P129<>"",P129,"")) | O129: 10 | P129: 10 | Q129: 42.35 | R129: 23.53 | S129: =IF(Q129="","",IF(Q129<0,"negative profit",IF(Q129>Notes!$B$4,"unusually high - verify",""))) | T129: both | U129: =IF(T129<>"both",T129&" only",IF(V129="","agree","conflict")) | V129: =IF(T129="both",TRIM(IF(AND(E129<>"",F129<>"",E129<>F129),"level ","")&IF(AND(L129<>"",M129<>"",L129<>M129),"price ","")&IF(AND(O129<>"",P129<>"",O129<>P129),"xp ","")&IF(J129="differs","time","")),"") | X129: Milk x2 | Y129: Butter.png | Z129: icons/Dairy/Butter.png | AA129: hayday.info /api/production-data (2026-10-13) + Hay Day Wiki infobox via MediaWiki API (2026-10-13) | AB129: https://hayday.fandom.com/wiki/Butter | AC129: Butter
A130: Cheese | B130: Dairy | C130: Product | D130: =IF(E130<>"",E130,IF(F130<>"",F130,"")) | E130: 12 | F130: 12 | G130: 51 | H130: 60 | I130: 51 | J130: =IF(OR(G130="",AND(H130="",I130="")),"n/a",IF(G130=I130,"mastered",IF(G130=H130,"normal","differs"))) | K130: =IF(L130<>"",L130,IF(M130<>"",M130,"")) | L130: 122 | M130: 122 | N130: =IF(O130<>"",O130,IF(P130<>"",P130,"")) | O130: 15 | P130: 15 | Q130: 30.59 | R130: 17.65 | S130: =IF(Q130="","",IF(Q130<0,"negative profit",IF(Q130>Notes!$B$4,"unusually high - verify",""))) | T130: both | U130: =IF(T130<>"both",T130&" only",IF(V130="","agree","conflict")) | V130: =IF(T130="both",TRIM(IF(AND(E130<>"",F130<>"",E130<>F130),"level ","")&IF(AND(L130<>"",M130<>"",L130<>M130),"price ","")&IF(AND(O130<>"",P130<>"",O130<>P130),"xp ","")&IF(J130="differs","time","")),"") | X130: Milk x3 | Y130: Cheese.png | Z130: icons/Dairy/Cheese.png | AA130: hayday.info /api/production-data (2026-10-13) + Hay Day Wiki infobox via MediaWiki API (2026-10-13) | AB130: https://hayday.fandom.com/wiki/Cheese | AC130: Cheese
A131: Goat Cheese | B131: Dairy | C131: Product | D131: =IF(E131<>"",E131,IF(F131<>"",F131,"")) | E131: 33 | F131: 33 | G131: 76 | H131: 90 | I131: 76 | J131: =IF(OR(G131="",AND(H131="",I131="")),"n/a",IF(G131=I131,"mastered",IF(G131=H131,"normal","differs"))) | K131: =IF(L131<>"",L131,IF(M131<>"",M131,"")) | L131: 162 | M131: 162 | N131: =IF(O131<>"",O131,IF(P131<>"",P131,"")) | O131: 19 | P131: 19 | Q131: 26.67 | R131: 14.9 | S131: =IF(Q131="","",IF(Q131<0,"negative profit",IF(Q131>Notes!$B$4,"unusually high - verify",""))) | T131: both | U131: =IF(T131<>"both",T131&" only",IF(V131="","agree","conflict")) | V131: =IF(T131="both",TRIM(IF(AND(E131<>"",F131<>"",E131<>F131),"level ","")&IF(AND(L131<>"",M131<>"",L131<>M131),"price ","")&IF(AND(O131<>"",P131<>"",O131<>P131),"xp ","")&IF(J131="differs","time","")),"") | X131: Goat Milk x2 | Y131: Goat Cheese.png | Z131: icons/Dairy/Goat Cheese.png | AA131: hayday.info /api/production-data (2026-10-13) + Hay Day Wiki infobox via MediaWiki API (2026-10-13) | AB131: https://hayday.fandom.com/wiki/Goat_Cheese | AC131: Goat cheese
A132: Bacon Fries | B132: Deep Fryer | C132: Product | D132: =IF(E132<>"",E132,IF(F132<>"",F132,"")) | E132: 87 | F132: 87 | G132: 21 | H132: 25 | I132: 21 | J132: =IF(OR(G132="",AND(H132="",I132="")),"n/a",IF(G132=I132,"mastered",IF(G132=H132,"normal","differs"))) | K132: =IF(L132<>"",L132,IF(M132<>"",M132,"")) | L132: 302 | M132: 302 | N132: =IF(O132<>"",O132,IF(P132<>"",P132,"")) | O132: 36 | P132: 36 | Q132: 22.59 | R132: 101.65 | S132: =IF(Q132="","",IF(Q132<0,"negative profit",IF(Q132>Notes!$B$4,"unusually high - verify",""))) | T132: both | U132: =IF(T132<>"both",T132&" only",IF(V132="","agree","conflict")) | V132: =IF(T132="both",TRIM(IF(AND(E132<>"",F132<>"",E132<>F132),"level ","")&IF(AND(L132<>"",M132<>"",L132<>M132),"price ","")&IF(AND(O132<>"",P132<>"",O132<>P132),"xp ","")&IF(J132="differs","time","")),"") | X132: Chili Pepper x1; Bacon x2; Potato x4; Garlic x1 | Y132: Bacon Fries.png | Z132: icons/Deep Fryer/Bacon Fries.png | AA132: hayday.info /api/production-data (2026-10-13) + Hay Day Wiki infobox via MediaWiki API (2026-10-13) | AB132: https://hayday.fandom.com/wiki/Bacon_Fries | AC132: Bacon fries
...

Sheet chain_economics
A1: Product | B1: Type | C1: Machine / source | D1: Level | E1: Price | F1: Price source | G1: Yield per batch | H1: Own time (min) | I1: Own time mastered (min) | J1: Ingredient value (coins) | K1: Machine-min | L1: Field-min | M1: Animal-min | N1: Tree-min | O1: External inputs (time not modelled) | P1: Total chain min | Q1: Critical path min | R1: Coins/hr per chain-min | S1: Machine-min mastered | T1: Total chain min mastered | U1: Critical path min mastered | V1: Coins/hr per chain-min mastered | W1: Value added (coins) | X1: Value added/hr own machine | Y1: Value added/hr own machine mastered | Z1: hayday.info profit/hr | AA1: Ingredients | AB1: Unlocked at L39 (whole chain) | AC1: Check vs hayday.info
A2: Honey Peanuts | B2: machine | C2: Candy Machine | D2: 63 | E2: 540 | F2: hayday.info | G2: 1 | H2: 40 | I2: 34 | J2: 388 | K2: 60 | L2: 0 | M2: 70 | N2: 0 | O2: Peanuts x1 | P2: 130 | Q2: 95 | R2: 249.23 | S2: 51 | T2: 121 | U2: 86 | V2: 267.77 | W2: 152 | X2: 228 | Y2: 268.24 | Z2: 268.24 | AA2: Honey x1; Peanuts x1 | AB2: FALSE | AC2: match (mastered)
A3: Snack Mix | B3: machine | C3: Popcorn Pot | D3: 64 | E3: 309 | F3: hayday.info | G3: 1 | H3: 45 | I3: 38 | J3: 266 | K3: 45 | L3: 70 | M3: 0 | N3: 0 | O3: Peanuts x1 | P3: 115 | Q3: 105 | R3: 161.22 | S3: 38 | T3: 108 | U3: 98 | V3: 171.67 | W3: 43 | X3: 57.33 | Y3: 67.89 | Z3: 67.45 | AA3: Corn x2; Sesame x1; Peanuts x1 | AB3: FALSE | AC3: match (mastered)
A4: Honeycomb | B4: animal | C4: Honey Bee | D4: 39 | E4: 68 | F4: hayday.info | G4: 1 | H4: 35 | J4: 0 | K4: 0 | L4: 0 | M4: 35 | N4: 0 | P4: 35 | Q4: 35 | R4: 116.57 | S4: 0 | T4: 35 | U4: 35 | V4: 116.57 | W4: 68 | X4: 116.57 | Y4: 116.57 | Z4: 109.71 | AB4: TRUE
A5: Bread | B5: machine | C5: Bakery | D5: 4 | E5: 21 | F5: hayday.info | G5: 1 | H5: 5 | I5: 4 | J5: 9 | K5: 5 | L5: 6 | M5: 0 | N5: 0 | P5: 11 | Q5: 7 | R5: 114.55 | S5: 4 | T5: 10 | U5: 6 | V5: 126 | W5: 12 | X5: 144 | Y5: 180 | Z5: 169.41 | AA5: Wheat x3 | AB5: TRUE | AC5: match (normal x0.85)
A6: Honey | B6: machine | C6: Honey Extractor | D6: 39 | E6: 154 | F6: hayday.info | G6: 1 | H6: 20 | I6: 17 | J6: 136 | K6: 20 | L6: 0 | M6: 70 | N6: 0 | P6: 90 | Q6: 55 | R6: 102.67 | S6: 17 | T6: 87 | U6: 52 | V6: 106.21 | W6: 18 | X6: 54 | Y6: 63.53 | Z6: 63.53 | AA6: Honeycomb x2 | AB6: TRUE | AC6: match (mastered)
A7: Beeswax | B7: machine | C7: Honey Extractor | D7: 48 | E7: 234 | F7: hayday.info | G7: 1 | H7: 45 | I7: 38 | J7: 204 | K7: 45 | L7: 0 | M7: 105 | N7: 0 | P7: 150 | Q7: 80 | R7: 93.6 | S7: 38 | T7: 143 | U7: 73 | V7: 98.18 | W7: 30 | X7: 40 | Y7: 47.37 | Z7: 47.06 | AA7: Honeycomb x3 | AB7: FALSE | AC7: match (mastered)
A8: Fish Pie | B8: machine | C8: Pie Oven | D8: 28 | E8: 226 | F8: hayday.info | G8: 1 | H8: 120 | I8: 102 | J8: 186 | K8: 121.67 | L8: 7 | M8: 20 | N8: 0 | O8: Fish Fillet x3 | P8: 148.67 | Q8: 150 | R8: 91.21 | S8: 103.33 | T8: 130.33 | U8: 131 | V8: 104.04 | W8: 40 | X8: 20 | Y8: 23.53 | Z8: 23.53 | AA8: Fish Fillet x3; Wheat x2; Egg x1 | AB8: TRUE | AC8: match (mastered)
A9: Wheat | B9: field | C9: Farm | D9: 1 | E9: 3 | F9: hayday.info | G9: 1 | H9: 2 | J9: 0 | K9: 0 | L9: 2 | M9: 0 | N9: 0 | P9: 2 | Q9: 2 | R9: 90 | S9: 0 | T9: 2 | U9: 2 | V9: 90 | W9: 3 | X9: 90 | Y9: 90 | Z9: 90 | AB9: TRUE
A10: Chicken Feed | B10: machine | C10: Feed Mill | D10: 2 | E10: 7 | F10: hayday.info | G10: 3 | H10: 5 | I10: 4 | J10: 4.33 | K10: 1.67 | L10: 3 | M10: 0 | N10: 0 | P10: 4.67 | Q10: 10 | R10: 90 | S10: 1.33 | T10: 4.33 | U10: 9 | V10: 96.92 | W10: 2.67 | X10: 96 | Y10: 120 | Z10: 112.94 | AA10: Wheat x2; Corn x1 | AB10: TRUE | AC10: match (normal x0.85)
A11: Corn | B11: field | C11: Farm | D11: 2 | E11: 7 | F11: hayday.info | G11: 1 | H11: 5 | J11: 0 | K11: 0 | L11: 5 | M11: 0 | N11: 0 | P11: 5 | Q11: 5 | R11: 84 | S11: 0 | T11: 5 | U11: 5 | V11: 84 | W11: 7 | X11: 84 | Y11: 84 | Z11: 84 | AB11: TRUE
A12: Honey Popcorn | B12: machine | C12: Popcorn Pot | D12: 40 | E12: 360 | F12: hayday.info | G12: 1 | H12: 90 | I12: 76 | J12: 322 | K12: 130 | L12: 10 | M12: 140 | N12: 0 | P12: 280 | Q12: 165 | R12: 77.14 | S12: 110 | T12: 260 | U12: 145 | V12: 83.08 | W12: 38 | X12: 25.33 | Y12: 30 | Z12: 29.8 | AA12: Corn x2; Honey x2 | AB12: FALSE | AC12: match (mastered)
A13: Frutti di Mare Pizza | B13: machine | C13: Bakery | D13: 45 | E13: 403 | F13: hayday.info | G13: 1 | H13: 15 | I13: 12 | J13: 383 | K13: 85 | L13: 49 | M13: 180 | N13: 0 | O13: Fish Fillet x1; Lobster Tail x1 | P13: 314 | Q13: 165 | R13: 77.01 | S13: 71 | T13: 300 | U13: 151 | V13: 80.6 | W13: 20 | X13: 80 | Y13: 100 | Z13: 94.12 | AA13: Wheat x2; Fish Fillet x1; Lobster Tail x1; Cheese x1 | AB13: FALSE | AC13: match (normal x0.85)
A14: Lobster Skewer | B14: machine | C14: BBQ Grill | D14: 48 | E14: 417 | F14: hayday.info | G14: 1 | H14: 40 | I14: 34 | J14: 391 | K14: 60 | L14: 240 | M14: 70 | N14: 0 | O14: Lobster Tail x1 | P14: 370 | Q14: 280 | R14: 67.62 | S14: 51 | T14: 361 | U14: 274 | V14: 69.31 | W14: 26 | X14: 39 | Y14: 45.88 | Z14: 45.88 | AA14: Lobster Tail x1; Chili Pepper x1; Honey x1 | AB14: FALSE | AC14: match (mastered)
A15: Oats | B15: field | C15: Farm | D15: 119 | E15: 7 | F15: Fandom | G15: 1 | H15: 7 | J15: 0 | K15: 0 | L15: 7 | M15: 0 | N15: 0 | P15: 7 | Q15: 7 | R15: 60 | S15: 0 | T15: 7 | U15: 7 | V15: 60 | W15: 7 | X15: 60 | Y15: 60 | AB15: FALSE
A16: Fresh Pasta | B16: machine | C16: Pasta Maker | D16: 67 | E16: 43 | F16: hayday.info | G16: 1 | H16: 15 | I16: 12 | J16: 24 | K16: 16.67 | L16: 7 | M16: 20 | N16: 0 | P16: 43.67 | Q16: 45 | R16: 59.08 | S16: 13.33 | T16: 40.33 | U16: 41 | V16: 63.97 | W16: 19 | X16: 76 | Y16: 95 | Z16: 89.41 | AA16: Egg x1; Wheat x2 | AB16: FALSE | AC16: match (normal x0.85)
A17: Honey Toast | B17: machine | C17: Sandwich Bar | D17: 69 | E17: 255 | F17: hayday.info | G17: 1 | H17: 60 | I17: 51 | J17: 225 | K17: 90 | L17: 24 | M17: 150 | N17: 0 | P17: 264 | Q17: 150 | R17: 57.95 | S17: 76 | T17: 250 | U17: 139 | V17: 61.2 | W17: 30 | X17: 30 | Y17: 35.29 | Z17: 35.29 | AA17: Bread x1; Egg x1; Milk x1; Honey x1 | AB17: FALSE | AC17: match (mastered)
A18: Chamomile Tea | B18: machine | C18: Tea Stand | D18: 100 | E18: 144 | F18: Fandom | G18: 1 | H18: 20 | I18: 17 | J18: 118 | K18: 20 | L18: 100 | M18: 35 | N18: 0 | P18: 155 | Q18: 55 | R18: 55.74 | S18: 17 | T18: 152 | U18: 52 | V18: 56.84 | W18: 26 | X18: 78 | Y18: 91.76 | AA18: Chamomile x5; Honeycomb x1 | AB18: FALSE
A19: Peanut Noodles | B19: machine | C19: Wok Kitchen | D19: 86 | E19: 669 | F19: hayday.info | G19: 1 | H19: 45 | I19: 38 | J19: 516 | K19: 245 | L19: 557 | M19: 0 | N19: 0 | O19: Peanuts x1 | P19: 802 | Q19: 245 | R19: 50.05 | S19: 208 | T19: 765 | U19: 211 | V19: 52.47 | W19: 153 | X19: 204 | Y19: 241.58 | Z19: 240 | AA19: Ginger x1; Rice Noodles x1; Soy Sauce x1; Peanuts x1 | AB19: FALSE | AC19: match (normal x0.85)
A20: Cucumber Smoothie | B20: machine | C20: Smoothie Mixer | D20: 70 | E20: 266 | F20: hayday.info | G20: 1 | H20: 40 | I20: 34 | J20: 238 | K20: 60 | L20: 195 | M20: 70 | N20: 0 | P20: 325 | Q20: 95 | R20: 49.11 | S20: 51 | T20: 316 | U20: 86 | V20: 50.51 | W20: 28 | X20: 42 | Y20: 49.41 | Z20: 49.41 | AA20: Cucumber x3; Honey x1; Pineapple x3 | AB20: FALSE | AC20: match (mastered)
A21: Corn Bread | B21: machine | C21: Bakery | D21: 7 | E21: 72 | F21: hayday.info | G21: 1 | H21: 30 | I21: 25 | J21: 50 | K21: 33.33 | L21: 16 | M21: 40 | N21: 0 | P21: 89.33 | Q21: 60 | R21: 48.36 | S21: 27.67 | T21: 83.67 | U21: 54 | V21: 51.63 | W21: 22 | X21: 44 | Y21: 52.8 | Z21: 51.76 | AA21: Corn x2; Egg x2 | AB21: TRUE | AC21: match (normal x0.85)
A22: Popcorn | B22: machine | C22: Popcorn Pot | D22: 8 | E22: 32 | F22: hayday.info | G22: 1 | H22: 30 | I22: 25 | J22: 14 | K22: 30 | L22: 10 | M22: 0 | N22: 0 | P22: 40 | Q22: 35 | R22: 48 | S22: 25 | T22: 35 | U22: 30 | V22: 54.86 | W22: 18 | X22: 36 | Y22: 43.2 | Z22: 42.35 | AA22: Corn x2 | AB22: TRUE | AC22: match (normal x0.85)
A23: Carrot Juice | B23: machine | C23: Juice Press | D23: 26 | E23: 46 | F23: hayday.info | G23: 1 | H23: 30 | I23: 25 | J23: 21 | K23: 30 | L23: 30 | M23: 0 | N23: 0 | P23: 60 | Q23: 40 | R23: 46 | S23: 25 | T23: 55 | U23: 35 | V23: 50.18 | W23: 25 | X23: 50 | Y23: 60 | Z23: 58.82 | AA23: Carrot x3 | AB23: TRUE | AC23: match (normal x0.85)
A24: Cow Feed | B24: machine | C24: Feed Mill | D24: 6 | E24: 14 | F24: hayday.info | G24: 3 | H24: 10 | I24: 8 | J24: 9 | K24: 3.33 | L24: 15 | M24: 0 | N24: 0 | P24: 18.33 | Q24: 30 | R24: 45.82 | S24: 2.67 | T24: 17.67 | U24: 28 | V24: 47.55 | W24: 5 | X24: 90 | Y24: 112.5 | Z24: 105.88 | AA24: Soybean x2; Corn x1 | AB24: TRUE | AC24: match (normal x0.85)
A25: Meat Bucket | B25: machine | C25: Feed Mill | E25: 72 | F25: hayday.info | G25: 1 | H25: 45 | I25: 38 | J25: 197 | K25: 45 | L25: 50 | M25: 0 | N25: 0 | O25: Fish Fillet x3 | P25: 95 | Q25: 55 | R25: 45.47 | S25: 38 | T25: 88 | U25: 48 | V25: 49.09 | W25: -125 | X25: -166.67 | Y25: -197.37 | Z25: 29.8 | AA25: Fish Fillet x3; Carrot x5 | AB25: FALSE | AC25: differs - check recipe / ingredient prices
A26: Sheep Feed | B26: machine | C26: Feed Mill | D26: 16 | E26: 14 | F26: hayday.info | G26: 3 | H26: 30 | I26: 25 | J26: 6.33 | K26: 10 | L26: 8.67 | M26: 0 | N26: 0 | P26: 18.67 | Q26: 50 | R26: 45 | S26: 8.33 | T26: 17 | U26: 45 | V26: 49.41 | W26: 7.67 | X26: 46 | Y26: 55.2 | Z26: 54.12 | AA26: Wheat x3; Soybean x1 | AB26: TRUE | AC26: match (normal x0.85)
A27: Steamed Mussels | B27: machine | C27: BBQ Grill | D27: 27 | E27: 284 | F27: Fandom | G27: 1 | H27: 15 | I27: 12 | J27: 276 | K27: 88.33 | L27: 60 | M27: 240 | N27: 0 | O27: Mussel Meat x4 | P27: 388.33 | Q27: 175 | R27: 43.88 | S27: 72.67 | T27: 372.67 | U27: 158 | V27: 45.72 | W27: 8 | X27: 32 | Y27: 40 | AA27: Mussel Meat x4; Butter x2 | AB27: TRUE
A28: Egg | B28: animal | C28: Chicken | D28: 1 | E28: 18 | F28: hayday.info | G28: 1 | H28: 20 | J28: 7 | K28: 1.67 | L28: 3 | M28: 20 | N28: 0 | P28: 24.67 | Q28: 30 | R28: 43.78 | S28: 1.33 | T28: 24.33 | U28: 29 | V28: 44.38 | W28: 11 | X28: 33 | Y28: 33 | Z28: 33 | AA28: Chicken Feed x1 | AB28: TRUE
A29: Pancake | B29: machine | C29: BBQ Grill | D29: 9 | E29: 108 | F29: hayday.info | G29: 1 | H29: 30 | I29: 25 | J29: 86 | K29: 55 | L29: 39 | M29: 60 | N29: 0 | P29: 154 | Q29: 80 | R29: 42.08 | S29: 46 | T29: 145 | U29: 72 | V29: 44.69 | W29: 22 | X29: 44 | Y29: 52.8 | Z29: 51.76 | AA29: Egg x3; Brown Sugar x1 | AB29: TRUE | AC29: match (normal x0.85)
A30: Carrot | B30: field | C30: Farm | D30: 9 | E30: 7 | F30: hayday.info | G30: 1 | H30: 10 | J30: 0 | K30: 0 | L30: 10 | M30: 0 | N30: 0 | P30: 10 | Q30: 10 | R30: 42 | S30: 0 | T30: 10 | U30: 10 | V30: 42 | W30: 7 | X30: 42 | Y30: 42 | Z30: 42 | AB30: TRUE
A31: Black Bean | B31: field | C31: Farm | D31: 25 | E31: 7 | F31: Fandom | G31: 1 | H31: 10 | J31: 0 | K31: 0 | L31: 10 | M31: 0 | N31: 0 | P31: 10 | Q31: 10 | R31: 42 | S31: 0 | T31: 10 | U31: 10 | V31: 42 | W31: 7 | X31: 42 | Y31: 42 | AB31: TRUE
A32: Pig Feed | B32: machine | C32: Feed Mill | D32: 10 | E32: 14 | F32: hayday.info | G32: 3 | H32: 20 | I32: 17 | J32: 8 | K32: 6.67 | L32: 13.33 | M32: 0 | N32: 0 | P32: 20 | Q32: 40 | R32: 42 | S32: 5.67 | T32: 19 | U32: 37 | V32: 44.21 | W32: 6 | X32: 54 | Y32: 63.53 | Z32: 63.53 | AA32: Carrot x2; Soybean x1 | AB32: TRUE | AC32: match (mastered)
A33: Carrot Pie | B33: machine | C33: Pie Oven | D33: 14 | E33: 82 | F33: hayday.info | G33: 1 | H33: 60 | I33: 51 | J33: 45 | K33: 61.67 | L33: 37 | M33: 20 | N33: 0 | P33: 118.67 | Q33: 90 | R33: 41.46 | S33: 52.33 | T33: 109.33 | U33: 80 | V33: 45 | W33: 37 | X33: 37 | Y33: 43.53 | Z33: 43.53 | AA33: Carrot x3; Wheat x2; Egg x1 | AB33: TRUE | AC33: match (mastered)
A34: Grilled Lamb Skewer | B34: machine | C34: BBQ Grill | D34: 25 | E34: 90 | F34: Fandom | G34: 1 | H34: 20 | I34: 17 | J34: 72 | K34: 26.67 | L34: 53.33 | M34: 60 | N34: 0 | P34: 140 | Q34: 80 | R34: 38.57 | S34: 22.33 | T34: 135.67 | U34: 75 | V34: 39.8 | W34: 18 | X34: 54 | Y34: 63.53 | AA34: Lamb Chop x2 | AB34: TRUE
A35: Brown Sugar | B35: machine | C35: Sugar Mill | D35: 7 | E35: 32 | F35: hayday.info | G35: 1 | H35: 20 | I35: 17 | J35: 14 | K35: 20 | L35: 30 | M35: 0 | N35: 0 | P35: 50 | Q35: 50 | R35: 38.4 | S35: 17 | T35: 47 | U35: 47 | V35: 40.85 | W35: 18 | X35: 54 | Y35: 63.53 | Z35: 63.53 | AA35: Sugarcane x1 | AB35: TRUE | AC35: match (mastered)
A36: Cookie | B36: machine | C36: Bakery | D36: 10 | E36: 104 | F36: hayday.info | G36: 1 | H36: 60 | I36: 51 | J36: 74 | K36: 83.33 | L36: 40 | M36: 40 | N36: 0 | P36: 163.33 | Q36: 110 | R36: 38.2 | S36: 70.67 | T36: 150.67 | U36: 98 | V36: 41.42 | W36: 30 | X36: 30 | Y36: 35.29 | Z36: 35.29 | AA36: Wheat x2; Egg x2; Brown Sugar x1 | AB36: TRUE | AC36: match (mastered)
A37: Goat Feed | B37: machine | C37: Feed Mill | D37: 32 | E37: 14 | F37: hayday.info | G37: 3 | H37: 40 | I37: 34 | J37: 8 | K37: 13.33 | L37: 9 | M37: 0 | N37: 0 | P37: 22.33 | Q37: 50 | R37: 37.61 | S37: 11.33 | T37: 20.33 | U37: 44 | V37: 41.31 | W37: 6 | X37: 27 | Y37: 31.76 | Z37: 31.76 | AA37: Wheat x1; Corn x1; Carrot x2 | AB37: TRUE | AC37: match (mastered)
A38: Crunchy Donut | B38: machine | C38: Donut Maker | D38: 82 | E38: 594 | F38: hayday.info | G38: 1 | H38: 30 | I38: 25 | J38: 449 | K38: 90 | L38: 84 | M38: 80 | N38: 700 | O38: Peanuts x1 | P38: 954 | Q38: 2130 | R38: 37.36 | S38: 75 | T38: 939 | U38: 2125 | V38: 37.96 | W38: 145 | X38: 290 | Y38: 348 | Z38: 341.18 | AA38: Plain Donut x1; Cacao x1; Peanuts x1 | AB38: FALSE | AC38: match (normal x0.85)
A39: Lamb Chop | B39: animal | C39: Lamb | D39: 25 | E39: 36 | F39: Fandom | G39: 1 | H39: 30 | J39: 18 | K39: 3.33 | L39: 26.67 | M39: 30 | N39: 0 | P39: 60 | Q39: 60 | R39: 36 | S39: 2.67 | T39: 59.33 | U39: 58 | V39: 36.4 | W39: 18 | X39: 36 | Y39: 36 | AA39: Lamb Feed x1 | AB39: TRUE
A40: Blanket | B40: machine | C40: Sewing Machine | D40: 59 | E40: 1098 | F40: hayday.info | G40: 1 | H40: 210 | I40: 178 | J40: 1056 | K40: 300 | L40: 1530 | M40: 0 | N40: 0 | O40: Duck Feather x5 | P40: 1830 | Q40: 450 | R40: 36 | S40: 253 | T40: 1783 | U40: 403 | V40: 36.95 | W40: 42 | X40: 12 | Y40: 14.16 | Z40: 14.12 | AA40: Cotton Fabric x3; Pumpkin x1; Duck Feather x5 | AB40: FALSE | AC40: match (mastered)
A41: Lamb Feed | B41: machine | C41: Feed Mill | D41: 25 | E41: 18 | F41: Fandom | G41: 3 | H41: 10 | I41: 8 | J41: 16 | K41: 3.33 | L41: 26.67 | M41: 0 | N41: 0 | P41: 30 | Q41: 30 | R41: 36 | S41: 2.67 | T41: 29.33 | U41: 28 | V41: 36.82 | W41: 2 | X41: 36 | Y41: 45 | AA41: Black Bean x4; Soybean x2 | AB41: TRUE
A42: Pillow | B42: machine | C42: Sewing Machine | D42: 51 | E42: 676 | F42: hayday.info | G42: 1 | H42: 180 | I42: 153 | J42: 636 | K42: 240 | L42: 900 | M42: 0 | N42: 0 | O42: Duck Feather x3 | P42: 1140 | Q42: 390 | R42: 35.58 | S42: 203 | T42: 1103 | U42: 353 | V42: 36.77 | W42: 40 | X42: 13.33 | Y42: 15.69 | Z42: 15.69 | AA42: Cotton Fabric x2; Duck Feather x3 | AB42: FALSE | AC42: match (mastered)
A43: Fish Burger | B43: machine | C43: BBQ Grill | D43: 27 | E43: 226 | F43: hayday.info | G43: 1 | H43: 120 | I43: 102 | J43: 186 | K43: 130 | L43: 252 | M43: 0 | N43: 0 | O43: Fish Fillet x2 | P43: 382 | Q43: 360 | R43: 35.5 | S43: 110 | T43: 362 | U43: 342 | V43: 37.46 | W43: 40 | X43: 20 | Y43: 23.53 | Z43: 23.53 | AA43: Fish Fillet x2; Chili Pepper x1; Bread x2 | AB43: TRUE | AC43: match (mastered)
A44: Peanut Fudge | B44: machine | C44: Fudge Shop | D44: 111 | E44: 1141 | F44: hayday.info | G44: 1 | H44: 90 | I44: 76 | J44: 854 | K44: 203.33 | L44: 120 | M44: 240 | N44: 1400 | O44: Peanuts x2 | P44: 1963.33 | Q44: 2190 | R44: 34.87 | S44: 170.67 | T44: 1930.67 | U44: 2176 | V44: 35.46 | W44: 287 | X44: 191.33 | Y44: 226.58 | Z44: 41.57 | AA44: Butter x2; Cacao x2; White Sugar x1; Peanuts x2 | AB44: FALSE | AC44: differs - check recipe / ingredient prices
A45: Lobster Sushi | B45: machine | C45: Sushi Bar | D45: 59 | E45: 637 | F45: hayday.info | G45: 1 | H45: 60 | I45: 51 | J45: 625 | K45: 240 | L45: 857 | M45: 0 | N45: 0 | O45: Lobster Tail x1 | P45: 1097 | Q45: 260 | R45: 34.84 | S45: 204 | T45: 1061 | U45: 224 | V45: 36.02 | W45: 12 | X45: 12 | Y45: 14.12 | Z45: 14.12 | AA45: Lobster Tail x1; Rice x15; Soy Sauce x1 | AB45: FALSE | AC45: match (mastered)
A46: Cream Donut | B46: machine | C46: Donut Maker | D46: 86 | E46: 230 | F46: hayday.info | G46: 1 | H46: 25 | I46: 21 | J46: 211 | K46: 128.33 | L46: 129 | M46: 140 | N46: 0 | P46: 397.33 | Q46: 135 | R46: 34.73 | S46: 107.67 | T46: 376.67 | U46: 126 | V46: 36.64 | W46: 19 | X46: 45.6 | Y46: 54.29 | Z46: 53.65 | AA46: Plain Donut x1; Cream x1; Brown Sugar x1 | AB46: FALSE | AC46: match (normal x0.85)
A47: Garlic Bread | B47: machine | C47: BBQ Grill | D47: 60 | E47: 198 | F47: hayday.info | G47: 1 | H47: 15 | I47: 12 | J47: 180 | K47: 61.67 | L47: 162 | M47: 120 | N47: 0 | P47: 343.67 | Q47: 135 | R47: 34.57 | S47: 50.33 | T47: 332.33 | U47: 125 | V47: 35.75 | W47: 18 | X47: 72 | Y47: 90 | Z47: 84.71 | AA47: Bread x2; Butter x1; Garlic x4 | AB47: FALSE | AC47: match (normal x0.85)
A48: Plain Donut | B48: machine | C48: Donut Maker | D48: 76 | E48: 129 | F48: hayday.info | G48: 1 | H48: 15 | I48: 12 | J48: 109 | K48: 60 | L48: 84 | M48: 80 | N48: 0 | P48: 224 | Q48: 105 | R48: 34.55 | S48: 50 | T48: 214 | U48: 100 | V48: 36.17 | W48: 20 | X48: 80 | Y48: 100 | Z48: 94.12 | AA48: Milk x1; White Sugar x1; Egg x1; Wheat x3 | AB48: FALSE | AC48: match (normal x0.85)
A49: Cream Cake | B49: machine | C49: Cake Oven | D49: 23 | E49: 219 | F49: hayday.info | G49: 1 | H49: 180 | I49: 153 | J49: 115 | K49: 243.33 | L49: 85 | M49: 60 | N49: 0 | P49: 388.33 | Q49: 290 | R49: 33.84 | S49: 206.67 | T49: 351.67 | U49: 258 | V49: 37.36 | W49: 104 | X49: 34.67 | Y49: 40.78 | Z49: 40.78 | AA49: Wheat x5; Cream x1; White Sugar x1 | AB49: TRUE | AC49: match (mastered)
A50: Sesame Brittle | B50: machine | C50: Candy Machine | D50: 78 | E50: 270 | F50: hayday.info | G50: 1 | H50: 60 | I50: 51 | J50: 236 | K50: 80 | L50: 330 | M50: 70 | N50: 0 | P50: 480 | Q50: 210 | R50: 33.75 | S50: 68 | T50: 468 | U50: 201 | V50: 34.62 | W50: 34 | X50: 34 | Y50: 40 | Z50: 40 | AA50: Sesame x3; Ginger x1; Honey x1 | AB50: FALSE | AC50: match (mastered)
A51: Lobster Soup | B51: machine | C51: Soup Kitchen | D51: 46 | E51: 612 | F51: hayday.info | G51: 1 | H51: 150 | I51: 127 | J51: 567 | K51: 173.33 | L51: 855 | M51: 60 | N51: 0 | O51: Lobster Tail x2 | P51: 1088.33 | Q51: 510 | R51: 33.74 | S51: 146.67 | T51: 1061.67 | U51: 487 | V51: 34.59 | W51: 45 | X51: 18 | Y51: 21.26 | Z51: 21.18 | AA51: Lobster Tail x2; Tomato x1; Chili Pepper x2; Cream x1 | AB51: FALSE | AC51: match (mastered)
A52: Plain Cupcake | B52: machine | C52: Cupcake Maker | D52: 109 | E52: 280 | F52: hayday.info | G52: 1 | H52: 40 | I52: 34 | J52: 247 | K52: 168.33 | L52: 223 | M52: 140 | N52: 0 | P52: 531.33 | Q52: 190 | R52: 31.62 | S52: 142.67 | T52: 505.67 | U52: 166 | V52: 33.22 | W52: 33 | X52: 49.5 | Y52: 58.24 | Z52: 43.5 | AA52: Milk x2; White Sugar x3; Egg x1; Wheat x5 | AB52: FALSE | AC52: differs - check recipe / ingredient prices
A53: Mushroom Pot Pie | B53: machine | C53: Pie Oven | D53: 97 | E53: 162 | F53: hayday.info | G53: 1 | H53: 60 | I53: 51 | J53: 129 | K53: 63.33 | L53: 207 | M53: 40 | N53: 0 | P53: 310.33 | Q53: 105 | R53: 31.32 | S53: 53.67 | T53: 300.67 | U53: 96 | V53: 32.33 | W53: 33 | X53: 33 | Y53: 38.82 | Z53: 38.82 | AA53: Mushroom x3; Cabbage x3; Wheat x3; Egg x2 | AB53: FALSE | AC53: match (mastered)
A54: Gracious Bouquet | B54: machine | C54: Flower Shop | D54: 73 | E54: 500 | F54: hayday.info | G54: 1 | H54: 40 | I54: 34 | J54: 234 | K54: 70 | L54: 900 | M54: 0 | N54: 0 | O54: Gold Ore x1 | P54: 970 | Q54: 220 | R54: 30.93 | S54: 59 | T54: 959 | U54: 209 | V54: 31.28 | W54: 266 | X54: 399 | Y54: 469.41 | Z54: 469.41 | AA54: Cotton Fabric x1; Lily x5; Gold Ore x1; Diamond x1 | AB54: FALSE | AC54: match (mastered)
A55: Colorful Candles | B55: machine | C55: Candle Maker | D55: 84 | E55: 324 | F55: hayday.info | G55: 1 | H55: 110 | I55: 93 | J55: 287 | K55: 155 | L55: 10 | M55: 105 | N55: 360 | P55: 630 | Q55: 1190 | R55: 30.86 | S55: 131 | T55: 606 | U55: 1173 | V55: 32.08 | W55: 37 | X55: 20.18 | Y55: 23.87 | Z55: 23.74 | AA55: Beeswax x1; Raspberry x1; Carrot x1 | AB55: FALSE | AC55: match (mastered)
A56: Cream | B56: machine | C56: Dairy | D56: 6 | E56: 50 | F56: hayday.info | G56: 1 | H56: 20 | I56: 17 | J56: 32 | K56: 23.33 | L56: 15 | M56: 60 | N56: 0 | P56: 98.33 | Q56: 110 | R56: 30.51 | S56: 19.67 | T56: 94.67 | U56: 105 | V56: 31.69 | W56: 18 | X56: 54 | Y56: 63.53 | Z56: 63.53 | AA56: Milk x1 | AB56: TRUE | AC56: match (mastered)
A57: Pineapple Juice | B57: machine | C57: Juice Press | D57: 52 | E57: 68 | F57: hayday.info | G57: 1 | H57: 45 | I57: 38 | J57: 42 | K57: 45 | L57: 90 | M57: 0 | N57: 0 | P57: 135 | Q57: 75 | R57: 30.22 | S57: 38 | T57: 128 | U57: 68 | V57: 31.88 | W57: 26 | X57: 34.67 | Y57: 41.05 | Z57: 40.78 | AA57: Pineapple x3 | AB57: FALSE | AC57: match (mastered)
A58: Fried Rice | B58: machine | C58: Wok Kitchen | D58: 69 | E58: 205 | F58: hayday.info | G58: 1 | H58: 60 | I58: 51 | J58: 180 | K58: 68.33 | L58: 240 | M58: 100 | N58: 0 | P58: 408.33 | Q58: 105 | R58: 30.12 | S58: 57.67 | T58: 397.67 | U58: 96 | V58: 30.93 | W58: 25 | X58: 25 | Y58: 29.41 | Z58: 29.41 | AA58: Rice x5; Egg x5 | AB58: FALSE | AC58: match (mastered)
A59: Soybean | B59: field | C59: Farm | D59: 5 | E59: 10 | F59: hayday.info | G59: 1 | H59: 20 | J59: 0 | K59: 0 | L59: 20 | M59: 0 | N59: 0 | P59: 20 | Q59: 20 | R59: 30 | S59: 0 | T59: 20 | U59: 20 | V59: 30 | W59: 10 | X59: 30 | Y59: 30 | Z59: 30 | AB59: TRUE
A60: White Sugar | B60: machine | C60: Sugar Mill | D60: 13 | E60: 50 | F60: hayday.info | G60: 1 | H60: 40 | I60: 34 | J60: 28 | K60: 40 | L60: 60 | M60: 0 | N60: 0 | P60: 100 | Q60: 70 | R60: 30 | S60: 34 | T60: 94 | U60: 64 | V60: 31.91 | W60: 22 | X60: 33 | Y60: 38.82 | Z60: 38.82 | AA60: Sugarcane x2 | AB60: TRUE | AC60: match (mastered)
A61: Mushroom | B61: field | C61: Farm | D61: 89 | E61: 10 | F61: hayday.info | G61: 1 | H61: 20 | J61: 0 | K61: 0 | L61: 20 | M61: 0 | N61: 0 | P61: 20 | Q61: 20 | R61: 30 | S61: 0 | T61: 20 | U61: 20 | V61: 30 | W61: 10 | X61: 30 | Y61: 30 | Z61: 30 | AB61: FALSE
A62: Chamomile | B62: field | C62: Farm | D62: 45 | E62: 10 | F62: Fandom | G62: 1 | H62: 20 | J62: 0 | K62: 0 | L62: 20 | M62: 0 | N62: 0 | P62: 20 | Q62: 20 | R62: 30 | S62: 0 | T62: 20 | U62: 20 | V62: 30 | W62: 10 | X62: 30 | Y62: 30 | AB62: FALSE
A63: Buttered Popcorn | B63: machine | C63: Popcorn Pot | D63: 16 | E63: 126 | F63: hayday.info | G63: 1 | H63: 60 | I63: 51 | J63: 96 | K63: 96.67 | L63: 40 | M63: 120 | N63: 0 | P63: 256.67 | Q63: 180 | R63: 29.45 | S63: 81.33 | T63: 241.33 | U63: 164 | V63: 31.33 | W63: 30 | X63: 30 | Y63: 35.29 | Z63: 35.29 | AA63: Corn x2; Butter x1 | AB63: TRUE | AC63: match (mastered)
A64: Fish Skewer | B64: machine | C64: BBQ Grill | D64: 96 | E64: 176 | F64: hayday.info | G64: 1 | H64: 30 | I64: 25 | J64: 148 | K64: 30 | L64: 330 | M64: 0 | N64: 0 | O64: Fish Fillet x1 | P64: 360 | Q64: 180 | R64: 29.33 | S64: 25 | T64: 355 | U64: 175 | V64: 29.75 | W64: 28 | X64: 56 | Y64: 67.2 | Z64: 65.88 | AA64: Fish Fillet x1; Mushroom x3; Ginger x1; Sesame x2 | AB64: FALSE | AC64: match (normal x0.85)
A65: Mussel Nigiri | B65: machine | C65: Sushi Bar | D65: 56 | E65: 543 | F65: Fandom | G65: 1 | H65: 90 | I65: 76 | J65: 536 | K65: 270 | L65: 857 | M65: 0 | N65: 0 | O65: Mussel Meat x4 | P65: 1127 | Q65: 290 | R65: 28.91 | S65: 229 | T65: 1086 | U65: 249 | V65: 30 | W65: 7 | X65: 4.67 | Y65: 5.53 | AA65: Rice x15; Mussel Meat x4; Soy Sauce x1 | AB65: FALSE
A66: Carrot Cake | B66: machine | C66: Cake Oven | D66: 21 | E66: 165 | F66: hayday.info | G66: 1 | H66: 90 | I66: 76 | J66: 128 | K66: 146.67 | L66: 80 | M66: 120 | N66: 0 | P66: 346.67 | Q66: 210 | R66: 28.56 | S66: 123.33 | T66: 323.33 | U66: 189 | V66: 30.62 | W66: 37 | X66: 24.67 | Y66: 29.21 | Z66: 29.02 | AA66: Carrot x2; Butter x1; Brown Sugar x1 | AB66: TRUE | AC66: match (mastered)
A67: Broccoli Pasta | B67: machine | C67: Pasta Kitchen | D67: 83 | E67: 345 | F67: hayday.info | G67: 1 | H67: 60 | I67: 51 | J67: 314 | K67: 180 | L67: 306 | M67: 240 | N67: 0 | P67: 726 | Q67: 210 | R67: 28.51 | S67: 150 | T67: 696 | U67: 190 | V67: 29.74 | W67: 31 | X67: 31 | Y67: 36.47 | Z67: 36.47 | AA67: Broccoli x3; Cheese x1; Fresh Pasta x3 | AB67: FALSE | AC67: match (mastered)
A68: Pineapple | B68: field | C68: Farm | D68: 52 | E68: 14 | F68: hayday.info | G68: 1 | H68: 30 | J68: 0 | K68: 0 | L68: 30 | M68: 0 | N68: 0 | P68: 30 | Q68: 30 | R68: 28 | S68: 0 | T68: 30 | U68: 30 | V68: 28 | W68: 14 | X68: 28 | Y68: 28 | Z68: 28 | AB68: FALSE
A69: Garlic | B69: field | C69: Farm | D69: 60 | E69: 14 | F69: hayday.info | G69: 1 | H69: 30 | J69: 0 | K69: 0 | L69: 30 | M69: 0 | N69: 0 | P69: 30 | Q69: 30 | R69: 28 | S69: 0 | T69: 30 | U69: 30 | V69: 28 | W69: 14 | X69: 28 | Y69: 28 | Z69: 28 | AB69: FALSE
A70: Sugarcane | B70: field | C70: Farm | D70: 7 | E70: 14 | F70: hayday.info | G70: 1 | H70: 30 | J70: 0 | K70: 0 | L70: 30 | M70: 0 | N70: 0 | P70: 30 | Q70: 30 | R70: 28 | S70: 0 | T70: 30 | U70: 30 | V70: 28 | W70: 14 | X70: 28 | Y70: 28 | Z70: 28 | AB70: TRUE
A71: Toffee | B71: machine | C71: Candy Machine | D71: 52 | E71: 176 | F71: hayday.info | G71: 1 | H71: 90 | I71: 76 | J71: 135 | K71: 166.67 | L71: 92 | M71: 120 | N71: 0 | P71: 378.67 | Q71: 210 | R71: 27.89 | S71: 140.33 | T71: 352.33 | U71: 189 | V71: 29.97 | W71: 41 | X71: 27.33 | Y71: 32.37 | Z71: 32.16 | AA71: Butter x1; Wheat x1; White Sugar x1 | AB71: FALSE | AC71: match (mastered)
A72: Honey Apple Cake | B72: machine | C72: Cake Oven | D72: 42 | E72: 482 | F72: hayday.info | G72: 1 | H72: 200 | I72: 170 | J72: 428 | K72: 243.33 | L72: 10 | M72: 180 | N72: 640 | P72: 1073.33 | Q72: 1160 | R72: 26.94 | S72: 206.67 | T72: 1036.67 | U72: 1130 | V72: 27.9 | W72: 54 | X72: 16.2 | Y72: 19.06 | Z72: 19.06 | AA72: Wheat x2; Egg x2; Apple x2; Honey x2 | AB72: FALSE | AC72: match (mastered)
A73: Sushi Roll | B73: machine | C73: Sushi Bar | D73: 56 | E73: 489 | F73: hayday.info | G73: 1 | H73: 60 | I73: 51 | J73: 478 | K73: 240 | L73: 857 | M73: 0 | N73: 0 | O73: Fish Fillet x1 | P73: 1097 | Q73: 260 | R73: 26.75 | S73: 204 | T73: 1061 | U73: 224 | V73: 27.65 | W73: 11 | X73: 11 | Y73: 12.94 | Z73: 12.94 | AA73: Fish Fillet x1; Rice x15; Soy Sauce x1 | AB73: FALSE | AC73: match (mastered)
A74: Butter | B74: machine | C74: Dairy | D74: 9 | E74: 82 | F74: hayday.info | G74: 1 | H74: 30 | I74: 25 | J74: 64 | K74: 36.67 | L74: 30 | M74: 120 | N74: 0 | P74: 186.67 | Q74: 120 | R74: 26.36 | S74: 30.33 | T74: 180.33 | U74: 113 | V74: 27.28 | W74: 18 | X74: 36 | Y74: 43.2 | Z74: 42.35 | AA74: Milk x2 | AB74: TRUE | AC74: match (normal x0.85)
A75: Peanut Butter and Jelly Sandwich | B75: machine | C75: Sandwich Bar | D75: 71 | E75: 673 | F75: hayday.info | G75: 1 | H75: 25 | I75: 21 | J75: 528 | K75: 455 | L75: 12 | M75: 0 | N75: 1080 | O75: Peanuts x1 | P75: 1547 | Q75: 1525 | R75: 26.1 | S75: 386 | T75: 1478 | U75: 1458 | V75: 27.32 | W75: 145 | X75: 348 | Y75: 414.29 | Z75: 409.41 | AA75: Bread x2; Raspberry Jam x1; Peanuts x1 | AB75: FALSE | AC75: match (normal x0.85)
A76: Vanilla Ice Cream | B76: machine | C76: Ice Cream Maker | D76: 29 | E76: 172 | F76: hayday.info | G76: 1 | H76: 120 | I76: 102 | J76: 132 | K76: 186.67 | L76: 90 | M76: 120 | N76: 0 | P76: 396.67 | Q76: 230 | R76: 26.02 | S76: 158.33 | T76: 368.33 | U76: 207 | V76: 28.02 | W76: 40 | X76: 20 | Y76: 23.53 | Z76: 23.53 | AA76: Milk x1; Cream x1; White Sugar x1 | AB76: TRUE | AC76: match (mastered)
A77: Passion Fruit Pie | B77: machine | C77: Pie Oven | D77: 92 | E77: 111 | F77: hayday.info | G77: 1 | H77: 50 | I77: 42 | J77: 78 | K77: 51.67 | L77: 187 | M77: 20 | N77: 0 | P77: 258.67 | Q77: 110 | R77: 25.75 | S77: 43.33 | T77: 250.33 | U77: 102 | V77: 26.6 | W77: 33 | X77: 39.6 | Y77: 47.14 | Z77: 46.59 | AA77: Passion Fruit x3; Wheat x2; Egg x1 | AB77: FALSE | AC77: match (mastered)
A78: Syrup | B78: machine | C78: Sugar Mill | D78: 18 | E78: 90 | F78: hayday.info | G78: 1 | H78: 90 | I78: 76 | J78: 56 | K78: 90 | L78: 120 | M78: 0 | N78: 0 | P78: 210 | Q78: 120 | R78: 25.71 | S78: 76 | T78: 196 | U78: 106 | V78: 27.55 | W78: 34 | X78: 22.67 | Y78: 26.84 | Z78: 26.67 | AA78: Sugarcane x4 | AB78: TRUE | AC78: match (mastered)
A79: Soy Sauce | B79: machine | C79: Sauce Maker | D79: 54 | E79: 154 | F79: hayday.info | G79: 1 | H79: 180 | I79: 153 | J79: 93 | K79: 180 | L79: 182 | M79: 0 | N79: 0 | P79: 362 | Q79: 200 | R79: 25.52 | S79: 153 | T79: 335 | U79: 173 | V79: 27.58 | W79: 61 | X79: 20.33 | Y79: 23.92 | Z79: 23.92 | AA79: Soybean x9; Wheat x1 | AB79: FALSE | AC79: match (mastered)
A80: Plain Yogurt | B80: machine | C80: Yogurt Maker | D80: 103 | E80: 234 | F80: hayday.info | G80: 1 | H80: 120 | I80: 102 | J80: 196 | K80: 176.67 | L80: 75 | M80: 300 | N80: 0 | P80: 551.67 | Q80: 250 | R80: 25.45 | S80: 149.33 | T80: 524.33 | U80: 224 | V80: 26.78 | W80: 38 | X80: 19 | Y80: 22.35 | Z80: 22.35 | AA80: Milk x3; Cream x2 | AB80: FALSE | AC80: match (mastered)
A81: Egg Sushi | B81: machine | C81: Sushi Bar | D81: 63 | E81: 550 | F81: hayday.info | G81: 1 | H81: 120 | I81: 102 | J81: 528 | K81: 326.67 | L81: 899 | M81: 80 | N81: 0 | P81: 1305.67 | Q81: 320 | R81: 25.27 | S81: 277.33 | T81: 1256.33 | U81: 275 | V81: 26.27 | W81: 22 | X81: 11 | Y81: 12.94 | Z81: 12.94 | AA81: Brown Sugar x1; Egg x4; Rice x15; Soy Sauce x1 | AB81: FALSE | AC81: match (mastered)
A82: Cheese | B82: machine | C82: Dairy | D82: 12 | E82: 122 | F82: hayday.info | G82: 1 | H82: 60 | I82: 51 | J82: 96 | K82: 70 | L82: 45 | M82: 180 | N82: 0 | P82: 295 | Q82: 150 | R82: 24.81 | S82: 59 | T82: 284 | U82: 139 | V82: 25.77 | W82: 26 | X82: 26 | Y82: 30.59 | Z82: 30.59 | AA82: Milk x3 | AB82: TRUE | AC82: match (mastered)
A83: Pumpkin Soup | B83: machine | C83: Soup Kitchen | D83: 49 | E83: 392 | F83: hayday.info | G83: 1 | H83: 120 | I83: 102 | J83: 346 | K83: 176.67 | L83: 590 | M83: 190 | N83: 0 | P83: 956.67 | Q83: 300 | R83: 24.59 | S83: 149.33 | T83: 929.33 | U83: 282 | V83: 25.31 | W83: 46 | X83: 23 | Y83: 27.06 | Z83: 27.06 | AA83: Pumpkin x3; Butter x1; Honey x1; Carrot x2 | AB83: FALSE | AC83: match (mastered)
A84: Milk | B84: animal | C84: Cow | D84: 6 | E84: 32 | F84: hayday.info | G84: 1 | H84: 60 | J84: 14 | K84: 3.33 | L84: 15 | M84: 60 | N84: 0 | P84: 78.33 | Q84: 90 | R84: 24.51 | S84: 2.67 | T84: 77.67 | U84: 88 | V84: 24.72 | W84: 18 | X84: 18 | Y84: 18 | Z84: 18 | AA84: Cow Feed x1 | AB84: TRUE
A85: Rice Noodles | B85: machine | C85: Pasta Maker | D85: 73 | E85: 100 | F85: hayday.info | G85: 1 | H85: 20 | I85: 17 | J85: 90 | K85: 20 | L85: 225 | M85: 0 | N85: 0 | P85: 245 | Q85: 65 | R85: 24.49 | S85: 17 | T85: 242 | U85: 62 | V85: 24.79 | W85: 10 | X85: 30 | Y85: 35.29 | Z85: 35.29 | AA85: Rice x5 | AB85: FALSE | AC85: match (mastered)
A86: Cheesecake | B86: machine | C86: Cake Oven | D86: 24 | E86: 284 | F86: hayday.info | G86: 1 | H86: 240 | I86: 204 | J86: 226 | K86: 393.33 | L86: 85 | M86: 220 | N86: 0 | P86: 698.33 | Q86: 390 | R86: 24.4 | S86: 333.67 | T86: 638.67 | U86: 343 | V86: 26.68 | W86: 58 | X86: 14.5 | Y86: 17.06 | Z86: 17.06 | AA86: Cheese x1; Cookie x1 | AB86: TRUE | AC86: match (mastered)
A87: Cucumber | B87: field | C87: Farm | D87: 70 | E87: 14 | F87: hayday.info | G87: 1 | H87: 35 | J87: 0 | K87: 0 | L87: 35 | M87: 0 | N87: 0 | P87: 35 | Q87: 35 | R87: 24 | S87: 0 | T87: 35 | U87: 35 | V87: 24 | W87: 14 | X87: 24 | Y87: 24 | Z87: 24 | AB87: FALSE
A88: Tart Dressing | B88: machine | C88: Sauce Maker | D88: 100 | E88: 288 | F88: hayday.info | G88: 1 | H88: 30 | I88: 25 | J88: 262 | K88: 50 | L88: 600 | M88: 70 | N88: 0 | P88: 720 | Q88: 270 | R88: 24 | S88: 42 | T88: 712 | U88: 265 | V88: 24.27 | W88: 26 | X88: 52 | Y88: 62.4 | Z88: 61.18 | AA88: Passion Fruit x2; Chili Pepper x2; Honey x1 | AB88: FALSE | AC88: match (normal x0.85)
A89: Cabbage | B89: field | C89: Farm | D89: 65 | E89: 18 | F89: hayday.info | G89: 1 | H89: 45 | J89: 0 | K89: 0 | L89: 45 | M89: 0 | N89: 0 | P89: 45 | Q89: 45 | R89: 24 | S89: 0 | T89: 45 | U89: 45 | V89: 24 | W89: 18 | X89: 24 | Y89: 24 | Z89: 24 | AB89: FALSE
A90: Rice | B90: field | C90: Farm | D90: 56 | E90: 18 | F90: hayday.info | G90: 1 | H90: 45 | J90: 0 | K90: 0 | L90: 45 | M90: 0 | N90: 0 | P90: 45 | Q90: 45 | R90: 24 | S90: 0 | T90: 45 | U90: 45 | V90: 24 | W90: 18 | X90: 24 | Y90: 24 | Z90: 24 | AB90: FALSE
A91: Sesame Ice Cream | B91: machine | C91: Ice Cream Maker | D91: 50 | E91: 176 | F91: hayday.info | G91: 1 | H91: 120 | I91: 102 | J91: 136 | K91: 163.33 | L91: 225 | M91: 60 | N91: 0 | P91: 448.33 | Q91: 230 | R91: 23.55 | S91: 138.67 | T91: 423.67 | U91: 207 | V91: 24.93 | W91: 40 | X91: 20 | Y91: 23.53 | Z91: 23.53 | AA91: Cream x1; Sesame x3; Brown Sugar x1 | AB91: FALSE | AC91: match (mastered)
A92: Passion Fruit Juice | B92: machine | C92: Juice Press | D92: 88 | E92: 64 | F92: hayday.info | G92: 1 | H92: 45 | I92: 38 | J92: 36 | K92: 45 | L92: 120 | M92: 0 | N92: 0 | P92: 165 | Q92: 105 | R92: 23.27 | S92: 38 | T92: 158 | U92: 98 | V92: 24.3 | W92: 28 | X92: 37.33 | Y92: 44.21 | Z92: 43.92 | AA92: Passion Fruit x2 | AB92: FALSE | AC92: match (mastered)
A93: Honey Face Mask | B93: machine | C93: Bath Kiosk | D93: 99 | E93: 320 | F93: hayday.info | G93: 1 | H93: 90 | I93: 77 | J93: 283 | K93: 113.33 | L93: 6 | M93: 110 | N93: 600 | P93: 829.33 | Q93: 1890 | R93: 23.15 | S93: 96.67 | T93: 812.67 | U93: 1877 | V93: 23.63 | W93: 37 | X93: 24.67 | Y93: 28.83 | Z93: 29.02 | AA93: Egg x2; Honey x1; Lemon x1 | AB93: FALSE | AC93: match (mastered)
A94: Cookie Cupcake | B94: machine | C94: Cupcake Maker | D94: 114 | E94: 712 | F94: hayday.info | G94: 1 | H94: 120 | I94: 102 | J94: 674 | K94: 501.67 | L94: 333 | M94: 340 | N94: 700 | P94: 1874.67 | Q94: 2220 | R94: 22.79 | S94: 425.33 | T94: 1798.33 | U94: 2202 | V94: 23.76 | W94: 38 | X94: 19 | Y94: 22.35 | Z94: 69 | AA94: Plain Cupcake x1; Cream x2; Cookie x2; Cacao x1 | AB94: FALSE | AC94: differs - check recipe / ingredient prices
A95: Floral Candle | B95: machine | C95: Candle Maker | D95: 95 | E95: 442 | F95: hayday.info | G95: 1 | H95: 120 | I95: 102 | J95: 398 | K95: 165 | L95: 900 | M95: 105 | N95: 0 | P95: 1170 | Q95: 360 | R95: 22.67 | S95: 140 | T95: 1145 | U95: 342 | V95: 23.16 | W95: 44 | X95: 22 | Y95: 25.88 | Z95: 11.18 | AA95: Beeswax x1; Peony x2; Sunflower x2; Indigo x2 | AB95: FALSE | AC95: differs - check recipe / ingredient prices
A96: Noodle Soup | B96: machine | C96: Soup Kitchen | D96: 73 | E96: 432 | F96: hayday.info | G96: 1 | H96: 120 | I96: 102 | J96: 386 | K96: 183.33 | L96: 941 | M96: 40 | N96: 0 | P96: 1164.33 | Q96: 360 | R96: 22.26 | S96: 155.67 | T96: 1136.67 | U96: 342 | V96: 22.8 | W96: 46 | X96: 23 | Y96: 27.06 | Z96: 27.06 | AA96: Carrot x2; Chili Pepper x1; Egg x2; Rice Noodles x3 | AB96: FALSE | AC96: match (mastered)
A97: Gingerbread Cookie | B97: machine | C97: Bakery | D97: 86 | E97: 273 | F97: hayday.info | G97: 1 | H97: 30 | I97: 25 | J97: 243 | K97: 156.67 | L97: 460 | M97: 120 | N97: 0 | P97: 736.67 | Q97: 180 | R97: 22.24 | S97: 131.33 | T97: 711.33 | U97: 175 | V97: 23.03 | W97: 30 | X97: 60 | Y97: 72 | Z97: 70.59 | AA97: Wheat x5; Butter x1; Syrup x1; Ginger x2 | AB97: FALSE | AC97: match (normal x0.85)
A98: Raspberry Candle | B98: machine | C98: Candle Maker | D98: 52 | E98: 360 | F98: hayday.info | G98: 1 | H98: 105 | I98: 89 | J98: 326 | K98: 150 | L98: 0 | M98: 105 | N98: 720 | P98: 975 | Q98: 1185 | R98: 22.15 | S98: 127 | T98: 952 | U98: 1169 | V98: 22.69 | W98: 34 | X98: 19.43 | Y98: 22.92 | Z98: 22.86 | AA98: Beeswax x1; Raspberry x2 | AB98: FALSE | AC98: match (mastered)
A99: Pasta Carbonara | B99: machine | C99: Pasta Kitchen | D99: 83 | E99: 410 | F99: hayday.info | G99: 1 | H99: 150 | I99: 127 | J99: 369 | K99: 285 | L99: 95.67 | M99: 740 | N99: 0 | P99: 1120.67 | Q99: 430 | R99: 21.95 | S99: 238.67 | T99: 1074.33 | U99: 404 | V99: 22.9 | W99: 41 | X99: 16.4 | Y99: 19.37 | Z99: 19.29 | AA99: Fresh Pasta x3; Bacon x2; Egg x1; Cheese x1 | AB99: FALSE | AC99: match (mastered)
A100: Lamb Soup | B100: machine | C100: Soup Kitchen | D100: 46 | E100: 180 | F100: Fandom | G100: 1 | H100: 120 | I100: 102 | J100: 140 | K100: 146.67 | L100: 293.33 | M100: 60 | N100: 0 | P100: 500 | Q100: 340 | R100: 21.6 | S100: 124.33 | T100: 477.67 | U100: 322 | V100: 22.61 | W100: 40 | X100: 20 | Y100: 23.53 | AA100: Grilled Lamb Skewer x1; Potato x1; Carrot x2 | AB100: FALSE
...

Sheet merged_clean
A1: Product | B1: Machine | C1: Level | D1: Time normal (min) | E1: Time mastered (min) | F1: Time in hayday.info (min) | G1: hayday.info time basis | H1: Sell price | I1: Sell price (Fandom, if different) | J1: XP | K1: XP (Fandom, if different) | L1: Profit/hr (site) | M1: XP/hr (site) | N1: Flag | O1: Found in | P1: Status | Q1: Conflict fields | R1: Source | S1: Fandom page
A2: Egg | B2: Animal Products | C2: 1 | F2: 20 | G2: =IF(OR(F2="",AND(D2="",E2="")),"n/a",IF(F2=E2,"mastered",IF(F2=D2,"normal","differs"))) | H2: 18 | J2: 2 | L2: 33 | M2: 6 | N2: =IF(L2="","",IF(L2<0,"negative profit",IF(L2>Notes!$B$4,"unusually high - verify",""))) | O2: hayday.info | P2: =IF(O2<>"both",O2&" only",IF(Q2="","agree","conflict")) | Q2: =IF(O2="both",TRIM(IF(I2<>"","price ","")&IF(K2<>"","xp ","")&IF(G2="differs","time","")),"") | R2: hayday.info /api/production-data only
A3: Milk | B3: Animal Products | C3: 6 | F3: 60 | G3: =IF(OR(F3="",AND(D3="",E3="")),"n/a",IF(F3=E3,"mastered",IF(F3=D3,"normal","differs"))) | H3: 32 | J3: 3 | L3: 18 | M3: 3 | N3: =IF(L3="","",IF(L3<0,"negative profit",IF(L3>Notes!$B$4,"unusually high - verify",""))) | O3: hayday.info | P3: =IF(O3<>"both",O3&" only",IF(Q3="","agree","conflict")) | Q3: =IF(O3="both",TRIM(IF(I3<>"","price ","")&IF(K3<>"","xp ","")&IF(G3="differs","time","")),"") | R3: hayday.info /api/production-data only
A4: Bacon | B4: Animal Products | C4: 10 | F4: 240 | G4: =IF(OR(F4="",AND(D4="",E4="")),"n/a",IF(F4=E4,"mastered",IF(F4=D4,"normal","differs"))) | H4: 50 | J4: 5 | L4: -2.5 | M4: 1.25 | N4: =IF(L4="","",IF(L4<0,"negative profit",IF(L4>Notes!$B$4,"unusually high - verify",""))) | O4: hayday.info | P4: =IF(O4<>"both",O4&" only",IF(Q4="","agree","conflict")) | Q4: =IF(O4="both",TRIM(IF(I4<>"","price ","")&IF(K4<>"","xp ","")&IF(G4="differs","time","")),"") | R4: hayday.info /api/production-data only
A5: Wool | B5: Animal Products | C5: 16 | F5: 360 | G5: =IF(OR(F5="",AND(D5="",E5="")),"n/a",IF(F5=E5,"mastered",IF(F5=D5,"normal","differs"))) | H5: 54 | J5: 5 | L5: -0.83333333 | M5: 0.83333333 | N5: =IF(L5="","",IF(L5<0,"negative profit",IF(L5>Notes!$B$4,"unusually high - verify",""))) | O5: hayday.info | P5: =IF(O5<>"both",O5&" only",IF(Q5="","agree","conflict")) | Q5: =IF(O5="both",TRIM(IF(I5<>"","price ","")&IF(K5<>"","xp ","")&IF(G5="differs","time","")),"") | R5: hayday.info /api/production-data only
A6: Goat Milk | B6: Animal Products | C6: 32 | F6: 480 | G6: =IF(OR(F6="",AND(D6="",E6="")),"n/a",IF(F6=E6,"mastered",IF(F6=D6,"normal","differs"))) | H6: 64 | J6: 6 | L6: -1.25 | M6: 0.75 | N6: =IF(L6="","",IF(L6<0,"negative profit",IF(L6>Notes!$B$4,"unusually high - verify",""))) | O6: hayday.info | P6: =IF(O6<>"both",O6&" only",IF(Q6="","agree","conflict")) | Q6: =IF(O6="both",TRIM(IF(I6<>"","price ","")&IF(K6<>"","xp ","")&IF(G6="differs","time","")),"") | R6: hayday.info /api/production-data only
A7: Bread | B7: Bakery | C7: 2 | D7: 5 | E7: 4 | F7: 4 | G7: =IF(OR(F7="",AND(D7="",E7="")),"n/a",IF(F7=E7,"mastered",IF(F7=D7,"normal","differs"))) | H7: 21 | J7: 3 | L7: 169.41176 | M7: 42.352941 | N7: =IF(L7="","",IF(L7<0,"negative profit",IF(L7>Notes!$B$4,"unusually high - verify",""))) | O7: both | P7: =IF(O7<>"both",O7&" only",IF(Q7="","agree","conflict")) | Q7: =IF(O7="both",TRIM(IF(I7<>"","price ","")&IF(K7<>"","xp ","")&IF(G7="differs","time","")),"") | R7: hayday.info (primary values) + Fandom (times, cross-check) | S7: https://hayday.fandom.com/wiki/Bakery
A8: Corn Bread | B8: Bakery | C8: 7 | D8: 30 | E8: 25 | F8: 25 | G8: =IF(OR(F8="",AND(D8="",E8="")),"n/a",IF(F8=E8,"mastered",IF(F8=D8,"normal","differs"))) | H8: 72 | J8: 8 | L8: 51.764706 | M8: 18.823529 | N8: =IF(L8="","",IF(L8<0,"negative profit",IF(L8>Notes!$B$4,"unusually high - verify",""))) | O8: both | P8: =IF(O8<>"both",O8&" only",IF(Q8="","agree","conflict")) | Q8: =IF(O8="both",TRIM(IF(I8<>"","price ","")&IF(K8<>"","xp ","")&IF(G8="differs","time","")),"") | R8: hayday.info (primary values) + Fandom (times, cross-check) | S8: https://hayday.fandom.com/wiki/Bakery
A9: Cookie | B9: Bakery | C9: 10 | D9: 60 | E9: 51 | F9: 51 | G9: =IF(OR(F9="",AND(D9="",E9="")),"n/a",IF(F9=E9,"mastered",IF(F9=D9,"normal","differs"))) | H9: 104 | J9: 13 | L9: 35.294118 | M9: 15.294118 | N9: =IF(L9="","",IF(L9<0,"negative profit",IF(L9>Notes!$B$4,"unusually high - verify",""))) | O9: both | P9: =IF(O9<>"both",O9&" only",IF(Q9="","agree","conflict")) | Q9: =IF(O9="both",TRIM(IF(I9<>"","price ","")&IF(K9<>"","xp ","")&IF(G9="differs","time","")),"") | R9: hayday.info (primary values) + Fandom (times, cross-check) | S9: https://hayday.fandom.com/wiki/Bakery
A10: Raspberry Muffin | B10: Bakery | C10: 19 | D10: 45 | E10: 38 | F10: 38 | G10: =IF(OR(F10="",AND(D10="",E10="")),"n/a",IF(F10=E10,"mastered",IF(F10=D10,"normal","differs"))) | H10: 140 | J10: 17 | L10: 37.647059 | M10: 26.666667 | N10: =IF(L10="","",IF(L10<0,"negative profit",IF(L10>Notes!$B$4,"unusually high - verify",""))) | O10: both | P10: =IF(O10<>"both",O10&" only",IF(Q10="","agree","conflict")) | Q10: =IF(O10="both",TRIM(IF(I10<>"","price ","")&IF(K10<>"","xp ","")&IF(G10="differs","time","")),"") | R10: hayday.info (primary values) + Fandom (times, cross-check) | S10: https://hayday.fandom.com/wiki/Bakery
A11: Blackberry Muffin | B11: Bakery | C11: 26 | D11: 45 | E11: 38 | F11: 38 | G11: =IF(OR(F11="",AND(D11="",E11="")),"n/a",IF(F11=E11,"mastered",IF(F11=D11,"normal","differs"))) | H11: 226 | J11: 27 | L11: 36.078431 | M11: 42.352941 | N11: =IF(L11="","",IF(L11<0,"negative profit",IF(L11>Notes!$B$4,"unusually high - verify",""))) | O11: both | P11: =IF(O11<>"both",O11&" only",IF(Q11="","agree","conflict")) | Q11: =IF(O11="both",TRIM(IF(I11<>"","price ","")&IF(K11<>"","xp ","")&IF(G11="differs","time","")),"") | R11: hayday.info (primary values) + Fandom (times, cross-check) | S11: https://hayday.fandom.com/wiki/Bakery
A12: Pizza | B12: Bakery | C12: 33 | D12: 15 | E12: 12 | F12: 12 | G12: =IF(OR(F12="",AND(D12="",E12="")),"n/a",IF(F12=E12,"mastered",IF(F12=D12,"normal","differs"))) | H12: 190 | J12: 23 | L12: 89.411765 | M12: 108.23529 | N12: =IF(L12="","",IF(L12<0,"negative profit",IF(L12>Notes!$B$4,"unusually high - verify",""))) | O12: both | P12: =IF(O12<>"both",O12&" only",IF(Q12="","agree","conflict")) | Q12: =IF(O12="both",TRIM(IF(I12<>"","price ","")&IF(K12<>"","xp ","")&IF(G12="differs","time","")),"") | R12: hayday.info (primary values) + Fandom (times, cross-check) | S12: https://hayday.fandom.com/wiki/Bakery
A13: Spicy Pizza | B13: Bakery | C13: 37 | D13: 15 | E13: 12 | F13: 12 | G13: =IF(OR(F13="",AND(D13="",E13="")),"n/a",IF(F13=E13,"mastered",IF(F13=D13,"normal","differs"))) | H13: 226 | J13: 27 | L13: 89.411765 | M13: 127.05882 | N13: =IF(L13="","",IF(L13<0,"negative profit",IF(L13>Notes!$B$4,"unusually high - verify",""))) | O13: both | P13: =IF(O13<>"both",O13&" only",IF(Q13="","agree","conflict")) | Q13: =IF(O13="both",TRIM(IF(I13<>"","price ","")&IF(K13<>"","xp ","")&IF(G13="differs","time","")),"") | R13: hayday.info (primary values) + Fandom (times, cross-check) | S13: https://hayday.fandom.com/wiki/Bakery
A14: Potato Bread | B14: Bakery | C14: 39 | D14: 45 | E14: 38 | F14: 38 | G14: =IF(OR(F14="",AND(D14="",E14="")),"n/a",IF(F14=E14,"mastered",IF(F14=D14,"normal","differs"))) | H14: 284 | J14: 34 | L14: 40.784314 | M14: 53.333333 | N14: =IF(L14="","",IF(L14<0,"negative profit",IF(L14>Notes!$B$4,"unusually high - verify",""))) | O14: both | P14: =IF(O14<>"both",O14&" only",IF(Q14="","agree","conflict")) | Q14: =IF(O14="both",TRIM(IF(I14<>"","price ","")&IF(K14<>"","xp ","")&IF(G14="differs","time","")),"") | R14: hayday.info (primary values) + Fandom (times, cross-check) | S14: https://hayday.fandom.com/wiki/Bakery
A15: Frutti di Mare Pizza | B15: Bakery | C15: 45 | F15: 12 | G15: =IF(OR(F15="",AND(D15="",E15="")),"n/a",IF(F15=E15,"mastered",IF(F15=D15,"normal","differs"))) | H15: 403 | J15: 48 | L15: 94.117647 | M15: 225.88235 | N15: =IF(L15="","",IF(L15<0,"negative profit",IF(L15>Notes!$B$4,"unusually high - verify",""))) | O15: hayday.info | P15: =IF(O15<>"both",O15&" only",IF(Q15="","agree","conflict")) | Q15: =IF(O15="both",TRIM(IF(I15<>"","price ","")&IF(K15<>"","xp ","")&IF(G15="differs","time","")),"") | R15: hayday.info /api/production-data only
A16: Gingerbread Cookie | B16: Bakery | C16: 86 | F16: 25 | G16: =IF(OR(F16="",AND(D16="",E16="")),"n/a",IF(F16=E16,"mastered",IF(F16=D16,"normal","differs"))) | H16: 273 | J16: 33 | L16: 70.588235 | M16: 77.647059 | N16: =IF(L16="","",IF(L16<0,"negative profit",IF(L16>Notes!$B$4,"unusually high - verify",""))) | O16: hayday.info | P16: =IF(O16<>"both",O16&" only",IF(Q16="","agree","conflict")) | Q16: =IF(O16="both",TRIM(IF(I16<>"","price ","")&IF(K16<>"","xp ","")&IF(G16="differs","time","")),"") | R16: hayday.info /api/production-data only
A17: Banana Bread | B17: Bakery | C17: 91 | F17: 25 | G17: =IF(OR(F17="",AND(D17="",E17="")),"n/a",IF(F17=E17,"mastered",IF(F17=D17,"normal","differs"))) | H17: 424 | J17: 50 | L17: 49.411765 | M17: 117.64706 | N17: =IF(L17="","",IF(L17<0,"negative profit",IF(L17>Notes!$B$4,"unusually high - verify",""))) | O17: hayday.info | P17: =IF(O17<>"both",O17&" only",IF(Q17="","agree","conflict")) | Q17: =IF(O17="both",TRIM(IF(I17<>"","price ","")&IF(K17<>"","xp ","")&IF(G17="differs","time","")),"") | R17: hayday.info /api/production-data only
A18: Macaroon | B18: Bakery | C18: 101 | F18: 30 | G18: =IF(OR(F18="",AND(D18="",E18="")),"n/a",IF(F18=E18,"mastered",IF(F18=D18,"normal","differs"))) | H18: 421 | J18: 50 | L18: 38 | M18: 100 | N18: =IF(L18="","",IF(L18<0,"negative profit",IF(L18>Notes!$B$4,"unusually high - verify",""))) | O18: hayday.info | P18: =IF(O18<>"both",O18&" only",IF(Q18="","agree","conflict")) | Q18: =IF(O18="both",TRIM(IF(I18<>"","price ","")&IF(K18<>"","xp ","")&IF(G18="differs","time","")),"") | R18: hayday.info /api/production-data only
A19: Honey Soap | B19: Bath Kiosk | C19: 84 | F19: 51 | G19: =IF(OR(F19="",AND(D19="",E19="")),"n/a",IF(F19=E19,"mastered",IF(F19=D19,"normal","differs"))) | H19: 327 | J19: 39 | L19: 27.058824 | M19: 45.882353 | N19: =IF(L19="","",IF(L19<0,"negative profit",IF(L19>Notes!$B$4,"unusually high - verify",""))) | O19: hayday.info | P19: =IF(O19<>"both",O19&" only",IF(Q19="","agree","conflict")) | Q19: =IF(O19="both",TRIM(IF(I19<>"","price ","")&IF(K19<>"","xp ","")&IF(G19="differs","time","")),"") | R19: hayday.info /api/production-data only
A20: Lemon Lotion | B20: Bath Kiosk | C20: 84 | F20: 63 | G20: =IF(OR(F20="",AND(D20="",E20="")),"n/a",IF(F20=E20,"mastered",IF(F20=D20,"normal","differs"))) | H20: 403 | J20: 48 | L20: 31.058824 | M20: 45.176471 | N20: =IF(L20="","",IF(L20<0,"negative profit",IF(L20>Notes!$B$4,"unusually high - verify",""))) | O20: hayday.info | P20: =IF(O20<>"both",O20&" only",IF(Q20="","agree","conflict")) | Q20: =IF(O20="both",TRIM(IF(I20<>"","price ","")&IF(K20<>"","xp ","")&IF(G20="differs","time","")),"") | R20: hayday.info /api/production-data only
A21: Exfoliating Soap | B21: Bath Kiosk | C21: 93 | F21: 51 | G21: =IF(OR(F21="",AND(D21="",E21="")),"n/a",IF(F21=E21,"mastered",IF(F21=D21,"normal","differs"))) | H21: 363 | J21: 43 | L21: 20 | M21: 50.588235 | N21: =IF(L21="","",IF(L21<0,"negative profit",IF(L21>Notes!$B$4,"unusually high - verify",""))) | O21: hayday.info | P21: =IF(O21<>"both",O21&" only",IF(Q21="","agree","conflict")) | Q21: =IF(O21="both",TRIM(IF(I21<>"","price ","")&IF(K21<>"","xp ","")&IF(G21="differs","time","")),"") | R21: hayday.info /api/production-data only
A22: Honey Face Mask | B22: Bath Kiosk | C22: 99 | F22: 76 | G22: =IF(OR(F22="",AND(D22="",E22="")),"n/a",IF(F22=E22,"mastered",IF(F22=D22,"normal","differs"))) | H22: 320 | J22: 38 | L22: 29.019608 | M22: 29.803922 | N22: =IF(L22="","",IF(L22<0,"negative profit",IF(L22>Notes!$B$4,"unusually high - verify",""))) | O22: hayday.info | P22: =IF(O22<>"both",O22&" only",IF(Q22="","agree","conflict")) | Q22: =IF(O22="both",TRIM(IF(I22<>"","price ","")&IF(K22<>"","xp ","")&IF(G22="differs","time","")),"") | R22: hayday.info /api/production-data only
A23: Pancake | B23: BBQ Grill | C23: 9 | F23: 25 | G23: =IF(OR(F23="",AND(D23="",E23="")),"n/a",IF(F23=E23,"mastered",IF(F23=D23,"normal","differs"))) | H23: 108 | J23: 13 | L23: 51.764706 | M23: 30.588235 | N23: =IF(L23="","",IF(L23<0,"negative profit",IF(L23>Notes!$B$4,"unusually high - verify",""))) | O23: hayday.info | P23: =IF(O23<>"both",O23&" only",IF(Q23="","agree","conflict")) | Q23: =IF(O23="both",TRIM(IF(I23<>"","price ","")&IF(K23<>"","xp ","")&IF(G23="differs","time","")),"") | R23: hayday.info /api/production-data only
A24: Bacon and Eggs | B24: BBQ Grill | C24: 11 | F24: 51 | G24: =IF(OR(F24="",AND(D24="",E24="")),"n/a",IF(F24=E24,"mastered",IF(F24=D24,"normal","differs"))) | H24: 201 | J24: 24 | L24: 34.117647 | M24: 28.235294 | N24: =IF(L24="","",IF(L24<0,"negative profit",IF(L24>Notes!$B$4,"unusually high - verify",""))) | O24: hayday.info | P24: =IF(O24<>"both",O24&" only",IF(Q24="","agree","conflict")) | Q24: =IF(O24="both",TRIM(IF(I24<>"","price ","")&IF(K24<>"","xp ","")&IF(G24="differs","time","")),"") | R24: hayday.info /api/production-data only
A25: Hamburger | B25: BBQ Grill | C25: 18 | F25: 102 | G25: =IF(OR(F25="",AND(D25="",E25="")),"n/a",IF(F25=E25,"mastered",IF(F25=D25,"normal","differs"))) | H25: 180 | J25: 22 | L25: 22.352941 | M25: 12.941176 | N25: =IF(L25="","",IF(L25<0,"negative profit",IF(L25>Notes!$B$4,"unusually high - verify",""))) | O25: hayday.info | P25: =IF(O25<>"both",O25&" only",IF(Q25="","agree","conflict")) | Q25: =IF(O25="both",TRIM(IF(I25<>"","price ","")&IF(K25<>"","xp ","")&IF(G25="differs","time","")),"") | R25: hayday.info /api/production-data only
A26: Fish Burger | B26: BBQ Grill | C26: 27 | F26: 102 | G26: =IF(OR(F26="",AND(D26="",E26="")),"n/a",IF(F26=E26,"mastered",IF(F26=D26,"normal","differs"))) | H26: 226 | J26: 27 | L26: 23.529412 | M26: 15.882353 | N26: =IF(L26="","",IF(L26<0,"negative profit",IF(L26>Notes!$B$4,"unusually high - verify",""))) | O26: hayday.info | P26: =IF(O26<>"both",O26&" only",IF(Q26="","agree","conflict")) | Q26: =IF(O26="both",TRIM(IF(I26<>"","price ","")&IF(K26<>"","xp ","")&IF(G26="differs","time","")),"") | R26: hayday.info /api/production-data only
... A37: Fish Skewer | B37: BBQ Grill | C37: 96 | F37: 25 | G37: =IF(OR(F37="",AND(D37="",E37="")),"n/a",IF(F37=E37,"mastered",IF(F37=D37,"normal","differs"))) | H37: 176 | J37: 21 | L37: 65.882353 | M37: 49.411765 | N37: =IF(L37="","",IF(L37<0,"negative profit",IF(L37>Notes!$B$4,"unusually high - verify",""))) | O37: hayday.info | P37: =IF(O37<>"both",O37&" only",IF(Q37="","agree","conflict")) | Q37: =IF(O37="both",TRIM(IF(I37<>"","price ","")&IF(K37<>"","xp ","")&IF(G37="differs","time","")),"") | R37: hayday.info /api/production-data only
A38: Carrot Cake | B38: Cake Oven | C38: 21 | D38: 90 | E38: 76 | F38: 76 | G38: =IF(OR(F38="",AND(D38="",E38="")),"n/a",IF(F38=E38,"mastered",IF(F38=D38,"normal","differs"))) | H38: 165 | J38: 20 | L38: 29.019608 | M38: 15.686275 | N38: =IF(L38="","",IF(L38<0,"negative profit",IF(L38>Notes!$B$4,"unusually high - verify",""))) | O38: both | P38: =IF(O38<>"both",O38&" only",IF(Q38="","agree","conflict")) | Q38: =IF(O38="both",TRIM(IF(I38<>"","price ","")&IF(K38<>"","xp ","")&IF(G38="differs","time","")),"") | R38: hayday.info (primary values) + Fandom (times, cross-check) | S38: https://hayday.fandom.com/wiki/Cake_Oven
A39: Cream Cake | B39: Cake Oven | C39: 23 | D39: 180 | E39: 153 | F39: 153 | G39: =IF(OR(F39="",AND(D39="",E39="")),"n/a",IF(F39=E39,"mastered",IF(F39=D39,"normal","differs"))) | H39: 219 | J39: 26 | L39: 40.784314 | M39: 10.196078 | N39: =IF(L39="","",IF(L39<0,"negative profit",IF(L39>Notes!$B$4,"unusually high - verify",""))) | O39: both | P39: =IF(O39<>"both",O39&" only",IF(Q39="","agree","conflict")) | Q39: =IF(O39="both",TRIM(IF(I39<>"","price ","")&IF(K39<>"","xp ","")&IF(G39="differs","time","")),"") | R39: hayday.info (primary values) + Fandom (times, cross-check) | S39: https://hayday.fandom.com/wiki/Cake_Oven
A40: Red Berry Cake | B40: Cake Oven | C40: 23 | D40: 60 | E40: 51 | F40: 51 | G40: =IF(OR(F40="",AND(D40="",E40="")),"n/a",IF(F40=E40,"mastered",IF(F40=D40,"normal","differs"))) | H40: 255 | J40: 31 | L40: 27.058824 | M40: 36.470588 | N40: =IF(L40="","",IF(L40<0,"negative profit",IF(L40>Notes!$B$4,"unusually high - verify",""))) | O40: both | P40: =IF(O40<>"both",O40&" only",IF(Q40="","agree","conflict")) | Q40: =IF(O40="both",TRIM(IF(I40<>"","price ","")&IF(K40<>"","xp ","")&IF(G40="differs","time","")),"") | R40: hayday.info (primary values) + Fandom (times, cross-check) | S40: https://hayday.fandom.com/wiki/Cake_Oven
A41: Cheesecake | B41: Cake Oven | C41: 24 | D41: 240 | E41: 204 | F41: 204 | G41: =IF(OR(F41="",AND(D41="",E41="")),"n/a",IF(F41=E41,"mastered",IF(F41=D41,"normal","differs"))) | H41: 284 | J41: 34 | L41: 17.058824 | M41: 10 | N41: =IF(L41="","",IF(L41<0,"negative profit",IF(L41>Notes!$B$4,"unusually high - verify",""))) | O41: both | P41: =IF(O41<>"both",O41&" only",IF(Q41="","agree","conflict")) | Q41: =IF(O41="both",TRIM(IF(I41<>"","price ","")&IF(K41<>"","xp ","")&IF(G41="differs","time","")),"") | R41: hayday.info (primary values) + Fandom (times, cross-check) | S41: https://hayday.fandom.com/wiki/Cake_Oven
A42: Strawberry Cake | B42: Cake Oven | C42: 35 | D42: 180 | E42: 153 | F42: 153 | G42: =IF(OR(F42="",AND(D42="",E42="")),"n/a",IF(F42=E42,"mastered",IF(F42=D42,"normal","differs"))) | H42: 316 | J42: 38 | L42: 41.960784 | M42: 14.901961 | N42: =IF(L42="","",IF(L42<0,"negative profit",IF(L42>Notes!$B$4,"unusually high - verify",""))) | O42: both | P42: =IF(O42<>"both",O42&" only",IF(Q42="","agree","conflict")) | Q42: =IF(O42="both",TRIM(IF(I42<>"","price ","")&IF(K42<>"","xp ","")&IF(G42="differs","time","")),"") | R42: hayday.info (primary values) + Fandom (times, cross-check) | S42: https://hayday.fandom.com/wiki/Cake_Oven
A43: Chocolate Cake | B43: Cake Oven | C43: 36 | D43: 120 | E43: 102 | F43: 102 | G43: =IF(OR(F43="",AND(D43="",E43="")),"n/a",IF(F43=E43,"mastered",IF(F43=D43,"normal","differs"))) | H43: 320 | J43: 38 | L43: 20 | M43: 22.352941 | N43: =IF(L43="","",IF(L43<0,"negative profit",IF(L43>Notes!$B$4,"unusually high - verify",""))) | O43: both | P43: =IF(O43<>"both",O43&" only",IF(Q43="","agree","conflict")) | Q43: =IF(O43="both",TRIM(IF(I43<>"","price ","")&IF(K43<>"","xp ","")&IF(G43="differs","time","")),"") | R43: hayday.info (primary values) + Fandom (times, cross-check) | S43: https://hayday.fandom.com/wiki/Cake_Oven
A44: Potato Feta Cake | B44: Cake Oven | C44: 38 | D44: 120 | E44: 102 | F44: 102 | G44: =IF(OR(F44="",AND(D44="",E44="")),"n/a",IF(F44=E44,"mastered",IF(F44=D44,"normal","differs"))) | H44: 309 | J44: 37 | L44: 22.941176 | M44: 21.764706 | N44: =IF(L44="","",IF(L44<0,"negative profit",IF(L44>Notes!$B$4,"unusually high - verify",""))) | O44: both | P44: =IF(O44<>"both",O44&" only",IF(Q44="","agree","conflict")) | Q44: =IF(O44="both",TRIM(IF(I44<>"","price ","")&IF(K44<>"","xp ","")&IF(G44="differs","time","")),"") | R44: hayday.info (primary values) + Fandom (times, cross-check) | S44: https://hayday.fandom.com/wiki/Cake_Oven
A45: Honey Apple Cake | B45: Cake Oven | C45: 42 | D45: 200 | E45: 170 | F45: 170 | G45: =IF(OR(F45="",AND(D45="",E45="")),"n/a",IF(F45=E45,"mastered",IF(F45=D45,"normal","differs"))) | H45: 482 | J45: 57 | L45: 19.058824 | M45: 20.117647 | N45: =IF(L45="","",IF(L45<0,"negative profit",IF(L45>Notes!$B$4,"unusually high - verify",""))) | O45: both | P45: =IF(O45<>"both",O45&" only",IF(Q45="","agree","conflict")) | Q45: =IF(O45="both",TRIM(IF(I45<>"","price ","")&IF(K45<>"","xp ","")&IF(G45="differs","time","")),"") | R45: hayday.info (primary values) + Fandom (times, cross-check) | S45: https://hayday.fandom.com/wiki/Cake_Oven
A46: Fancy Cake | B46: Cake Oven | C46: 54 | D46: 15 | E46: 12 | F46: 12 | G46: =IF(OR(F46="",AND(D46="",E46="")),"n/a",IF(F46=E46,"mastered",IF(F46=D46,"normal","differs"))) | H46: 450 | J46: 49 | L46: 42.352941 | M46: 230.58824 | N46: =IF(L46="","",IF(L46<0,"negative profit",IF(L46>Notes!$B$4,"unusually high - verify",""))) | O46: both | P46: =IF(O46<>"both",O46&" only",IF(Q46="","agree","conflict")) | Q46: =IF(O46="both",TRIM(IF(I46<>"","price ","")&IF(K46<>"","xp ","")&IF(G46="differs","time","")),"") | R46: hayday.info (primary values) + Fandom (times, cross-check) | S46: https://hayday.fandom.com/wiki/Cake_Oven
A47: Pineapple Cake | B47: Cake Oven | C47: 65 | D47: 75 | E47: 63 | F47: 63 | G47: =IF(OR(F47="",AND(D47="",E47="")),"n/a",IF(F47=E47,"mastered",IF(F47=D47,"normal","differs"))) | H47: 259 | J47: 31 | L47: 31.058824 | M47: 29.176471 | N47: =IF(L47="","",IF(L47<0,"negative profit",IF(L47>Notes!$B$4,"unusually high - verify",""))) | O47: both | P47: =IF(O47<>"both",O47&" only",IF(Q47="","agree","conflict")) | Q47: =IF(O47="both",TRIM(IF(I47<>"","price ","")&IF(K47<>"","xp ","")&IF(G47="differs","time","")),"") | R47: hayday.info (primary values) + Fandom (times, cross-check) | S47: https://hayday.fandom.com/wiki/Cake_Oven
A48: Lemon Cake | B48: Cake Oven | C48: 68 | D48: 150 | E48: 127 | F48: 127 | G48: =IF(OR(F48="",AND(D48="",E48="")),"n/a",IF(F48=E48,"mastered",IF(F48=D48,"normal","differs"))) | H48: 896 | J48: 107 | L48: 21.176471 | M48: 50.352941 | N48: =IF(L48="","",IF(L48<0,"negative profit",IF(L48>Notes!$B$4,"unusually high - verify",""))) | O48: both | P48: =IF(O48<>"both",O48&" only",IF(Q48="","agree","conflict")) | Q48: =IF(O48="both",TRIM(IF(I48<>"","price ","")&IF(K48<>"","xp ","")&IF(G48="differs","time","")),"") | R48: hayday.info (primary values) + Fandom (times, cross-check) | S48: https://hayday.fandom.com/wiki/Cake_Oven
A49: Fruit Cake | B49: Cake Oven | C49: 89 | D49: 180 | E49: 153 | F49: 153 | G49: =IF(OR(F49="",AND(D49="",E49="")),"n/a",IF(F49=E49,"mastered",IF(F49=D49,"normal","differs"))) | H49: 450 | J49: 54 | L49: 18.431373 | M49: 21.176471 | N49: =IF(L49="","",IF(L49<0,"negative profit",IF(L49>Notes!$B$4,"unusually high - verify",""))) | O49: both | P49: =IF(O49<>"both",O49&" only",IF(Q49="","agree","conflict")) | Q49: =IF(O49="both",TRIM(IF(I49<>"","price ","")&IF(K49<>"","xp ","")&IF(G49="differs","time","")),"") | R49: hayday.info (primary values) + Fandom (times, cross-check) | S49: https://hayday.fandom.com/wiki/Cake_Oven
A50: Chocolate Roll | B50: Cake Oven | C50: 95 | F50: 76 | G50: =IF(OR(F50="",AND(D50="",E50="")),"n/a",IF(F50=E50,"mastered",IF(F50=D50,"normal","differs"))) | H50: 604 | J50: 72 | L50: 14.901961 | M50: 56.470588 | N50: =IF(L50="","",IF(L50<0,"negative profit",IF(L50>Notes!$B$4,"unusually high - verify",""))) | O50: hayday.info | P50: =IF(O50<>"both",O50&" only",IF(Q50="","agree","conflict")) | Q50: =IF(O50="both",TRIM(IF(I50<>"","price ","")&IF(K50<>"","xp ","")&IF(G50="differs","time","")),"") | R50: hayday.info /api/production-data only
A51: Strawberry Candle | B51: Candle Maker | C51: 48 | D51: 120 | E51: 102 | F51: 102 | G51: =IF(OR(F51="",AND(D51="",E51="")),"n/a",IF(F51=E51,"mastered",IF(F51=D51,"normal","differs"))) | H51: 370 | J51: 44 | L51: 21.176471 | M51: 25.882353 | N51: =IF(L51="","",IF(L51<0,"negative profit",IF(L51>Notes!$B$4,"unusually high - verify",""))) | O51: both | P51: =IF(O51<>"both",O51&" only",IF(Q51="","agree","conflict")) | Q51: =IF(O51="both",TRIM(IF(I51<>"","price ","")&IF(K51<>"","xp ","")&IF(G51="differs","time","")),"") | R51: hayday.info (primary values) + Fandom (times, cross-check) | S51: https://hayday.fandom.com/wiki/Candle_Maker
A52: Raspberry Candle | B52: Candle Maker | C52: 52 | D52: 105 | E52: 89 | F52: 89 | G52: =IF(OR(F52="",AND(D52="",E52="")),"n/a",IF(F52=E52,"mastered",IF(F52=D52,"normal","differs"))) | H52: 360 | J52: 43 | L52: 22.857143 | M52: 28.907563 | N52: =IF(L52="","",IF(L52<0,"negative profit",IF(L52>Notes!$B$4,"unusually high - verify",""))) | O52: both | P52: =IF(O52<>"both",O52&" only",IF(Q52="","agree","conflict")) | Q52: =IF(O52="both",TRIM(IF(I52<>"","price ","")&IF(K52<>"","xp ","")&IF(G52="differs","time","")),"") | R52: hayday.info (primary values) + Fandom (times, cross-check) | S52: https://hayday.fandom.com/wiki/Candle_Maker
A53: Lemon Candle | B53: Candle Maker | C53: 72 | D53: 135 | E53: 114 | F53: 114 | G53: =IF(OR(F53="",AND(D53="",E53="")),"n/a",IF(F53=E53,"mastered",IF(F53=D53,"normal","differs"))) | H53: 457 | J53: 55 | L53: 19.346405 | M53: 28.75817 | N53: =IF(L53="","",IF(L53<0,"negative profit",IF(L53>Notes!$B$4,"unusually high - verify",""))) | O53: both | P53: =IF(O53<>"both",O53&" only",IF(Q53="","agree","conflict")) | Q53: =IF(O53="both",TRIM(IF(I53<>"","price ","")&IF(K53<>"","xp ","")&IF(G53="differs","time","")),"") | R53: hayday.info (primary values) + Fandom (times, cross-check) | S53: https://hayday.fandom.com/wiki/Candle_Maker
A54: Colorful Candles | B54: Candle Maker | C54: 84 | D54: 110 | E54: 93 | F54: 93 | G54: =IF(OR(F54="",AND(D54="",E54="")),"n/a",IF(F54=E54,"mastered",IF(F54=D54,"normal","differs"))) | H54: 324 | J54: 39 | L54: 23.743316 | M54: 25.026738 | N54: =IF(L54="","",IF(L54<0,"negative profit",IF(L54>Notes!$B$4,"unusually high - verify",""))) | O54: both | P54: =IF(O54<>"both",O54&" only",IF(Q54="","agree","conflict")) | Q54: =IF(O54="both",TRIM(IF(I54<>"","price ","")&IF(K54<>"","xp ","")&IF(G54="differs","time","")),"") | R54: hayday.info (primary values) + Fandom (times, cross-check) | S54: https://hayday.fandom.com/wiki/Candle_Maker
A55: Floral Candle | B55: Candle Maker | C55: 95 | D55: 120 | E55: 102 | F55: 102 | G55: =IF(OR(F55="",AND(D55="",E55="")),"n/a",IF(F55=E55,"mastered",IF(F55=D55,"normal","differs"))) | H55: 442 | J55: 53 | L55: 11.176471 | M55: 31.176471 | N55: =IF(L55="","",IF(L55<0,"negative profit",IF(L55>Notes!$B$4,"unusually high - verify",""))) | O55: both | P55: =IF(O55<>"both",O55&" only",IF(Q55="","agree","conflict")) | Q55: =IF(O55="both",TRIM(IF(I55<>"","price ","")&IF(K55<>"","xp ","")&IF(G55="differs","time","")),"") | R55: hayday.info (primary values) + Fandom (times, cross-check) | S55: https://hayday.fandom.com/wiki/Candle_Maker
A56: Caramel Apple | B56: Candy Machine | C56: 51 | D56: 120 | E56: 102 | F56: 102 | G56: =IF(OR(F56="",AND(D56="",E56="")),"n/a",IF(F56=E56,"mastered",IF(F56=D56,"normal","differs"))) | H56: 255 | J56: 31 | L56: 21.176471 | M56: 18.235294 | N56: =IF(L56="","",IF(L56<0,"negative profit",IF(L56>Notes!$B$4,"unusually high - verify",""))) | O56: both | P56: =IF(O56<>"both",O56&" only",IF(Q56="","agree","conflict")) | Q56: =IF(O56="both",TRIM(IF(I56<>"","price ","")&IF(K56<>"","xp ","")&IF(G56="differs","time","")),"") | R56: hayday.info (primary values) + Fandom (times, cross-check) | S56: https://hayday.fandom.com/wiki/Candy_Machine
A57: Toffee | B57: Candy Machine | C57: 52 | D57: 90 | E57: 76 | F57: 76 | G57: =IF(OR(F57="",AND(D57="",E57="")),"n/a",IF(F57=E57,"mastered",IF(F57=D57,"normal","differs"))) | H57: 176 | J57: 21 | L57: 32.156863 | M57: 16.470588 | N57: =IF(L57="","",IF(L57<0,"negative profit",IF(L57>Notes!$B$4,"unusually high - verify",""))) | O57: both | P57: =IF(O57<>"both",O57&" only",IF(Q57="","agree","conflict")) | Q57: =IF(O57="both",TRIM(IF(I57<>"","price ","")&IF(K57<>"","xp ","")&IF(G57="differs","time","")),"") | R57: hayday.info (primary values) + Fandom (times, cross-check) | S57: https://hayday.fandom.com/wiki/Candy_Machine
A58: Chocolate | B58: Candy Machine | C58: 54 | D58: 1200 | E58: 1020 | F58: 1020 | G58: =IF(OR(F58="",AND(D58="",E58="")),"n/a",IF(F58=E58,"mastered",IF(F58=D58,"normal","differs"))) | H58: 460 | J58: 55 | L58: 6 | M58: 3.2352941 | N58: =IF(L58="","",IF(L58<0,"negative profit",IF(L58>Notes!$B$4,"unusually high - verify",""))) | O58: both | P58: =IF(O58<>"both",O58&" only",IF(Q58="","agree","conflict")) | Q58: =IF(O58="both",TRIM(IF(I58<>"","price ","")&IF(K58<>"","xp ","")&IF(G58="differs","time","")),"") | R58: hayday.info (primary values) + Fandom (times, cross-check) | S58: https://hayday.fandom.com/wiki/Candy_Machine
A59: Lollipop | B59: Candy Machine | C59: 57 | D59: 720 | E59: 612 | F59: 612 | G59: =IF(OR(F59="",AND(D59="",E59="")),"n/a",IF(F59=E59,"mastered",IF(F59=D59,"normal","differs"))) | H59: 342 | J59: 41 | L59: 8.2352941 | M59: 4.0196078 | N59: =IF(L59="","",IF(L59<0,"negative profit",IF(L59>Notes!$B$4,"unusually high - verify",""))) | O59: both | P59: =IF(O59<>"both",O59&" only",IF(Q59="","agree","conflict")) | Q59: =IF(O59="both",TRIM(IF(I59<>"","price ","")&IF(K59<>"","xp ","")&IF(G59="differs","time","")),"") | R59: hayday.info (primary values) + Fandom (times, cross-check) | S59: https://hayday.fandom.com/wiki/Candy_Machine
A60: Jelly Beans | B60: Candy Machine | C60: 60 | D60: 1440 | E60: 1224 | F60: 1224 | G60: =IF(OR(F60="",AND(D60="",E60="")),"n/a",IF(F60=E60,"mastered",IF(F60=D60,"normal","differs"))) | H60: 684 | J60: 81 | L60: -0.29411765 | M60: 3.9705882 | N60: =IF(L60="","",IF(L60<0,"negative profit",IF(L60>Notes!$B$4,"unusually high - verify",""))) | O60: both | P60: =IF(O60<>"both",O60&" only",IF(Q60="","agree","conflict")) | Q60: =IF(O60="both",TRIM(IF(I60<>"","price ","")&IF(K60<>"","xp ","")&IF(G60="differs","time","")),"") | R60: hayday.info (primary values) + Fandom (times, cross-check) | S60: https://hayday.fandom.com/wiki/Candy_Machine
A61: Honey Peanuts | B61: Candy Machine | C61: 63 | D61: 40 | E61: 34 | F61: 34 | G61: =IF(OR(F61="",AND(D61="",E61="")),"n/a",IF(F61=E61,"mastered",IF(F61=D61,"normal","differs"))) | H61: 540 | J61: 64 | L61: 268.23529 | M61: 112.94118 | N61: =IF(L61="","",IF(L61<0,"negative profit",IF(L61>Notes!$B$4,"unusually high - verify",""))) | O61: both | P61: =IF(O61<>"both",O61&" only",IF(Q61="","agree","conflict")) | Q61: =IF(O61="both",TRIM(IF(I61<>"","price ","")&IF(K61<>"","xp ","")&IF(G61="differs","time","")),"") | R61: hayday.info (primary values) + Fandom (times, cross-check) | S61: https://hayday.fandom.com/wiki/Candy_Machine
A62: Cotton Candy | B62: Candy Machine | C62: 75 | F62: 25 | G62: =IF(OR(F62="",AND(D62="",E62="")),"n/a",IF(F62=E62,"mastered",IF(F62=D62,"normal","differs"))) | H62: 226 | J62: 27 | L62: 61.176471 | M62: 63.529412 | N62: =IF(L62="","",IF(L62<0,"negative profit",IF(L62>Notes!$B$4,"unusually high - verify",""))) | O62: hayday.info | P62: =IF(O62<>"both",O62&" only",IF(Q62="","agree","conflict")) | Q62: =IF(O62="both",TRIM(IF(I62<>"","price ","")&IF(K62<>"","xp ","")&IF(G62="differs","time","")),"") | R62: hayday.info /api/production-data only
A63: Sesame Brittle | B63: Candy Machine | C63: 78 | D63: 60 | E63: 51 | F63: 51 | G63: =IF(OR(F63="",AND(D63="",E63="")),"n/a",IF(F63=E63,"mastered",IF(F63=D63,"normal","differs"))) | H63: 270 | J63: 32 | L63: 40 | M63: 37.647059 | N63: =IF(L63="","",IF(L63<0,"negative profit",IF(L63>Notes!$B$4,"unusually high - verify",""))) | O63: both | P63: =IF(O63<>"both",O63&" only",IF(Q63="","agree","conflict")) | Q63: =IF(O63="both",TRIM(IF(I63<>"","price ","")&IF(K63<>"","xp ","")&IF(G63="differs","time","")),"") | R63: hayday.info (primary values) + Fandom (times, cross-check) | S63: https://hayday.fandom.com/wiki/Candy_Machine
A64: Espresso | B64: Coffee Kiosk | C64: 42 | D64: 5 | E64: 4 | F64: 4 | G64: =IF(OR(F64="",AND(D64="",E64="")),"n/a",IF(F64=E64,"mastered",IF(F64=D64,"normal","differs"))) | H64: 248 | J64: 29 | L64: 84.705882 | M64: 409.41176 | N64: =IF(L64="","",IF(L64<0,"negative profit",IF(L64>Notes!$B$4,"unusually high - verify",""))) | O64: both | P64: =IF(O64<>"both",O64&" only",IF(Q64="","agree","conflict")) | Q64: =IF(O64="both",TRIM(IF(I64<>"","price ","")&IF(K64<>"","xp ","")&IF(G64="differs","time","")),"") | R64: hayday.info (primary values) + Fandom (times, cross-check) | S64: https://hayday.fandom.com/wiki/Coffee_Kiosk
A65: Caffè Latte | B65: Coffee Kiosk | C65: 43 | D65: 10 | E65: 8 | F65: 8 | G65: =IF(OR(F65="",AND(D65="",E65="")),"n/a",IF(F65=E65,"mastered",IF(F65=D65,"normal","differs"))) | H65: 219 | J65: 26 | L65: 63.529412 | M65: 183.52941 | N65: =IF(L65="","",IF(L65<0,"negative profit",IF(L65>Notes!$B$4,"unusually high - verify",""))) | O65: both | P65: =IF(O65<>"both",O65&" only",IF(Q65="","agree","conflict")) | Q65: =IF(O65="both",TRIM(IF(I65<>"","price ","")&IF(K65<>"","xp ","")&IF(G65="differs","time","")),"") | R65: hayday.info (primary values) + Fandom (times, cross-check) | S65: https://hayday.fandom.com/wiki/Coffee_Kiosk
A66: Caffè Mocha | B66: Coffee Kiosk | C66: 45 | D66: 15 | E66: 12 | F66: 12 | G66: =IF(OR(F66="",AND(D66="",E66="")),"n/a",IF(F66=E66,"mastered",IF(F66=D66,"normal","differs"))) | H66: 291 | J66: 35 | L66: 23.529412 | M66: 164.70588 | N66: =IF(L66="","",IF(L66<0,"negative profit",IF(L66>Notes!$B$4,"unusually high - verify",""))) | O66: both | P66: =IF(O66<>"both",O66&" only",IF(Q66="","agree","conflict")) | Q66: =IF(O66="both",TRIM(IF(I66<>"","price ","")&IF(K66<>"","xp ","")&IF(G66="differs","time","")),"") | R66: hayday.info (primary values) + Fandom (times, cross-check) | S66: https://hayday.fandom.com/wiki/Coffee_Kiosk
A67: Raspberry Mocha | B67: Coffee Kiosk | C67: 46 | D67: 30 | E67: 25 | F67: 25 | G67: =IF(OR(F67="",AND(D67="",E67="")),"n/a",IF(F67=E67,"mastered",IF(F67=D67,"normal","differs"))) | H67: 259 | J67: 31 | L67: 30.588235 | M67: 72.941176 | N67: =IF(L67="","",IF(L67<0,"negative profit",IF(L67>Notes!$B$4,"unusually high - verify",""))) | O67: both | P67: =IF(O67<>"both",O67&" only",IF(Q67="","agree","conflict")) | Q67: =IF(O67="both",TRIM(IF(I67<>"","price ","")&IF(K67<>"","xp ","")&IF(G67="differs","time","")),"") | R67: hayday.info (primary values) + Fandom (times, cross-check) | S67: https://hayday.fandom.com/wiki/Coffee_Kiosk
A68: Hot Chocolate | B68: Coffee Kiosk | C68: 47 | D68: 25 | E68: 21 | F68: 21 | G68: =IF(OR(F68="",AND(D68="",E68="")),"n/a",IF(F68=E68,"mastered",IF(F68=D68,"normal","differs"))) | H68: 316 | J68: 38 | K68: 32 | L68: 33.882353 | M68: 107.29412 | N68: =IF(L68="","",IF(L68<0,"negative profit",IF(L68>Notes!$B$4,"unusually high - verify",""))) | O68: both | P68: =IF(O68<>"both",O68&" only",IF(Q68="","agree","conflict")) | Q68: =IF(O68="both",TRIM(IF(I68<>"","price ","")&IF(K68<>"","xp ","")&IF(G68="differs","time","")),"") | R68: hayday.info (primary values) + Fandom (times, cross-check) | S68: https://hayday.fandom.com/wiki/Coffee_Kiosk
A69: Caramel Latte | B69: Coffee Kiosk | C69: 62 | D69: 15 | E69: 12 | F69: 12 | G69: =IF(OR(F69="",AND(D69="",E69="")),"n/a",IF(F69=E69,"mastered",IF(F69=D69,"normal","differs"))) | H69: 345 | J69: 41 | L69: 42.352941 | M69: 192.94118 | N69: =IF(L69="","",IF(L69<0,"negative profit",IF(L69>Notes!$B$4,"unusually high - verify",""))) | O69: both | P69: =IF(O69<>"both",O69&" only",IF(Q69="","agree","conflict")) | Q69: =IF(O69="both",TRIM(IF(I69<>"","price ","")&IF(K69<>"","xp ","")&IF(G69="differs","time","")),"") | R69: hayday.info (primary values) + Fandom (times, cross-check) | S69: https://hayday.fandom.com/wiki/Coffee_Kiosk
A70: Iced Banana Latte | B70: Coffee Kiosk | C70: 88 | D70: 20 | E70: 17 | F70: 17 | G70: =IF(OR(F70="",AND(D70="",E70="")),"n/a",IF(F70=E70,"mastered",IF(F70=D70,"normal","differs"))) | H70: 277 | J70: 33 | L70: 45.882353 | M70: 116.47059 | N70: =IF(L70="","",IF(L70<0,"negative profit",IF(L70>Notes!$B$4,"unusually high - verify",""))) | O70: both | P70: =IF(O70<>"both",O70&" only",IF(Q70="","agree","conflict")) | Q70: =IF(O70="both",TRIM(IF(I70<>"","price ","")&IF(K70<>"","xp ","")&IF(G70="differs","time","")),"") | R70: hayday.info (primary values) + Fandom (times, cross-check) | S70: https://hayday.fandom.com/wiki/Coffee_Kiosk
A71: Wheat | B71: Crops | C71: 1 | F71: 2 | G71: =IF(OR(F71="",AND(D71="",E71="")),"n/a",IF(F71=E71,"mastered",IF(F71=D71,"normal","differs"))) | H71: 3 | J71: 1 | L71: 90 | M71: 30 | N71: =IF(L71="","",IF(L71<0,"negative profit",IF(L71>Notes!$B$4,"unusually high - verify",""))) | O71: hayday.info | P71: =IF(O71<>"both",O71&" only",IF(Q71="","agree","conflict")) | Q71: =IF(O71="both",TRIM(IF(I71<>"","price ","")&IF(K71<>"","xp ","")&IF(G71="differs","time","")),"") | R71: hayday.info /api/production-data only
A72: Corn | B72: Crops | C72: 2 | F72: 5 | G72: =IF(OR(F72="",AND(D72="",E72="")),"n/a",IF(F72=E72,"mastered",IF(F72=D72,"normal","differs"))) | H72: 7 | J72: 1 | L72: 84 | M72: 12 | N72: =IF(L72="","",IF(L72<0,"negative profit",IF(L72>Notes!$B$4,"unusually high - verify",""))) | O72: hayday.info | P72: =IF(O72<>"both",O72&" only",IF(Q72="","agree","conflict")) | Q72: =IF(O72="both",TRIM(IF(I72<>"","price ","")&IF(K72<>"","xp ","")&IF(G72="differs","time","")),"") | R72: hayday.info /api/production-data only
A73: Soybean | B73: Crops | C73: 5 | F73: 20 | G73: =IF(OR(F73="",AND(D73="",E73="")),"n/a",IF(F73=E73,"mastered",IF(F73=D73,"normal","differs"))) | H73: 10 | J73: 2 | L73: 30 | M73: 6 | N73: =IF(L73="","",IF(L73<0,"negative profit",IF(L73>Notes!$B$4,"unusually high - verify",""))) | O73: hayday.info | P73: =IF(O73<>"both",O73&" only",IF(Q73="","agree","conflict")) | Q73: =IF(O73="both",TRIM(IF(I73<>"","price ","")&IF(K73<>"","xp ","")&IF(G73="differs","time","")),"") | R73: hayday.info /api/production-data only
A74: Sugarcane | B74: Crops | C74: 7 | F74: 30 | G74: =IF(OR(F74="",AND(D74="",E74="")),"n/a",IF(F74=E74,"mastered",IF(F74=D74,"normal","differs"))) | H74: 14 | J74: 3 | L74: 28 | M74: 6 | N74: =IF(L74="","",IF(L74<0,"negative profit",IF(L74>Notes!$B$4,"unusually high - verify",""))) | O74: hayday.info | P74: =IF(O74<>"both",O74&" only",IF(Q74="","agree","conflict")) | Q74: =IF(O74="both",TRIM(IF(I74<>"","price ","")&IF(K74<>"","xp ","")&IF(G74="differs","time","")),"") | R74: hayday.info /api/production-data only
A75: Carrot | B75: Crops | C75: 9 | F75: 10 | G75: =IF(OR(F75="",AND(D75="",E75="")),"n/a",IF(F75=E75,"mastered",IF(F75=D75,"normal","differs"))) | H75: 7 | J75: 2 | L75: 42 | M75: 12 | N75: =IF(L75="","",IF(L75<0,"negative profit",IF(L75>Notes!$B$4,"unusually high - verify",""))) | O75: hayday.info | P75: =IF(O75<>"both",O75&" only",IF(Q75="","agree","conflict")) | Q75: =IF(O75="both",TRIM(IF(I75<>"","price ","")&IF(K75<>"","xp ","")&IF(G75="differs","time","")),"") | R75: hayday.info /api/production-data only
A76: Indigo | B76: Crops | C76: 13 | F76: 120 | G76: =IF(OR(F76="",AND(D76="",E76="")),"n/a",IF(F76=E76,"mastered",IF(F76=D76,"normal","differs"))) | H76: 25 | J76: 5 | L76: 12.5 | M76: 2.5 | N76: =IF(L76="","",IF(L76<0,"negative profit",IF(L76>Notes!$B$4,"unusually high - verify",""))) | O76: hayday.info | P76: =IF(O76<>"both",O76&" only",IF(Q76="","agree","conflict")) | Q76: =IF(O76="both",TRIM(IF(I76<>"","price ","")&IF(K76<>"","xp ","")&IF(G76="differs","time","")),"") | R76: hayday.info /api/production-data only
A77: Pumpkin | B77: Crops | C77: 15 | F77: 180 | G77: =IF(OR(F77="",AND(D77="",E77="")),"n/a",IF(F77=E77,"mastered",IF(F77=D77,"normal","differs"))) | H77: 32 | J77: 6 | L77: 10.666667 | M77: 2 | N77: =IF(L77="","",IF(L77<0,"negative profit",IF(L77>Notes!$B$4,"unusually high - verify",""))) | O77: hayday.info | P77: =IF(O77<>"both",O77&" only",IF(Q77="","agree","conflict")) | Q77: =IF(O77="both",TRIM(IF(I77<>"","price ","")&IF(K77<>"","xp ","")&IF(G77="differs","time","")),"") | R77: hayday.info /api/production-data only
A78: Cotton | B78: Crops | C78: 18 | F78: 150 | G78: =IF(OR(F78="",AND(D78="",E78="")),"n/a",IF(F78=E78,"mastered",IF(F78=D78,"normal","differs"))) | H78: 28 | J78: 6 | L78: 11.2 | M78: 2.4 | N78: =IF(L78="","",IF(L78<0,"negative profit",IF(L78>Notes!$B$4,"unusually high - verify",""))) | O78: hayday.info | P78: =IF(O78<>"both",O78&" only",IF(Q78="","agree","conflict")) | Q78: =IF(O78="both",TRIM(IF(I78<>"","price ","")&IF(K78<>"","xp ","")&IF(G78="differs","time","")),"") | R78: hayday.info /api/production-data only
A79: Chili Pepper | B79: Crops | C79: 25 | F79: 240 | G79: =IF(OR(F79="",AND(D79="",E79="")),"n/a",IF(F79=E79,"mastered",IF(F79=D79,"normal","differs"))) | H79: 36 | J79: 4 | L79: 9 | M79: 1 | N79: =IF(L79="","",IF(L79<0,"negative profit",IF(L79>Notes!$B$4,"unusually high - verify",""))) | O79: hayday.info | P79: =IF(O79<>"both",O79&" only",IF(Q79="","agree","conflict")) | Q79: =IF(O79="both",TRIM(IF(I79<>"","price ","")&IF(K79<>"","xp ","")&IF(G79="differs","time","")),"") | R79: hayday.info /api/production-data only
A80: Tomato | B80: Crops | C80: 30 | F80: 360 | G80: =IF(OR(F80="",AND(D80="",E80="")),"n/a",IF(F80=E80,"mastered",IF(F80=D80,"normal","differs"))) | H80: 43 | J80: 8 | L80: 7.1666667 | M80: 1.3333333 | N80: =IF(L80="","",IF(L80<0,"negative profit",IF(L80>Notes!$B$4,"unusually high - verify",""))) | O80: hayday.info | P80: =IF(O80<>"both",O80&" only",IF(Q80="","agree","conflict")) | Q80: =IF(O80="both",TRIM(IF(I80<>"","price ","")&IF(K80<>"","xp ","")&IF(G80="differs","time","")),"") | R80: hayday.info /api/production-data only
A81: Strawberry | B81: Crops | C81: 34 | F81: 480 | G81: =IF(OR(F81="",AND(D81="",E81="")),"n/a",IF(F81=E81,"mastered",IF(F81=D81,"normal","differs"))) | H81: 50 | J81: 10 | L81: 6.25 | M81: 1.25 | N81: =IF(L81="","",IF(L81<0,"negative profit",IF(L81>Notes!$B$4,"unusually high - verify",""))) | O81: hayday.info | P81: =IF(O81<>"both",O81&" only",IF(Q81="","agree","conflict")) | Q81: =IF(O81="both",TRIM(IF(I81<>"","price ","")&IF(K81<>"","xp ","")&IF(G81="differs","time","")),"") | R81: hayday.info /api/production-data only
A82: Potato | B82: Crops | C82: 35 | F82: 220 | G82: =IF(OR(F82="",AND(D82="",E82="")),"n/a",IF(F82=E82,"mastered",IF(F82=D82,"normal","differs"))) | H82: 36 | J82: 7 | L82: 9.8181818 | M82: 1.9090909 | N82: =IF(L82="","",IF(L82<0,"negative profit",IF(L82>Notes!$B$4,"unusually high - verify",""))) | O82: hayday.info | P82: =IF(O82<>"both",O82&" only",IF(Q82="","agree","conflict")) | Q82: =IF(O82="both",TRIM(IF(I82<>"","price ","")&IF(K82<>"","xp ","")&IF(G82="differs","time","")),"") | R82: hayday.info /api/production-data only
... A110: Cookie Cupcake | B110: Cupcake Maker | C110: 114 | F110: 120 | G110: =IF(OR(F110="",AND(D110="",E110="")),"n/a",IF(F110=E110,"mastered",IF(F110=D110,"normal","differs"))) | H110: 712 | J110: 85 | L110: 69 | M110: 42.5 | N110: =IF(L110="","",IF(L110<0,"negative profit",IF(L110>Notes!$B$4,"unusually high - verify",""))) | O110: hayday.info | P110: =IF(O110<>"both",O110&" only",IF(Q110="","agree","conflict")) | Q110: =IF(O110="both",TRIM(IF(I110<>"","price ","")&IF(K110<>"","xp ","")&IF(G110="differs","time","")),"") | R110: hayday.info /api/production-data only
A111: Cream | B111: Dairy | C111: 6 | D111: 20 | E111: 17 | F111: 17 | G111: =IF(OR(F111="",AND(D111="",E111="")),"n/a",IF(F111=E111,"mastered",IF(F111=D111,"normal","differs"))) | H111: 50 | J111: 6 | L111: 63.529412 | M111: 21.176471 | N111: =IF(L111="","",IF(L111<0,"negative profit",IF(L111>Notes!$B$4,"unusually high - verify",""))) | O111: both | P111: =IF(O111<>"both",O111&" only",IF(Q111="","agree","conflict")) | Q111: =IF(O111="both",TRIM(IF(I111<>"","price ","")&IF(K111<>"","xp ","")&IF(G111="differs","time","")),"") | R111: hayday.info (primary values) + Fandom (times, cross-check) | S111: https://hayday.fandom.com/wiki/Dairy
A112: Butter | B112: Dairy | C112: 9 | D112: 30 | E112: 25 | F112: 25 | G112: =IF(OR(F112="",AND(D112="",E112="")),"n/a",IF(F112=E112,"mastered",IF(F112=D112,"normal","differs"))) | H112: 82 | J112: 10 | L112: 42.352941 | M112: 23.529412 | N112: =IF(L112="","",IF(L112<0,"negative profit",IF(L112>Notes!$B$4,"unusually high - verify",""))) | O112: both | P112: =IF(O112<>"both",O112&" only",IF(Q112="","agree","conflict")) | Q112: =IF(O112="both",TRIM(IF(I112<>"","price ","")&IF(K112<>"","xp ","")&IF(G112="differs","time","")),"") | R112: hayday.info (primary values) + Fandom (times, cross-check) | S112: https://hayday.fandom.com/wiki/Dairy
A113: Cheese | B113: Dairy | C113: 12 | D113: 60 | E113: 51 | F113: 51 | G113: =IF(OR(F113="",AND(D113="",E113="")),"n/a",IF(F113=E113,"mastered",IF(F113=D113,"normal","differs"))) | H113: 122 | J113: 15 | L113: 30.588235 | M113: 17.647059 | N113: =IF(L113="","",IF(L113<0,"negative profit",IF(L113>Notes!$B$4,"unusually high - verify",""))) | O113: both | P113: =IF(O113<>"both",O113&" only",IF(Q113="","agree","conflict")) | Q113: =IF(O113="both",TRIM(IF(I113<>"","price ","")&IF(K113<>"","xp ","")&IF(G113="differs","time","")),"") | R113: hayday.info (primary values) + Fandom (times, cross-check) | S113: https://hayday.fandom.com/wiki/Dairy
A114: Goat Cheese | B114: Dairy | C114: 33 | D114: 90 | E114: 76 | F114: 76 | G114: =IF(OR(F114="",AND(D114="",E114="")),"n/a",IF(F114=E114,"mastered",IF(F114=D114,"normal","differs"))) | H114: 162 | J114: 19 | L114: 26.666667 | M114: 14.901961 | N114: =IF(L114="","",IF(L114<0,"negative profit",IF(L114>Notes!$B$4,"unusually high - verify",""))) | O114: both | P114: =IF(O114<>"both",O114&" only",IF(Q114="","agree","conflict")) | Q114: =IF(O114="both",TRIM(IF(I114<>"","price ","")&IF(K114<>"","xp ","")&IF(G114="differs","time","")),"") | R114: hayday.info (primary values) + Fandom (times, cross-check) | S114: https://hayday.fandom.com/wiki/Dairy
A115: Bacon Fries | B115: Deep Fryer | C115: 87 | F115: 21 | G115: =IF(OR(F115="",AND(D115="",E115="")),"n/a",IF(F115=E115,"mastered",IF(F115=D115,"normal","differs"))) | H115: 302 | J115: 36 | L115: 22.588235 | M115: 101.64706 | N115: =IF(L115="","",IF(L115<0,"negative profit",IF(L115>Notes!$B$4,"unusually high - verify",""))) | O115: hayday.info | P115: =IF(O115<>"both",O115&" only",IF(Q115="","agree","conflict")) | Q115: =IF(O115="both",TRIM(IF(I115<>"","price ","")&IF(K115<>"","xp ","")&IF(G115="differs","time","")),"") | R115: hayday.info /api/production-data only
A116: Hand Pies | B116: Deep Fryer | C116: 91 | F116: 17 | G116: =IF(OR(F116="",AND(D116="",E116="")),"n/a",IF(F116=E116,"mastered",IF(F116=D116,"normal","differs"))) | H116: 295 | J116: 35 | L116: 88.235294 | M116: 123.52941 | N116: =IF(L116="","",IF(L116<0,"negative profit",IF(L116>Notes!$B$4,"unusually high - verify",""))) | O116: hayday.info | P116: =IF(O116<>"both",O116&" only",IF(Q116="","agree","conflict")) | Q116: =IF(O116="both",TRIM(IF(I116<>"","price ","")&IF(K116<>"","xp ","")&IF(G116="differs","time","")),"") | R116: hayday.info /api/production-data only
A117: Chili Poppers | B117: Deep Fryer | C117: 98 | F117: 34 | G117: =IF(OR(F117="",AND(D117="",E117="")),"n/a",IF(F117=E117,"mastered",IF(F117=D117,"normal","differs"))) | H117: 406 | J117: 48 | L117: 40.588235 | M117: 84.705882 | N117: =IF(L117="","",IF(L117<0,"negative profit",IF(L117>Notes!$B$4,"unusually high - verify",""))) | O117: hayday.info | P117: =IF(O117<>"both",O117&" only",IF(Q117="","agree","conflict")) | Q117: =IF(O117="both",TRIM(IF(I117<>"","price ","")&IF(K117<>"","xp ","")&IF(G117="differs","time","")),"") | R117: hayday.info /api/production-data only
A118: Falafel | B118: Deep Fryer | C118: 98 | F118: 46 | G118: =IF(OR(F118="",AND(D118="",E118="")),"n/a",IF(F118=E118,"mastered",IF(F118=D118,"normal","differs"))) | H118: 226 | J118: 27 | L118: 38.502674 | M118: 34.652406 | N118: =IF(L118="","",IF(L118<0,"negative profit",IF(L118>Notes!$B$4,"unusually high - verify",""))) | O118: hayday.info | P118: =IF(O118<>"both",O118&" only",IF(Q118="","agree","conflict")) | Q118: =IF(O118="both",TRIM(IF(I118<>"","price ","")&IF(K118<>"","xp ","")&IF(G118="differs","time","")),"") | R118: hayday.info /api/production-data only
A119: Fried Candy Bar | B119: Deep Fryer | C119: 100 | F119: 12 | G119: =IF(OR(F119="",AND(D119="",E119="")),"n/a",IF(F119=E119,"mastered",IF(F119=D119,"normal","differs"))) | H119: 658 | J119: 87 | L119: 291.76471 | M119: 409.41176 | N119: =IF(L119="","",IF(L119<0,"negative profit",IF(L119>Notes!$B$4,"unusually high - verify",""))) | O119: hayday.info | P119: =IF(O119<>"both",O119&" only",IF(Q119="","agree","conflict")) | Q119: =IF(O119="both",TRIM(IF(I119<>"","price ","")&IF(K119<>"","xp ","")&IF(G119="differs","time","")),"") | R119: hayday.info /api/production-data only
A120: Samosa | B120: Deep Fryer | C120: 103 | F120: 63 | G120: =IF(OR(F120="",AND(D120="",E120="")),"n/a",IF(F120=E120,"mastered",IF(F120=D120,"normal","differs"))) | H120: 223 | J120: 27 | L120: 29.176471 | M120: 25.411765 | N120: =IF(L120="","",IF(L120<0,"negative profit",IF(L120>Notes!$B$4,"unusually high - verify",""))) | O120: hayday.info | P120: =IF(O120<>"both",O120&" only",IF(Q120="","agree","conflict")) | Q120: =IF(O120="both",TRIM(IF(I120<>"","price ","")&IF(K120<>"","xp ","")&IF(G120="differs","time","")),"") | R120: hayday.info /api/production-data only
A121: Plain Donut | B121: Donut Maker | C121: 76 | D121: 15 | E121: 12 | F121: 12 | G121: =IF(OR(F121="",AND(D121="",E121="")),"n/a",IF(F121=E121,"mastered",IF(F121=D121,"normal","differs"))) | H121: 129 | J121: 15 | L121: 94.117647 | M121: 70.588235 | N121: =IF(L121="","",IF(L121<0,"negative profit",IF(L121>Notes!$B$4,"unusually high - verify",""))) | O121: both | P121: =IF(O121<>"both",O121&" only",IF(Q121="","agree","conflict")) | Q121: =IF(O121="both",TRIM(IF(I121<>"","price ","")&IF(K121<>"","xp ","")&IF(G121="differs","time","")),"") | R121: hayday.info (primary values) + Fandom (times, cross-check) | S121: https://hayday.fandom.com/wiki/Donut_Maker
A122: Sprinkled Donut | B122: Donut Maker | C122: 79 | D122: 20 | E122: 17 | F122: 17 | G122: =IF(OR(F122="",AND(D122="",E122="")),"n/a",IF(F122=E122,"mastered",IF(F122=D122,"normal","differs"))) | H122: 313 | J122: 37 | L122: 42.352941 | M122: 130.58824 | N122: =IF(L122="","",IF(L122<0,"negative profit",IF(L122>Notes!$B$4,"unusually high - verify",""))) | O122: both | P122: =IF(O122<>"both",O122&" only",IF(Q122="","agree","conflict")) | Q122: =IF(O122="both",TRIM(IF(I122<>"","price ","")&IF(K122<>"","xp ","")&IF(G122="differs","time","")),"") | R122: hayday.info (primary values) + Fandom (times, cross-check) | S122: https://hayday.fandom.com/wiki/Donut_Maker
A123: Crunchy Donut | B123: Donut Maker | C123: 82 | D123: 30 | E123: 25 | F123: 25 | G123: =IF(OR(F123="",AND(D123="",E123="")),"n/a",IF(F123=E123,"mastered",IF(F123=D123,"normal","differs"))) | H123: 594 | J123: 71 | L123: 341.17647 | M123: 167.05882 | N123: =IF(L123="","",IF(L123<0,"negative profit",IF(L123>Notes!$B$4,"unusually high - verify",""))) | O123: both | P123: =IF(O123<>"both",O123&" only",IF(Q123="","agree","conflict")) | Q123: =IF(O123="both",TRIM(IF(I123<>"","price ","")&IF(K123<>"","xp ","")&IF(G123="differs","time","")),"") | R123: hayday.info (primary values) + Fandom (times, cross-check) | S123: https://hayday.fandom.com/wiki/Donut_Maker
A124: Cream Donut | B124: Donut Maker | C124: 86 | D124: 25 | E124: 21 | F124: 21 | G124: =IF(OR(F124="",AND(D124="",E124="")),"n/a",IF(F124=E124,"mastered",IF(F124=D124,"normal","differs"))) | H124: 230 | J124: 27 | L124: 53.647059 | M124: 76.235294 | N124: =IF(L124="","",IF(L124<0,"negative profit",IF(L124>Notes!$B$4,"unusually high - verify",""))) | O124: both | P124: =IF(O124<>"both",O124&" only",IF(Q124="","agree","conflict")) | Q124: =IF(O124="both",TRIM(IF(I124<>"","price ","")&IF(K124<>"","xp ","")&IF(G124="differs","time","")),"") | R124: hayday.info (primary values) + Fandom (times, cross-check) | S124: https://hayday.fandom.com/wiki/Donut_Maker
A125: Bacon Donut | B125: Donut Maker | C125: 88 | D125: 30 | E125: 25 | F125: 25 | G125: =IF(OR(F125="",AND(D125="",E125="")),"n/a",IF(F125=E125,"mastered",IF(F125=D125,"normal","differs"))) | H125: 388 | J125: 46 | L125: 44.705882 | M125: 108.23529 | N125: =IF(L125="","",IF(L125<0,"negative profit",IF(L125>Notes!$B$4,"unusually high - verify",""))) | O125: both | P125: =IF(O125<>"both",O125&" only",IF(Q125="","agree","conflict")) | Q125: =IF(O125="both",TRIM(IF(I125<>"","price ","")&IF(K125<>"","xp ","")&IF(G125="differs","time","")),"") | R125: hayday.info (primary values) + Fandom (times, cross-check) | S125: https://hayday.fandom.com/wiki/Donut_Maker
A126: Filled Donut | B126: Donut Maker | C126: 93 | D126: 35 | E126: 29 | F126: 29 | G126: =IF(OR(F126="",AND(D126="",E126="")),"n/a",IF(F126=E126,"mastered",IF(F126=D126,"normal","differs"))) | H126: 403 | J126: 48 | L126: 44.369748 | M126: 96.806723 | N126: =IF(L126="","",IF(L126<0,"negative profit",IF(L126>Notes!$B$4,"unusually high - verify",""))) | O126: both | P126: =IF(O126<>"both",O126&" only",IF(Q126="","agree","conflict")) | Q126: =IF(O126="both",TRIM(IF(I126<>"","price ","")&IF(K126<>"","xp ","")&IF(G126="differs","time","")),"") | R126: hayday.info (primary values) + Fandom (times, cross-check) | S126: https://hayday.fandom.com/wiki/Donut_Maker
A127: Duck Feather | B127: Duck Salon | C127: 50 | D127: 180 | F127: 180 | G127: =IF(OR(F127="",AND(D127="",E127="")),"n/a",IF(F127=E127,"mastered",IF(F127=D127,"normal","differs"))) | H127: 140 | J127: 17 | L127: 46.666667 | M127: 5.6666667 | N127: =IF(L127="","",IF(L127<0,"negative profit",IF(L127>Notes!$B$4,"unusually high - verify",""))) | O127: both | P127: =IF(O127<>"both",O127&" only",IF(Q127="","agree","conflict")) | Q127: =IF(O127="both",TRIM(IF(I127<>"","price ","")&IF(K127<>"","xp ","")&IF(G127="differs","time","")),"") | R127: hayday.info (primary values) + Fandom (times, cross-check) | S127: https://hayday.fandom.com/wiki/Duck_Salon
A128: Chicken Feed | B128: Feed Mill | C128: 3 | D128: 5 | E128: 4 | F128: 4 | G128: =IF(OR(F128="",AND(D128="",E128="")),"n/a",IF(F128=E128,"mastered",IF(F128=D128,"normal","differs"))) | H128: 7 | J128: 1 | L128: 112.94118 | M128: 14.117647 | N128: =IF(L128="","",IF(L128<0,"negative profit",IF(L128>Notes!$B$4,"unusually high - verify",""))) | O128: both | P128: =IF(O128<>"both",O128&" only",IF(Q128="","agree","conflict")) | Q128: =IF(O128="both",TRIM(IF(I128<>"","price ","")&IF(K128<>"","xp ","")&IF(G128="differs","time","")),"") | R128: hayday.info (primary values) + Fandom (times, cross-check) | S128: https://hayday.fandom.com/wiki/Feed_Mill
A129: Cow Feed | B129: Feed Mill | C129: 6 | D129: 10 | E129: 8 | F129: 8 | G129: =IF(OR(F129="",AND(D129="",E129="")),"n/a",IF(F129=E129,"mastered",IF(F129=D129,"normal","differs"))) | H129: 14 | J129: 2 | L129: 105.88235 | M129: 14.117647 | N129: =IF(L129="","",IF(L129<0,"negative profit",IF(L129>Notes!$B$4,"unusually high - verify",""))) | O129: both | P129: =IF(O129<>"both",O129&" only",IF(Q129="","agree","conflict")) | Q129: =IF(O129="both",TRIM(IF(I129<>"","price ","")&IF(K129<>"","xp ","")&IF(G129="differs","time","")),"") | R129: hayday.info (primary values) + Fandom (times, cross-check) | S129: https://hayday.fandom.com/wiki/Feed_Mill
A130: Pig Feed | B130: Feed Mill | C130: 10 | D130: 20 | E130: 17 | F130: 17 | G130: =IF(OR(F130="",AND(D130="",E130="")),"n/a",IF(F130=E130,"mastered",IF(F130=D130,"normal","differs"))) | H130: 14 | J130: 2 | L130: 63.529412 | M130: 7.0588235 | N130: =IF(L130="","",IF(L130<0,"negative profit",IF(L130>Notes!$B$4,"unusually high - verify",""))) | O130: both | P130: =IF(O130<>"both",O130&" only",IF(Q130="","agree","conflict")) | Q130: =IF(O130="both",TRIM(IF(I130<>"","price ","")&IF(K130<>"","xp ","")&IF(G130="differs","time","")),"") | R130: hayday.info (primary values) + Fandom (times, cross-check) | S130: https://hayday.fandom.com/wiki/Feed_Mill
A131: Sheep Feed | B131: Feed Mill | C131: 16 | D131: 30 | E131: 25 | F131: 25 | G131: =IF(OR(F131="",AND(D131="",E131="")),"n/a",IF(F131=E131,"mastered",IF(F131=D131,"normal","differs"))) | H131: 14 | J131: 3 | L131: 54.117647 | M131: 7.0588235 | N131: =IF(L131="","",IF(L131<0,"negative profit",IF(L131>Notes!$B$4,"unusually high - verify",""))) | O131: both | P131: =IF(O131<>"both",O131&" only",IF(Q131="","agree","conflict")) | Q131: =IF(O131="both",TRIM(IF(I131<>"","price ","")&IF(K131<>"","xp ","")&IF(G131="differs","time","")),"") | R131: hayday.info (primary values) + Fandom (times, cross-check) | S131: https://hayday.fandom.com/wiki/Feed_Mill
A132: Goat Feed | B132: Feed Mill | C132: 32 | D132: 40 | E132: 34 | F132: 34 | G132: =IF(OR(F132="",AND(D132="",E132="")),"n/a",IF(F132=E132,"mastered",IF(F132=D132,"normal","differs"))) | H132: 14 | J132: 3 | L132: 31.764706 | M132: 5.2941176 | N132: =IF(L132="","",IF(L132<0,"negative profit",IF(L132>Notes!$B$4,"unusually high - verify",""))) | O132: both | P132: =IF(O132<>"both",O132&" only",IF(Q132="","agree","conflict")) | Q132: =IF(O132="both",TRIM(IF(I132<>"","price ","")&IF(K132<>"","xp ","")&IF(G132="differs","time","")),"") | R132: hayday.info (primary values) + Fandom (times, cross-check) | S132: https://hayday.fandom.com/wiki/Feed_Mill
A133: Meat Bucket | B133: Feed Mill | C133: 34 | F133: 38 | G133: =IF(OR(F133="",AND(D133="",E133="")),"n/a",IF(F133=E133,"mastered",IF(F133=D133,"normal","differs"))) | H133: 72 | J133: 15 | L133: 29.803922 | M133: 23.529412 | N133: =IF(L133="","",IF(L133<0,"negative profit",IF(L133>Notes!$B$4,"unusually high - verify",""))) | O133: hayday.info | P133: =IF(O133<>"both",O133&" only",IF(Q133="","agree","conflict")) | Q133: =IF(O133="both",TRIM(IF(I133<>"","price ","")&IF(K133<>"","xp ","")&IF(G133="differs","time","")),"") | R133: hayday.info /api/production-data only
A134: Wheat Bundle | B134: Feed Mill | C134: 34 | D134: 85 | E134: 76 | F134: 76 | G134: =IF(OR(F134="",AND(D134="",E134="")),"n/a",IF(F134=E134,"mastered",IF(F134=D134,"normal","differs"))) | H134: 50 | J134: 10 | L134: -58.823529 | M134: 7.8431373 | N134: =IF(L134="","",IF(L134<0,"negative profit",IF(L134>Notes!$B$4,"unusually high - verify",""))) | O134: both | P134: =IF(O134<>"both",O134&" only",IF(Q134="","agree","conflict")) | Q134: =IF(O134="both",TRIM(IF(I134<>"","price ","")&IF(K134<>"","xp ","")&IF(G134="differs","time","")),"") | R134: hayday.info (primary values) + Fandom (times, cross-check) | S134: https://hayday.fandom.com/wiki/Feed_Mill
A135: Rustic Bouquet | B135: Flower Shop | C135: 49 | D135: 45 | E135: 38 | F135: 38 | G135: =IF(OR(F135="",AND(D135="",E135="")),"n/a",IF(F135=E135,"mastered",IF(F135=D135,"normal","differs"))) | H135: 208 | J135: 25 | L135: 53.333333 | M135: 39.215686 | N135: =IF(L135="","",IF(L135<0,"negative profit",IF(L135>Notes!$B$4,"unusually high - verify",""))) | O135: both | P135: =IF(O135<>"both",O135&" only",IF(Q135="","agree","conflict")) | Q135: =IF(O135="both",TRIM(IF(I135<>"","price ","")&IF(K135<>"","xp ","")&IF(G135="differs","time","")),"") | R135: hayday.info (primary values) + Fandom (times, cross-check) | S135: https://hayday.fandom.com/wiki/Flower_Shop
A136: Bright Bouquet | B136: Flower Shop | C136: 65 | D136: 20 | E136: 17 | F136: 17 | G136: =IF(OR(F136="",AND(D136="",E136="")),"n/a",IF(F136=E136,"mastered",IF(F136=D136,"normal","differs"))) | H136: 338 | J136: 40 | L136: 458.82353 | M136: 141.17647 | N136: =IF(L136="","",IF(L136<0,"negative profit",IF(L136>Notes!$B$4,"unusually high - verify",""))) | O136: both | P136: =IF(O136<>"both",O136&" only",IF(Q136="","agree","conflict")) | Q136: =IF(O136="both",TRIM(IF(I136<>"","price ","")&IF(K136<>"","xp ","")&IF(G136="differs","time","")),"") | R136: hayday.info (primary values) + Fandom (times, cross-check) | S136: https://hayday.fandom.com/wiki/Flower_Shop
A137: Gracious Bouquet | B137: Flower Shop | C137: 73 | D137: 40 | E137: 34 | F137: 34 | G137: =IF(OR(F137="",AND(D137="",E137="")),"n/a",IF(F137=E137,"mastered",IF(F137=D137,"normal","differs"))) | H137: 500 | J137: 60 | L137: 469.41176 | M137: 105.88235 | N137: =IF(L137="","",IF(L137<0,"negative profit",IF(L137>Notes!$B$4,"unusually high - verify",""))) | O137: both | P137: =IF(O137<>"both",O137&" only",IF(Q137="","agree","conflict")) | Q137: =IF(O137="both",TRIM(IF(I137<>"","price ","")&IF(K137<>"","xp ","")&IF(G137="differs","time","")),"") | R137: hayday.info (primary values) + Fandom (times, cross-check) | S137: https://hayday.fandom.com/wiki/Flower_Shop
...

Sheet hayday_info
A1: Product | B1: Machine | C1: Level | D1: Time (min) | E1: Sell price | F1: XP | G1: Profit/hr (site) | H1: XP/hr (site) | I1: Flag | J1: Source
A2: Egg | B2: Animal Products | C2: 1 | D2: 20 | E2: 18 | F2: 2 | G2: 33 | H2: 6 | I2: =IF(G2<0,"negative profit",IF(G2>Notes!$B$4,"unusually high - verify","")) | J2: hayday.info /api/production-data (https://hayday.info/api/production-data)
A3: Milk | B3: Animal Products | C3: 6 | D3: 60 | E3: 32 | F3: 3 | G3: 18 | H3: 3 | I3: =IF(G3<0,"negative profit",IF(G3>Notes!$B$4,"unusually high - verify","")) | J3: hayday.info /api/production-data (https://hayday.info/api/production-data)
A4: Bacon | B4: Animal Products | C4: 10 | D4: 240 | E4: 50 | F4: 5 | G4: -2.5 | H4: 1.25 | I4: =IF(G4<0,"negative profit",IF(G4>Notes!$B$4,"unusually high - verify","")) | J4: hayday.info /api/production-data (https://hayday.info/api/production-data)
A5: Wool | B5: Animal Products | C5: 16 | D5: 360 | E5: 54 | F5: 5 | G5: -0.83333333 | H5: 0.83333333 | I5: =IF(G5<0,"negative profit",IF(G5>Notes!$B$4,"unusually high - verify","")) | J5: hayday.info /api/production-data (https://hayday.info/api/production-data)
A6: Goat milk | B6: Animal Products | C6: 32 | D6: 480 | E6: 64 | F6: 6 | G6: -1.25 | H6: 0.75 | I6: =IF(G6<0,"negative profit",IF(G6>Notes!$B$4,"unusually high - verify","")) | J6: hayday.info /api/production-data (https://hayday.info/api/production-data)
A7: Bread | B7: Bakery | C7: 2 | D7: 4 | E7: 21 | F7: 3 | G7: 169.41176 | H7: 42.352941 | I7: =IF(G7<0,"negative profit",IF(G7>Notes!$B$4,"unusually high - verify","")) | J7: hayday.info /api/production-data (https://hayday.info/api/production-data)
A8: Corn bread | B8: Bakery | C8: 7 | D8: 25 | E8: 72 | F8: 8 | G8: 51.764706 | H8: 18.823529 | I8: =IF(G8<0,"negative profit",IF(G8>Notes!$B$4,"unusually high - verify","")) | J8: hayday.info /api/production-data (https://hayday.info/api/production-data)
A9: Cookie | B9: Bakery | C9: 10 | D9: 51 | E9: 104 | F9: 13 | G9: 35.294118 | H9: 15.294118 | I9: =IF(G9<0,"negative profit",IF(G9>Notes!$B$4,"unusually high - verify","")) | J9: hayday.info /api/production-data (https://hayday.info/api/production-data)
A10: Raspberry muffin | B10: Bakery | C10: 19 | D10: 38 | E10: 140 | F10: 17 | G10: 37.647059 | H10: 26.666667 | I10: =IF(G10<0,"negative profit",IF(G10>Notes!$B$4,"unusually high - verify","")) | J10: hayday.info /api/production-data (https://hayday.info/api/production-data)
